,SHAP_OX_01,SHAP_TEMP_01,SHAP_HUM_01,SHAP_TEMP_05,SHAP_WS_01,SHAP_TEMP_04,SHAP_TEMP_06,SHAP_WS_02,SHAP_OX_03,SHAP_OX_15,SHAP_OX_16,SHAP_TEMP_03,SHAP_TEMP_11,SHAP_OX_14,SHAP_TEMP_12,SHAP_WD_11,SHAP_SPM_02,SHAP_TEMP_07,SHAP_SPM_01,SHAP_TEMP_19,SHAP_THC_06,SHAP_OX_20,SHAP_NO2_17,SHAP_TEMP_17,SHAP_OX_04,SHAP_WS_17,SHAP_HUM_21,SHAP_CH4_06,SHAP_PM25_19,SHAP_OX_19
2019-04-19 12:00:00,-3.3341488361358635,-14.41536569595337,0.7467818975448608,4.927939081192017,1.7397101044654846,2.089818400144577,3.366885520517826,0.2611292347311973,0.6163584426045419,0.9860299542546272,1.1176546111702919,0.7688315585255623,0.386753249168396,0.7889693791046738,0.3895061433315277,-0.522950428724289,-0.5315589398145676,2.9890381097793575,-0.574525985121727,-2.058123522996903,-0.20783455334603787,1.5818028688430785,1.0384780645370484,0.42377433106303214,-0.775092950463295,1.0444916322827342,-0.5971121419221163,-0.139238815754652,-0.7347068637609483,0.7401843309402466
2019-04-19 13:00:00,1.6105568408966064,-10.635708141326905,1.9481516957283023,4.220078849792481,0.6186329573392868,1.6191102534532547,2.453838451951742,0.5631404787302017,-0.5711977064609528,0.9341384828090668,0.629332049190998,0.6714853428304195,0.4009972095489502,0.7556320914998651,0.3869988262653351,-0.8720554530620575,-0.5957406982779503,2.4872825503349305,-0.6970754235982894,-2.6502808034420013,-0.21766906641423706,1.3560865283012389,-0.04401756357401608,0.4569399982690811,-0.8472751408815384,1.0444916322827342,-0.45869398564100267,-0.20373896062374114,-0.3835511192679405,0.4995723307132721
2019-04-19 14:00:00,3.0233302354812617,-9.690792655944824,1.9481516957283023,3.1582876324653624,0.6186329573392868,1.4622075289487841,2.054380314797163,-0.04088207548484203,-1.5608278155326842,0.8822470441460609,0.5595717288553714,0.4211666163057089,0.40811907649040224,0.18889809101819993,0.4020426720380783,0.43708865344524384,-0.7241041347384453,1.684473317861557,-0.6970754235982894,-3.0121544897556305,-0.24225524067878723,0.22750483006238936,-0.47701580822467804,0.4853676587343216,-0.9435180246829986,0.5222236290574074,-0.20954125076532365,-0.268239102512598,-0.6469179034233093,0.45144995748996736
2019-04-19 15:00:00,3.0233302354812617,-10.950679302215576,2.398665380477906,2.804357302188873,1.5528639078140258,1.0587432488799096,1.4551933258771896,-0.04088207548484203,-2.2535689830780026,9.278301149607052e-05,0.4898113001137972,0.08740827720612285,0.4247371256351471,0.15556081458926202,0.4095646560192108,0.26253609806299205,-0.7241041347384453,1.3332445204257963,-0.574525985121727,-3.2424378514289858,-0.2520896710455417,0.001788475364446665,-0.6935148239135743,0.5090572327375413,-1.0237205564975738,0.44187464416027067,0.26108061112463476,-0.2843641370534897,-0.910284698009491,0.45144995748996736
2019-04-22 11:00:00,-11.104400730133056,-14.41536569595337,-0.15424546096473934,5.07962350845337,1.7397101044654846,2.000159865617752,3.1956894479691975,0.7644814133644103,2.100803625583649,1.037921351194382,0.8386131353676319,0.7827382311224937,0.35589157193899157,0.6889575570821762,0.3569112688302994,0.5243649750947952,-0.01810505141183965,2.336755782365799,-0.14560304805636404,-1.8607376307249068,-0.2520896710455417,1.1303702116012573,-1.7760103344917297,0.4095604643225671,-0.6628094807267189,0.5623980432748794,0.03961149372626095,-0.2198639951646328,1.1966497004032137,0.7241434425115585
2019-04-22 12:00:00,-4.7469222307205206,-11.8955943107605,0.7467818975448608,4.017832756042481,1.3660177409648895,1.6415248811244965,2.539436461031437,0.5631404787302017,0.8142844289541245,0.778464161977172,0.6990924529731274,0.5185128211975097,0.35589157193899157,0.5556083455681801,0.35440395772457123,-0.43567412793636323,-0.14646852649748326,2.336755782365799,-0.20687777325510975,-2.419997429847717,-0.2520896710455417,1.2808476626873018,-1.7760103344917297,0.4522019445896149,-0.726971572637558,0.44187464416027067,0.1503460481762886,-0.23598902225494384,0.6699160933494568,0.627898707985878
2019-04-22 13:00:00,2.316943573951721,-10.005763912200928,0.7467818975448608,3.208849108219147,0.6186329573392868,1.2156460642814637,1.9402494944632054,0.36179963797330855,-0.4722346991300584,0.5708985053002834,0.35029059343505653,0.4211666163057089,0.36063954085111616,0.5222710348665714,0.35440395772457123,0.5243649750947952,-0.2106502518057823,1.7597368508577347,-0.0843283551526838,-2.913461571931839,-0.23733801245689395,0.8294150769710541,-1.9925094723701484,0.4853676587343216,-0.8312345445156097,0.04012994850054381,0.23339698514901103,-0.23598902225494384,0.49433824717998504,0.46749075651168825
2019-05-03 15:00:00,-6.159696006774903,-7.643478488922119,3.6000350952148437,1.8942509293556213,-1.249828726053238,0.8570111744105816,1.2269314363598824,-1.0475864470005036,-0.5711977064609528,0.46711558699607847,-0.06827161246910692,0.07350164800882339,0.4555987983942032,0.2555726934224367,0.4421595484018326,0.26253609806299205,-1.1733762621879578,1.3583323180675504,-1.003448921442032,-2.8476664483547216,-0.27667589411139487,-0.6001217156648636,-0.6935148239135743,0.4995813429355622,-0.8873764336109161,-0.24109134525060655,-0.37564308345317843,-0.2843641370534897,-0.910284698009491,0.339164349809289
2019-05-05 13:00:00,-4.7469222307205206,-10.320736026763916,1.1972955226898194,3.9672711730003356,-2.1840596079826353,1.372548794746399,2.5965019643306735,-0.7455751299858093,-0.07638267725706101,0.31144131869077685,0.5595717288553714,0.4211666163057089,0.40574505627155305,0.3222473006695509,0.3995354175567627,0.26253609806299205,-1.1091946244239808,2.4621945619583134,-1.2485475838184354,-2.814768642187119,-0.24225524067878723,0.6036987513303756,-1.343012309074402,0.47115376591682434,-0.8071739614009857,-0.6428361028432846,0.01192786619067196,-0.20373896062374114,-1.437018245458603,0.5637355148792267
2019-05-05 14:00:00,0.9041702926158905,-9.690792655944824,1.9481516957283023,2.602111387252808,-1.8103673219680787,1.0587432488799096,1.9117168851196766,-1.5509384870529175,-0.7691237837076187,0.2076584666967392,-0.2775527615100145,0.24038085686042904,0.4247371256351471,0.28890997469425206,0.4070572853088379,0.5243649750947952,-1.3017397850751877,1.8099123060703277,-1.0647236287593842,-2.9463592290878298,-0.27667589411139487,0.5284599035978317,-0.910014021396637,0.47115376591682434,-0.903416883945465,-0.7231849983334542,0.3441315159201622,-0.2843641370534897,-0.7347068637609483,0.48353156745433806
2019-05-25 10:00:00,-11.104400730133056,-8.74587893486023,1.1972955226898194,4.472886061668396,1.7397101044654846,1.7760129600763321,2.5965019643306735,0.5631404787302017,1.507025629281998,1.81629273891449,2.5128618717193607,0.46288643404841423,0.23481857180595397,1.222354237176478,0.2089803878450766,-0.6102266728878021,-0.7241041347384453,1.5339466840028764,-0.3907018661499023,2.1856696724891664,-0.11932427920401097,1.1303702116012573,-1.559511339664459,-0.15899255331605672,-0.6628094807267189,0.401700159907341,-0.9846831694245338,0.08651168439537285,0.23097141683101655,0.6439395129680634
2019-05-25 11:00:00,-1.9213756799697876,-5.281191682815551,1.9481516957283023,3.512218105792999,1.3660177409648895,1.1259873300790786,2.19704385176301,0.5631404787302017,0.22050639539957045,1.6087269544601441,1.745497953891754,0.08740827720612285,0.24668843001127244,0.6222829043865205,0.22653149887919427,0.43708865344524384,-0.4031954646110535,1.8099123060703277,-0.02305365577340124,1.6593077182769775,-0.11440702825784684,0.9046538650989533,-0.6935148239135743,-0.0452819429337978,-0.775092950463295,-0.24109134525060655,-1.0123666062951089,0.038136590365320425,-0.7347068637609483,0.8203882724046707
2019-05-25 12:00:00,4.436103248596192,-3.548848295211792,2.2484942436218263,2.0459351956844327,1.179171407222748,0.5207910094410181,1.6549223795533181,0.36179963797330855,-0.4722346991300584,0.6746813332661987,1.4664564430713656,-0.07947093620896338,0.2585583463311194,0.3555846124887466,0.23906797766685486,0.3498123914003372,-0.01810505141183965,1.4586834907531736,-0.6970754235982894,1.0342530518770219,-0.14882770068943502,1.732280433177948,0.17248155325651168,0.025787178426980962,-0.8793561518192291,0.6025725468993186,-0.9293158799409866,-0.04248859670478848,-0.5591290205717087,0.8845514923334121
2019-05-25 13:00:00,12.912741374969482,-0.24164704345166682,2.9993503332138065,0.6807754576206209,0.4317868620157242,0.25181488469243046,0.827473384141922,0.2611292347311973,-1.758753979206085,0.25954992026090623,0.21076981723308563,-0.3854160703718662,0.27517616748809803,0.4222591817378998,0.25160450041294097,0.3498123914003372,-0.7241041347384453,0.9820155829191206,-0.574525985121727,0.24471007455140353,-0.18324836604297162,2.0332355260849,1.2549771547317505,0.13002188950777055,-0.9354978919029235,0.16065336726605894,-0.9016322389245033,-0.09086370542645453,0.14318248759955168,0.7722659647464752
2019-05-25 14:00:00,19.27022228240967,0.8607534050941468,3.9003778219223024,0.07403778582811356,-0.31559788137674327,-0.24130806094035512,0.057089930144138636,-0.1415525060147047,-2.6494208097457888,0.3633327469229698,-0.34731312431395056,-0.5383886009454727,0.2846721649169922,0.2555726934224367,0.2691556438803673,0.3498123914003372,-0.5957406982779503,0.2544700533151626,-0.513251256942749,-0.24875429086387157,-0.24225524067878723,1.5065640449523925,3.419968342781067,0.1916151674464345,-1.0397611916065217,-0.16074240058660508,-0.6247958453372122,-0.2198639951646328,-0.12018431983888145,0.5958171218633652
2019-05-25 15:00:00,24.214927101135256,0.8607534050941468,3.7502062559127816,-1.038314735889435,-2.557751989364624,-0.48786947727203367,-0.2853026917204261,-0.5442342013120651,-3.8369768142700194,0.10387565223500131,-0.20779233977664263,-0.830427160859108,0.31078594028949735,0.08888622261583805,0.2791849374771118,0.5243649750947952,-0.5315589398145676,-0.4229000381194056,-0.574525985121727,-0.9725020274519922,-0.24717248678207399,0.6789374619722366,3.6364676475524904,0.25320845693349836,-1.111943307518959,-0.3616147488355636,-0.43101037107408047,-0.2521140646189451,-0.032395367138087765,0.5316539511084555
2019-05-25 16:00:00,29.866019821166994,0.8607534050941468,3.449863815307617,-1.5944909930229187,-3.1182905912399295,-0.9585777997970581,-0.9130225539207458,-1.7522794723510742,-4.727644276618958,-0.15558146908879283,-0.5565942019224167,-0.927773317694664,0.277550195157528,0.22223539985716348,0.3067652314901352,0.43708865344524384,-0.5957406982779503,-0.7239533685147762,-0.513251256942749,-1.4001710325479504,-0.2520896710455417,0.3779824137687683,1.9044745326042176,0.28637401526793843,-1.2081861943006516,-0.4821382313966751,-0.20954125076532365,-0.268239102512598,0.4065492957830431,0.2429195534437895
2019-05-25 17:00:00,22.095768165588375,-1.0290757477283479,3.1495216846466056,-2.6562819957733153,-3.8656754970550535,-1.1154804646968843,-1.2268825069069862,-2.05429071187973,-5.420385265350342,0.05198420211672781,-0.9053960740566254,-0.927773317694664,0.23244455009698867,0.18889809101819993,0.27166291177272794,0.3498123914003372,-0.5315589398145676,-1.2758844941854472,-0.513251256942749,-1.8278401702642442,-0.271758732944727,-0.9763156294822692,1.9044745326042176,0.31006367057561873,-1.2803684398531912,-0.32144028395414354,0.3994988158345223,-0.2843641370534897,0.8454939961433411,0.11459318064153197
2019-05-26 08:00:00,-18.874652481079103,-11.8955943107605,-0.7549304127693176,3.9167101383209237,1.179171407222748,2.067403757572174,1.7690531238913536,0.9658222138881684,2.991470515727997,3.528709900379181,5.093995690345764,0.9496171846985817,0.14935520715080203,2.0891237750649454,0.1011663906276226,-0.43567412793636323,0.4953488133847713,0.9318400293588638,0.4671439930796624,2.218567395210266,-0.006227817386388784,3.312294864654541,-0.910014021396637,-0.3295584812760354,-0.6066677764058113,0.7230958953499794,-0.45869398564100267,0.3122621923685074,1.8989611387252807,1.3016122311353682
2019-05-26 09:00:00,-8.27885456085205,-10.16325101852417,-0.45458799004554756,4.16951709985733,1.179171407222748,1.9105012267827988,1.8831839986145495,0.2611292347311973,2.100803625583649,2.957903861999512,4.047590041160584,0.6158590622246265,0.17309501846320927,1.8557628497481347,0.1362686052452773,0.5243649750947952,0.4953488133847713,1.082366743683815,0.6509680569171906,2.218567395210266,0.11670320332050328,3.9894440650939935,-0.6935148239135743,-0.27270311340689657,-0.6547892801463604,0.8837939381599427,-0.5971121419221163,0.6670129492878915,1.8989611387252807,1.413897803425789
2019-05-26 10:00:00,3.0233302354812617,-6.383591842651368,0.14609693831298498,3.8155869245529184,1.9265562534332275,1.372548794746399,2.0258475176990034,0.2611292347311973,0.6163584426045419,2.594664084911347,3.280225932598114,0.19866107627749444,0.1992088086903096,1.5557271212339403,0.16134162545204161,0.5243649750947952,0.6878940358757973,1.182717853784561,0.5284186765551567,2.218567395210266,0.038027384877204896,4.516115474700928,-0.47701580822467804,-0.21110991314053534,-0.726971572637558,0.2410023044794798,-0.7632140569388868,0.50576261729002,1.4600165605545044,1.5422241926193236
2019-05-26 11:00:00,11.499968528747559,-3.2338767766952516,0.4464394271373749,2.602111387252808,1.9265562534332275,0.7001084620133042,1.8261185847222805,0.6638108909130096,-0.8680867552757263,2.127641463279724,2.791903388500214,0.04568845890462399,0.20870473422110086,0.9223186548799276,0.18892197239911185,0.5243649750947952,0.5595305681228637,1.3081567317247393,0.5284186765551567,1.8237956523895265,-0.09473805651068687,5.118025708198547,-1.1265132129192352,-0.11635107924230396,-0.8472751408815384,-0.04021899085491894,-0.735530350357294,0.19938693940639496,1.7233833193778991,1.3657754600048064
2019-05-26 12:00:00,17.857446479797364,-0.24164704345166682,2.098322892189026,1.085267299413681,1.3660177409648895,0.4535469986498356,1.1413333982229232,0.6638108909130096,-2.451494908332825,1.1417041301727295,2.164060080051422,-0.2880698963999748,0.22769657522439965,0.6222829043865205,0.1989512065425515,0.5243649750947952,0.5595305681228637,1.1325422793626787,0.16077044373378155,1.396126890182495,-0.09473805651068687,4.290399146080018,-0.6935148239135743,-0.04054399132728576,-0.9675788223743439,-0.08039345419383606,-0.6801631219685078,0.038136590365320425,0.14318248759955168,1.1251634955406191
2019-05-26 13:00:00,21.389378547668457,2.120639204978943,2.398665380477906,0.529091090708971,0.24494063816964626,-0.08440528437495232,0.28535170406103133,0.36179963797330855,-3.6390512466430662,0.6746813332661987,0.8386131353676319,-0.5662018015980721,0.24194040894508362,0.28890997469425206,0.21900958586484193,0.5243649750947952,0.17444014456123114,0.5304355949163437,0.038221039343625286,0.7381743088364601,-0.14391047349199654,3.1618169784545893,-0.6935148239135743,0.049476901069283485,-1.095902779698372,-0.3616147488355636,-0.6247958453372122,-0.026363563258200873,0.23097141683101655,0.9487146496772766
2019-05-26 14:00:00,22.802153968811037,4.010468602180481,2.849179220199585,-0.6843844592571259,-0.8761363983154297,-0.5326988309621811,-0.028508206456899672,-0.24222292155027395,-4.529718375205993,0.15576707534492018,0.21076981723308563,-0.830427160859108,0.251436322927475,0.055548920016735795,0.23405341431498528,0.5243649750947952,0.04607668062672015,-0.22219778089784087,-0.14560304805636404,0.21181246712803842,-0.18324836604297162,2.3341906905174254,1.4714762330055238,0.11580809522420163,-1.1921457529067996,-0.3616147488355636,-0.45869398564100267,-0.12311376184225083,-0.12018431983888145,0.8364290982484818
2019-05-26 15:00:00,34.10434093475342,3.5380117416381838,2.849179220199585,-1.6956137716770172,-0.8761363983154297,-0.9585777997970581,-0.7132935330271721,-0.8462455034255981,-5.024533152580262,-0.20747288987040519,-0.48683377355337143,-1.039026203751564,0.2633062981069088,-0.011125635821372304,0.24408262819051743,-0.8720554530620575,-0.14646852649748326,-0.49816327826119966,-0.20687777325510975,-0.4132424222305417,-0.19308287054300305,1.8075192451477051,2.1209736824035645,0.1631875000253786,-1.2643279194831847,-0.7231849983334542,-0.43101037107408047,-0.139238815754652,0.31876035481691367,0.6920619755983353
2019-05-26 16:00:00,30.57240276336671,1.1757246077060701,2.5488366603851316,-2.6562819957733153,-2.557751989364624,-1.2947979748249057,-1.2839480549097062,-0.8462455034255981,-5.222459125518799,-0.3112558100372553,-0.9751564025878906,-1.2059052795171739,0.24668843001127244,-0.011125635821372304,0.2566191293299198,-0.6102266728878021,-0.2106502518057823,-1.1002700097858906,-0.26815242767333985,-0.8738091550767422,-0.20291735082864762,1.1303702116012573,1.6879754066467285,0.21530483905225992,-1.3044291123747827,-0.7633594915270805,-0.20954125076532365,-0.139238815754652,0.7577049732208252,0.3872867673635483
2019-05-27 09:00:00,-17.461880493164067,-5.43867712020874,0.14609693831298498,3.512218105792999,0.9923254191875459,1.4846222430467606,1.5978568255901333,-0.24222292155027395,3.486285662651062,2.594664084911347,3.768548583984375,0.47679303400218487,0.14698124080896374,1.5223899979144333,0.09615175351500511,-0.6975029438734055,1.0088028013706207,0.6809622496366501,0.7122427493333816,2.7778270483016967,0.008523906022310257,4.365638017654419,-0.6935148239135743,-0.29165495783090595,-0.566566550731659,0.6427470490336418,-0.4863776482641697,0.4735125258564949,2.689061772823334,1.6384690731763834
2019-05-27 10:00:00,1.6105568408966064,-3.391362619400025,0.4464394271373749,2.854918825626373,2.1134024143218997,1.148401990532875,1.6549223795533181,0.16045879647135736,2.100803625583649,2.0757499158382418,2.791903388500214,0.03178188763558866,0.154103191383183,1.5890644755214451,0.1337613142793998,0.43708865344524384,0.7520758345723153,0.9318400293588638,0.6509680569171906,2.284362590312958,0.12162043601274489,5.569457960128785,-0.6935148239135743,-0.2442754991352559,-0.6146880112588405,0.12047889539971948,-0.5694286021403968,0.7798881866037846,2.513483726978302,1.5582649558782575
2019-05-27 11:00:00,10.79358196258545,-1.8165048480033874,0.5966106921434402,2.0964968860149384,1.5528639078140258,0.4311322830617428,1.2839969664812088,0.7644814133644103,0.4184323953464627,2.1795327961444855,2.0942998051643373,-0.3715094859711826,0.17309501846320927,1.1223423544317483,0.14128319565206765,0.43708865344524384,0.6878940358757973,0.9820155829191206,0.6509680569171906,1.9553865313529968,0.038027384877204896,5.193263959884644,0.38898068666458135,-0.14477876499295234,-0.726971572637558,-0.4017892315983772,-0.5694286021403968,0.4412625104188919,0.7577049732208252,1.285571491718292
2019-05-27 12:00:00,24.92131614685059,0.8607534050941468,1.3474667549133301,0.4785295486450195,0.24494063816964626,-0.21889336183667182,0.8560061320662499,0.4624700814485549,-2.2535689830780026,1.4530526161193846,2.233820497989655,-0.5522952228784561,0.18733892533928143,0.38892189115285875,0.16134162545204161,0.5243649750947952,0.6878940358757973,0.6558744952082634,0.7735175907611846,1.6264101684093475,-0.050482927821576595,3.914205050468445,-0.04401756357401608,-0.0831854898482561,-0.863315612077713,-0.28126580119132993,-0.5140612806193531,0.21551197171211242,-0.20797325409948825,1.0610002815723418
2019-05-27 13:00:00,41.168205642700194,2.5930967807769774,2.098322892189026,-0.9877530097961426,-1.99721361398697,-0.5102841764688492,-0.05704095996916295,-0.24222292155027395,-3.5400883674621575,0.31144131869077685,1.2571754038333893,-0.6913611829280853,0.2039567667990923,0.18889809101819993,0.17638544142246249,0.3498123914003372,0.8162574648857117,0.27955777794122694,0.6509680569171906,0.935560119152069,-0.09965533837676048,2.8608618736267095,-0.910014021396637,-0.03106809556484219,-1.0798622459173202,-0.4017892315983772,-0.5694286021403968,0.1348867990076542,0.4065492957830431,0.8364290982484818
2019-06-04 11:00:00,-15.342720699310302,-9.218335914611817,-1.806128895282745,3.259410893917084,-1.4366750359535216,1.2380607575178149,1.9117168851196766,-0.1415525060147047,1.408062380552292,1.1417041301727295,0.8386131353676319,0.3377270022407174,0.2490624092519284,0.8889813054352999,0.23405341431498528,-0.43567412793636323,-0.7241041347384453,1.4085077971220015,-0.8808995157480239,-0.05136856436729431,-0.10948983393609521,0.9798926293849946,-1.2375587701797484,0.11580809522420163,-0.726971572637558,0.401700159907341,0.06729515278711913,0.19938693940639496,0.8454939961433411,0.5797763377428055
2019-06-04 12:00:00,-5.453308343887329,-6.6985633850097654,-0.604759132862091,2.298742711544037,-1.0629825592041016,0.9242552600800991,1.5122587695717813,-1.1482568264007569,0.8142844289541245,1.0898127436637879,0.8386131353676319,0.12912801532074808,0.2538103722035884,0.7556320914998651,0.24157531261444093,-0.6975029438734055,-0.9166493654251099,1.2078055739402775,-0.6970754235982894,-0.5448328658938408,-0.1635794152738526,0.6036987513303756,-1.2415531754493714,0.1584495450020769,-0.7831130534410476,0.5222236290574074,0.03961149372626095,-0.026363563258200873,0.05539356200024483,0.45144995748996736
2019-06-04 13:00:00,3.0233302354812617,-6.226106071472168,-0.45458799004554756,1.590882062911987,-5.173598384857177,0.5880351189523936,0.9701369151473045,-0.9469159245491028,0.12154339924454685,0.8822470441460609,0.7688527833670379,-0.03775109387934207,0.2656803183257579,0.7556320914998651,0.24658989310264587,-0.43567412793636323,-0.7241041347384453,0.8565767124295235,-0.6970754235982894,-0.8738091550767422,-0.2225862942636013,0.001788475364446665,-1.2455477237701416,0.2105669017881155,-0.8312345445156097,0.44187464416027067,0.1226623933762312,-0.139238815754652,-1.0858625531196595,0.4354091614484787
2019-06-04 14:00:00,4.436103248596192,-5.5961634635925295,-0.15424546096473934,0.8324598714709281,-3.305136704444885,0.3190589655539952,0.5706789419054985,-3.161665391921997,-1.2639387607574464,0.8822470441460609,0.4898113001137972,-0.2602566659450531,0.270428243279457,0.6556202195584774,0.2591265082359314,-0.522950428724289,-0.7241041347384453,0.3799089277628809,-0.8196247696876526,-1.1698876708745958,-0.26684141308069226,-0.07345025367103517,-1.2495421767234802,0.25320845693349836,-0.8873764336109161,0.04012994850054381,0.4271824941039085,-0.2521140646189451,-0.910284698009491,0.3872867673635483
2019-06-06 13:00:00,0.19778375737369064,0.7032674968242645,1.4976381301879884,0.3268451252020895,-1.4366750359535216,-0.21889336183667182,0.485080736875534,-0.7455751299858093,-1.1649757742881774,0.6227899830788374,-0.34731312431395056,-0.6357348173856735,0.225322612375021,0.5222710348665714,0.2089803878450766,0.5243649750947952,-0.27483201399445545,0.455172224342823,-0.3907018661499023,-0.577730581536889,-0.1537449698895216,-0.3744053609669208,-1.4372812151908874,0.1584495450020769,-0.8793561518192291,0.04012994850054381,0.1503460481762886,-0.05861363373696802,0.14318248759955168,0.30708276480436325
2019-06-06 14:00:00,-0.5086026705801487,1.9631534218788147,1.7979804873466492,-0.9877530097961426,-1.0629825592041016,-0.6447722524404526,-0.14263912183232605,-1.1482568264007569,-2.15460604429245,0.5190070629119873,0.1410094894468784,-0.8860535889863967,0.23481857180595397,0.4222591817378998,0.216502302326262,0.43708865344524384,-0.4031954646110535,-0.04658331945538521,-0.45197658240795135,-0.8738091550767422,-0.2225862942636013,-0.6753604620695114,-1.441275680065155,0.14423576779663566,-0.9916395843029022,0.20082783475518226,0.26108061112463476,-0.20373896062374114,-0.295762187987566,0.19479719325900074
2019-06-13 13:00:00,-4.7469222307205206,-7.958450126647949,0.7467818975448608,2.197619754076004,-0.31559788137674327,1.0587432488799096,1.426660488545895,0.9658222138881684,0.022580338828265666,0.6227899830788374,0.35029059343505653,0.2821006842888891,0.308411952853203,0.5222710348665714,0.3092724785208702,-0.2611215502023697,-0.980831092596054,1.2830689698457718,-0.8196247696876526,-2.2226116955280304,-0.24225524067878723,-0.44964414834976196,-1.559511339664459,0.40008458122611046,-0.7991536587476731,0.3213512375950814,0.45486601442098606,-0.2521140646189451,-0.471340049803257,0.3231235336512327
2019-06-19 12:00:00,-8.27885456085205,-7.1710206985473635,-0.7549304127693176,2.0459351956844327,0.058094453951343904,0.6776937100803481,1.1413333982229232,0.5631404787302017,0.4184323953464627,0.46711558699607847,0.07124907523393628,-0.009937893692404031,0.21345267668366433,0.38892189115285875,0.2089803878450766,-0.78477922976017,-0.43528634756803514,0.8565767124295235,-0.45197658240795135,-0.31454954640939825,-0.17833114201202988,0.30274361148476603,0.17248155325651168,0.1394977723248303,-0.7831130534410476,0.281176808476448,0.3994988158345223,-0.05861363373696802,0.05539356200024483,0.5637355148792267
2019-06-19 13:00:00,-3.3341488361358635,-4.178791165351868,-0.45458799004554756,1.0347057223320006,2.1134024143218997,0.363888243213296,0.827473384141922,-0.3428933784365654,-0.2248271686956286,0.31144131869077685,-0.06827161246910692,-0.1768170736730099,0.22294863313436514,0.3222473006695509,0.2039657661691308,-0.8720554530620575,-0.46737719774246217,0.5304355949163437,-0.20687777325510975,-0.6764233574271202,-0.24717248678207399,0.5284599035978317,0.38898068666458135,0.17266340921632944,-0.863315612077713,0.3615256711840629,0.37181519344449043,-0.17148889452219007,-0.12018431983888145,0.4033275410532952
2019-06-19 14:00:00,2.316943573951721,-4.336277127265929,-0.004074297845363605,0.3268451252020895,0.058094453951343904,0.0949120968580246,0.2568189479410648,0.7644814133644103,-0.8680867552757263,0.2076584666967392,-0.2775527615100145,-0.21853686589747667,0.23481857180595397,0.12222351357340813,0.21399495927616954,-0.78477922976017,-0.2106502518057823,0.2544700533151626,-0.26815242767333985,-1.0382971704006194,-0.27667589411139487,-0.22392789032310248,0.17248155325651168,0.18687721444293856,-0.9154472291469574,-0.12056793123483656,0.45486601442098606,-0.23598902225494384,-0.032395367138087765,0.2910420040600002
2019-06-19 15:00:00,8.674421977996825,-3.391362619400025,0.14609693831298498,-0.27989256381988525,1.179171407222748,0.027668061107397078,-0.14263912183232605,-0.3428933784365654,-1.5608278155326842,-0.1036900722421706,-0.41707336977124215,-0.4827622190117837,0.24194040894508362,0.15556081458926202,0.22653149887919427,0.43708865344524384,-0.27483201399445545,-0.24728561788797374,-0.20687777325510975,-1.268580511212349,-0.2963448792695999,-0.7505991578102111,0.17248155325651168,0.21530483905225992,-0.9675788223743439,-0.16074240058660508,0.5932843774557115,-0.3004891793243587,-0.7347068637609483,0.21083802841603752
2019-06-25 15:00:00,1.6105568408966064,-6.226106071472168,-1.5057865738868714,1.236951658129692,-1.6235211491584773,0.363888243213296,0.5421461686491966,-0.44356383085250856,-1.2639387607574464,-0.3112558100372553,-1.3239580750465394,-0.21853686589747667,0.2870461940765381,-0.11113756676204498,0.29422866106033324,-0.78477922976017,-0.4031954646110535,0.5555233851075172,-0.45197658240795135,-2.091021102666855,-0.27667589411139487,-2.104897296428681,-0.47701580822467804,0.35270518511533744,-0.8793561518192291,-0.28126580119132993,1.036222469806671,-0.2521140646189451,0.31876035481691367,-0.06185561195015911
2019-06-27 11:00:00,-4.7469222307205206,-4.336277127265929,-1.5057865738868714,1.4897590994834897,1.3660177409648895,0.363888243213296,1.0272024691104888,0.2611292347311973,2.3976925611495967,-0.3112558100372553,-0.34731312431395056,-0.1768170736730099,0.17309501846320927,-0.077800253033638,0.1588343560695648,-0.6975029438734055,0.5595305681228637,0.5555233851075172,0.6509680569171906,1.0342530518770219,0.07244793698191643,0.9046538650989533,-1.343012309074402,-0.03106809556484219,-0.6146880112588405,0.20082783475518226,0.01192786619067196,0.521887618303299,0.4065492957830431,0.5156131237745284
2019-07-02 14:00:00,-10.398014736175536,-5.281191682815551,-3.908525896072387,0.42796806767582896,-0.12875171317718923,0.11732682818546891,0.5706789419054985,0.4624700814485549,1.507025629281998,-0.7263872534036636,-1.2541979610919953,-0.2741632334887981,0.1897128913551569,-0.24448669254779815,0.18140006698668001,-0.43567412793636323,-1.1091946244239808,0.2544700533151626,-0.6358006298542023,-1.0382971704006194,-0.20291735082864762,-1.8791810154914856,-0.6935148239135743,0.15371166628319768,-0.7349916845560074,-0.5223126620054245,1.0915895521640777,-0.05861363373696802,-0.471340049803257,-0.013733176887035398
2019-07-25 13:00:00,-5.453308343887329,1.490696442127228,-2.256642472743988,0.07403778582811356,-0.31559788137674327,-0.10681994073092935,-0.14263912183232605,0.36179963797330855,2.100803625583649,-0.5707129552960396,-1.3239580750465394,-0.6635480016469956,0.11374552669003606,-0.2778239734470844,0.08862989544868465,-0.6975029438734055,0.4311670668423176,-0.4229000381194056,0.28331986516714097,0.6065839197486639,-0.20783455334603787,-1.4277484595775605,-1.343012309074402,-0.026330191642045957,-0.566566550731659,0.2410023044794798,0.5932843774557115,-0.09086370542645453,-0.910284698009491,0.06647078692913055
2019-07-25 14:00:00,0.19778375737369064,3.3805259227752686,-1.055272787809372,-0.7349457561969758,1.179171407222748,-0.6896015226840974,-0.2853026917204261,-0.5442342013120651,0.12154339924454685,-0.7263872534036636,-1.4634790062904357,-0.7887072294950485,0.11137153524905444,-0.37783591896295554,0.098659086227417,-0.6975029438734055,0.30280362367630004,-0.598514405079186,0.16077044373378155,0.343402998149395,-0.2225862942636013,-1.8039420366287235,-1.343012309074402,-0.0026404749602079447,-0.726971572637558,0.281176808476448,0.8701206654310226,-0.12311376184225083,-2.314907538890839,-0.0297740399837494
2019-07-29 14:00:00,-11.104400730133056,7.160184335708618,-0.45458799004554756,-3.1618967652320866,-0.31559788137674327,-1.3172125995159147,-1.7690041452646255,-0.1415525060147047,-0.07638267725706101,-1.141518658399582,-2.1610826373100283,-1.3032514363527299,0.09000572189688683,-0.6111969903111458,0.061049559712409975,0.5243649750947952,0.11025841194204986,-1.1253577426075938,-0.14560304805636404,0.6394815016537905,-0.257006961852312,-2.104897296428681,0.6054797649383545,-0.05949579188600183,-0.863315612077713,-0.16074240058660508,0.7317024320363998,-0.2198639951646328,0.6699160933494568,-0.15810040012001994
2019-07-30 11:00:00,-10.398014736175536,1.0182390749454497,-2.857327675819397,-0.5832613807171583,0.4317868620157242,-0.375796115398407,-0.2853026917204261,-0.04088207548484203,2.5956187844276433,0.05198420211672781,-0.2775527615100145,-0.8026140540838241,0.06389187350869178,-0.11113756676204498,0.03597650071606038,0.5243649750947952,0.23862189650535584,-0.5483388856053353,0.22204516418278217,2.0211815953254706,0.018358403444290183,2.3341906905174254,-0.47701580822467804,-0.18268226049840447,-0.5906273365020752,-0.28126580119132993,0.31644788831472404,0.6347629353404045,0.6699160933494568,0.7081027358770371
2019-07-30 12:00:00,1.6105568408966064,3.5380117416381838,-2.1064713478088377,-1.3416835904121398,-1.0629825592041016,-0.9137483477592468,-0.6562281176447868,-0.1415525060147047,1.111173474788666,-0.4669300839304924,-0.6263545989990235,-0.9138667911291123,0.061517950147390366,-0.2778239734470844,0.04600572679191828,0.43708865344524384,0.23862189650535584,-0.7239533685147762,0.8347921252250672,1.7908983230590814,-0.06523467563092708,1.2056089401245118,-0.47701580822467804,-0.14951667245477437,-0.6868702363222837,-0.16074240058660508,0.45486601442098606,0.3122621923685074,0.49433824717998504,0.46749075651168825
2019-07-30 13:00:00,12.206355094909668,5.585326433181763,-1.6559575915336608,-2.5551588177680977,-1.6235211491584773,-1.0930658280849455,-1.0842189088463783,-0.9469159245491028,-0.5711977064609528,-0.7263872534036636,-1.3239580750465394,-0.9416798710823059,0.07576181814074519,-0.344498673081398,0.0434984147548676,0.5243649750947952,0.8804392203688621,-1.0500945702195168,0.8347921252250672,1.1987409949302676,-0.11932427920401097,0.0770272280089557,-0.6935148239135743,-0.1305648811161518,-0.8071739614009857,-0.4017892315983772,0.565600609779358,0.15101184546947483,0.4065492957830431,0.2429195534437895
2019-07-31 12:00:00,-0.5086026705801487,5.270355606079101,-1.6559575915336608,-2.201228594779968,1.3660177409648895,-1.1154804646968843,-0.7418262258172035,0.16045879647135736,0.8142844289541245,-1.1934101700782773,-2.1610826373100283,-1.1085590809583663,0.05914398655295374,-0.5445223465561867,0.0434984147548676,-0.78477922976017,0.5595305681228637,-0.824304512143135,0.6509680569171906,1.7251030802726746,-0.1586621888447553,-0.6753604620695114,1.4714762330055238,-0.12582696499302987,-0.7109310179948807,0.2410023044794798,0.4825497314333916,0.05426161519717423,-0.8224957674741745,0.08251156881451609
2019-07-31 13:00:00,0.19778375737369064,6.530240678787232,-1.3556154489517211,-3.0102121949195864,0.058094453951343904,-1.4068712830543517,-1.5692751795053481,0.36179963797330855,-0.8680867552757263,-1.141518658399582,-2.3006034016609194,-1.1502789616584776,0.06389187350869178,-0.577859728038311,0.04099116772413254,0.43708865344524384,0.6878940358757973,-1.1253577426075938,0.5284186765551567,1.1329457402229308,-0.29142768681049347,-1.7287033796310425,1.0384780645370484,-0.1068752002902329,-0.8312345445156097,-0.08039345419383606,0.537916973233223,-0.31661423640325664,-1.3492293834686282,-0.15810040012001994
2019-07-31 14:00:00,7.261649322509766,6.05778398513794,-2.556985163688659,-3.6675112366676332,-1.6235211491584773,-1.4741154670715333,-2.025798872113228,-0.3428933784365654,-1.9566800355911258,-1.1934101700782773,-2.23084317445755,-1.3171580404043195,0.06389187350869178,-0.6111969903111458,0.04600572679191828,0.5243649750947952,0.5595305681228637,-1.8529032886028287,0.9573416084051132,0.8039696276187897,-0.29142768681049347,-2.857285261154175,1.0384780645370484,-0.1116131547838449,-0.9675788223743439,-0.12056793123483656,0.7040188491344452,-0.31661423640325664,-0.12018431983888145,-0.2543451702222228
2019-08-02 09:00:00,-33.00238609313965,0.8607534050941468,-2.7071563959121705,-0.12820807583630084,2.1134024143218997,0.05008276160806417,-0.5706298150122165,0.2611292347311973,5.168656921386718,2.594664084911347,2.582622396945953,-0.41322920471429825,-0.009701442532241367,1.4223781095817685,-0.044257143232971474,-0.08656899705529211,0.8804392203688621,-0.9497433118522167,1.3862646281719209,3.6989606380462647,-0.030813966505229485,1.0551314294338225,-1.343012309074402,-0.38641375973820696,-0.4623033460229635,-0.28126580119132993,-0.015755778737366177,0.3445122569799423,4.708206987380981,0.7562250822782517
2019-08-02 10:00:00,-18.874652481079103,2.278125286102295,-2.7071563959121705,-0.3810155212879181,1.5528639078140258,-0.286137380450964,-0.3994335986673832,0.7644814133644103,4.475916051864624,1.9200754642486573,2.791903388500214,-0.6635480016469956,0.009290318097919182,0.5556083455681801,-0.03172066379338503,-0.2611215502023697,1.4580748438835147,-0.9748312123119831,2.305385076999664,3.5015747547149667,0.0036066614091396334,1.4313253164291382,-0.2605166509747505,-0.3769378632307053,-0.47834387235343456,-0.04021899085491894,0.1503460481762886,0.50576261729002,1.7233833193778991,0.6118579417467117
2019-08-02 11:00:00,5.14249005317688,4.010468602180481,-2.256642472743988,-1.139437621831894,1.3660177409648895,-0.6896015226840974,-0.5420972347259521,0.4624700814485549,2.5956187844276433,0.5708985053002834,1.8850185513496402,-0.927773317694664,0.03303019069135189,0.4889337383210658,-0.011662223562598207,-0.3483978539705277,2.420800840854645,-0.824304512143135,1.937736803293228,2.6133387446403504,-0.006227817386388784,0.7541762739419937,-0.04401756357401608,-0.3390343442559242,-0.534485635906458,-0.6428361028432846,0.178029665723443,0.521887618303299,1.5478054285049438,0.6599803149700165
2019-08-02 14:00:00,-0.5086026705801487,10.309899425506591,0.5966106921434402,-3.4652652859687807,1.9265562534332275,-1.5637739539146422,-2.025798872113228,0.8651517868041992,-3.7380137920379637,0.31144131869077685,-0.6961149364709854,-1.414504238963127,0.047274075075984,-0.011125635821372304,0.030961886816658124,-0.78477922976017,1.32971131503582,-1.7776401713490486,0.28331986516714097,2.0211815953254706,-0.08982088416814804,1.8075192451477051,0.6054797649383545,-0.22532373815774917,-1.1199635416269305,-0.562487106025219,0.3441315159201622,0.11876176893711088,0.14318248759955168,0.627898707985878
2019-08-02 15:00:00,-3.3341488361358635,8.420069551467895,0.29626819342374805,-4.021441459655762,0.24494063816964626,-1.899994283914566,-2.282593365013599,0.6638108909130096,-2.946310067176819,-0.3112558100372553,-0.2775527615100145,-1.5813834488391878,0.061517950147390366,-0.6111969903111458,0.028454600647091866,-0.43567412793636323,0.30280362367630004,-2.254307749867439,-0.20687777325510975,1.6593077182769775,-0.14391047349199654,0.8294150769710541,0.38898068666458135,-0.20163406506180764,-1.2001659393310546,-0.44196370244026184,0.45486601442098606,-0.09086370542645453,1.5478054285049438,0.21083802841603752
2019-08-02 16:00:00,5.14249005317688,8.262584352493286,-0.15424546096473934,-4.779863715171814,-1.4366750359535216,-2.168970322608948,-2.5964529782533647,-0.24222292155027395,-1.9566800355911258,-1.2453015267848968,-1.1146771550178527,-1.762169101834297,0.04964806437492373,-0.6111969903111458,0.0434984147548676,-0.6975029438734055,-0.2106502518057823,-2.4800976246595385,-0.02305365577340124,1.4948195993900302,-0.19308287054300305,-1.1267932415008546,-0.47701580822467804,-0.16373046562075613,-1.1360040634870532,-0.5223126620054245,0.510233362019062,-0.12311376184225083,3.830317997932434,0.1787563968449831
2019-08-03 11:00:00,-9.69162721633911,2.7505830764770507,-2.256642472743988,-0.3304540812969208,0.6186329573392868,-0.6447722524404526,-0.3709009580314159,0.16045879647135736,3.585248494148255,0.778464161977172,0.5595717288553714,-0.8860535889863967,0.061517950147390366,0.5222710348665714,0.033469181321561334,-0.522950428724289,0.6237123206257821,-0.6486900206655264,0.4058691844344139,2.7778270483016967,-0.09473805651068687,2.4846682310104367,-0.910014021396637,-0.2963929072022438,-0.502404659241438,0.04012994850054381,-0.09880670625716445,0.32838723063468933,2.2501169562339784,1.189326649904251
2019-08-03 12:00:00,-2.6277623772621146,4.95538330078125,-1.3556154489517211,-1.9484214544296266,0.24494063816964626,-1.0482364714145658,-0.5135644910857081,-0.04088207548484203,1.309099417924881,0.5190070629119873,0.35029059343505653,-1.039026203751564,0.06389187350869178,-0.47784783989191065,0.0434984147548676,-0.6102266728878021,0.4311670668423176,-0.7992166679352523,0.09949576025828714,2.4488505840301515,-0.18324836604297162,3.4627723693847656,-0.910014021396637,-0.2395375654101372,-0.6066677764058113,0.12047889539971948,-0.015755778737366177,0.038136590365320425,1.8989611387252807,0.916633078455925
2019-08-03 13:00:00,2.316943573951721,7.160184335708618,-0.45458799004554756,-2.858527731895447,0.058094453951343904,-1.2947979748249057,-1.4266114249825477,-0.24222292155027395,-0.670160734653473,-1.037735915184021,0.00148877203464505,-1.0946525067090989,0.07576181814074519,-0.6111969903111458,0.04600572679191828,-0.522950428724289,0.11025841194204986,-0.9246554635465145,-0.0843283551526838,1.988283908367157,-0.23242076188325886,2.1837130546569825,-1.1265132129192352,-0.20163406506180764,-0.7911333590745927,0.04012994850054381,0.3994988158345223,-0.12311376184225083,-1.5248074233531952,0.48353156745433806
2019-08-03 14:00:00,5.14249005317688,8.420069551467895,0.4464394271373749,-3.414704203605652,-0.31559788137674327,-1.3844566226005557,-1.9402004957199097,-0.3428933784365654,-1.6597908139228816,-1.2453015267848968,-2.091322100162506,-1.2893447786569596,0.07576181814074519,-0.6111969903111458,0.0585422296077013,-0.6975029438734055,-0.08228678810410199,-1.727464497089386,-0.14560304805636404,1.5935125172138216,-0.28651041164994234,0.15226605210918934,-1.343012309074402,-0.15899255331605672,-0.9515383780002594,-0.24109134525060655,0.3994988158345223,-0.31661423640325664,-1.3492293834686282,0.3231235336512327
2019-08-07 11:00:00,-13.2235613822937,4.325439691543579,-1.9563001990318298,-0.5326999066397547,1.5528639078140258,-0.756845623254776,-0.3138354431837797,0.8651517868041992,3.981100821495056,-1.0896271646022797,-1.7425205707550049,-0.955586576461792,0.061517950147390366,-0.6111969903111458,0.028454600647091866,-0.522950428724289,-0.7241041347384453,-0.7490411538630724,-0.45197658240795135,2.580441331863404,0.028192886710166933,-1.2020320177078245,-1.343012309074402,-0.27744107246398925,-0.502404659241438,0.12047889539971948,0.26108061112463476,0.5863878026604652,-0.471340049803257,0.19479719325900074
2019-08-07 12:00:00,-1.9213756799697876,5.742811918258667,-0.9051016211509705,-2.201228594779968,2.4870947122573854,-1.160309875011444,-0.6276952683925628,0.4624700814485549,2.100803625583649,-1.2453015267848968,-2.1610826373100283,-1.0807459563016892,0.06389187350869178,-0.6111969903111458,0.0434984147548676,0.5243649750947952,-0.46737719774246217,-0.7490411538630724,-0.20687777325510975,2.481748342514038,0.17079273164272307,-1.2020320177078245,-1.1265132129192352,-0.2300616934895515,-0.5745868787169457,-0.32144028395414354,0.3994988158345223,0.5380127340555191,-0.910284698009491,0.16271556094288825
2019-08-07 13:00:00,3.0233302354812617,9.207499694824218,-0.004074297845363605,-3.111335134506226,0.6186329573392868,-1.3620419085025786,-1.5692751795053481,0.9658222138881684,-0.17534566768445076,-1.2453015267848968,-2.3703637480735784,-1.233718526363373,0.061517950147390366,-0.6111969903111458,0.04600572679191828,-0.6102266728878021,-0.2106502518057823,-1.0250066809356213,-0.45197658240795135,1.8566934585571289,-0.07506915107369423,-1.3525095224380492,-0.04401756357401608,-0.14004077445715668,-0.726971572637558,-0.24109134525060655,0.4271824941039085,0.15101184546947483,-1.0858625531196595,-0.09393719658255578
2019-08-07 14:00:00,9.380809688568114,8.420069551467895,-0.7549304127693176,-3.5663882136344918,-1.4366750359535216,-1.6086033940315247,-2.0828640133142473,-0.04088207548484203,-1.758753979206085,-1.2453015267848968,-2.3703637480735784,-1.3588778883218766,0.06863986700773242,-0.6111969903111458,0.0434984147548676,0.5243649750947952,-0.46737719774246217,-1.8529032886028287,-0.32942718416452405,1.527717387676239,-0.21766906641423706,-2.556329941749573,-0.04401756357401608,-0.11635107924230396,-0.9114371478557587,-0.4017892315983772,0.2887642927467823,-0.18761390447616574,-0.910284698009491,-0.2062228074297309
2019-08-08 10:00:00,-21.70019817352295,2.908068704605103,-1.6559575915336608,-0.27989256381988525,1.9265562534332275,-0.10681994073092935,-0.3994335986673832,1.1671631157398223,5.069694304466248,-0.933952859044075,-0.7658753007650376,-0.6079215675592423,0.05676995068788528,-0.6111969903111458,0.033469181321561334,-0.43567412793636323,-0.2106502518057823,-0.824304512143135,-0.3907018661499023,2.8107246160507207,0.10195147991180424,4.064682865142823,-0.04401756357401608,-0.3390343442559242,-0.47032360434532167,-0.04021899085491894,0.09497877601534127,0.763763239979744,1.5478054285049438,1.2053675144910814
2019-08-08 11:00:00,-4.040535235404969,4.48292601108551,-1.3556154489517211,-0.7349457561969758,0.6186329573392868,-0.5999429792165757,-0.4850318145239726,0.6638108909130096,3.783174586296081,-1.2453015267848968,-1.9518015265464783,-0.9694931149482727,0.061517950147390366,-0.6111969903111458,0.03848391957581043,-0.43567412793636323,-0.4031954646110535,-0.824304512143135,-0.3907018661499023,2.6462363958358766,0.04294459596276282,3.5380111217498778,-0.6935148239135743,-0.28691695779562004,-0.4863640904426575,-0.16074240058660508,0.178029665723443,0.6508879825472832,-2.314907538890839,0.7722659647464752
2019-08-08 12:00:00,9.380809688568114,6.845211553573608,-1.2054441690444948,-1.8472981572151188,0.24494063816964626,-1.1827246308326722,-0.7418262258172035,-0.04088207548484203,1.0122105449438095,-1.2453015267848968,-2.3703637480735784,-1.1085590809583663,0.06389187350869178,-0.6111969903111458,0.0434984147548676,-0.2611215502023697,-0.4031954646110535,-0.8995678789913655,0.4058691844344139,2.284362590312958,0.02327565513551234,1.5065640449523925,1.0384780645370484,-0.18268226049840447,-0.5906273365020752,-0.04021899085491894,0.3441315159201622,0.5541377589106561,-2.578274583816529,0.35520514547824855
2019-08-08 13:00:00,14.325515079498288,7.790126705169678,-1.055272787809372,-3.1618967652320866,-2.370905911922455,-1.4068712830543517,-1.3695460587739945,-0.24222292155027395,-1.4618649125099183,-1.2453015267848968,-2.3703637480735784,-1.247625035047531,0.047274075075984,-0.6111969903111458,0.04600572679191828,0.5243649750947952,0.4311670668423176,-1.1253577426075938,-0.45197658240795135,1.922488760948181,-0.07015191819518807,-0.44964414834976196,0.6054797649383545,-0.12582696499302987,-0.8151942104101181,0.08030442422023043,0.2887642927467823,0.19938693940639496,-1.700385081768036,0.018348392099142068
2019-08-09 10:00:00,-19.58104133605957,1.805667757987976,-2.4068140029907226,-0.431577031314373,1.5528639078140258,-0.17406397592276332,-0.4850318145239726,0.05978835755959152,3.486285662651062,-0.933952859044075,-1.4634790062904357,-0.5801083818078041,0.016412303689867257,-0.47784783989191065,-0.014169446751475334,0.17525984346866608,-0.5315589398145676,-0.824304512143135,-0.32942718416452405,2.942315173149109,-0.07998635359108448,2.3341906905174254,1.6879754066467285,-0.25375142171978954,-0.5425057739019394,0.281176808476448,0.23339698514901103,0.3606372863054276,-0.910284698009491,0.45144995748996736
2019-08-09 11:00:00,-6.86608190536499,5.742811918258667,-1.055272787809372,-0.8866301774978638,1.7397101044654846,-0.5551134824752808,-0.5706298150122165,0.4624700814485549,2.4966559052467345,-1.037735915184021,-1.9518015265464783,-0.8026140540838241,0.025908269174396974,-0.577859728038311,-0.00414038747549057,0.0007072780514135902,-0.33901374563574793,-0.8995678789913655,-0.45197658240795135,2.1856696724891664,-0.27667589411139487,0.001788475364446665,1.9044745326042176,-0.20637194588780403,-0.6146880112588405,-0.28126580119132993,0.31644788831472404,-0.268239102512598,-0.3835511192679405,0.06647078692913055
2019-08-09 12:00:00,4.436103248596192,7.160184335708618,-0.604759132862091,-1.7461753606796262,1.179171407222748,-0.9137483477592468,-0.8274244338274002,0.5631404787302017,0.7153213888406753,-1.1934101700782773,-2.091322100162506,-1.011212992668152,0.025908269174396974,-0.47784783989191065,0.00588891021907334,0.5243649750947952,-0.46737719774246217,-0.9748312123119831,-0.32942718416452405,1.6922054767608643,-0.24717248678207399,-1.8039420366287235,1.9044745326042176,-0.18268226049840447,-0.6948904871940613,0.04012994850054381,0.37181519344449043,-0.20373896062374114,0.23097141683101655,-0.013733176887035398
2019-08-09 13:00:00,10.087195777893069,8.420069551467895,-0.45458799004554756,-2.5551588177680977,-0.12875171317718923,-1.2499685525894164,-1.3124806344509126,0.2611292347311973,-1.0660128116607666,-1.037735915184021,-2.3006034016609194,-1.3588778883218766,0.054396015405654884,-0.077800253033638,0.00588891021907334,-0.522950428724289,-0.33901374563574793,-1.2006211042404173,-0.14560304805636404,1.3632292091846467,-0.2619241692125797,-2.1801361203193665,1.2549771547317505,-0.12582696499302987,-0.8392549753189087,-0.24109134525060655,0.510233362019062,-0.268239102512598,-1.0858625531196595,-0.14205956049263477
2019-08-09 14:00:00,17.857446479797364,8.892527151107789,-0.3044166639447212,-3.313581073284149,0.058094453951343904,-1.8103357553482056,-1.7690041452646255,-0.44356383085250856,-2.6494208097457888,-0.4150386989116669,-2.091322100162506,-1.4840371876955032,0.061517950147390366,0.15556081458926202,0.03597650071606038,-0.522950428724289,-0.14646852649748326,-1.6271132662892343,-0.14560304805636404,1.1987409949302676,-0.26684141308069226,-2.7820464372634883,1.2549771547317505,-0.1305648811161518,-0.9836194038391113,-0.7231849983334542,0.6486515700817107,-0.3004891793243587,0.05539356200024483,-0.2543451702222228
2019-08-10 13:00:00,-10.398014736175536,5.112868976593018,-0.9051016211509705,-2.6562819957733153,0.24494063816964626,-1.205139195919037,-1.5122096896171573,-0.9469159245491028,1.0122105449438095,-1.2453015267848968,-2.3006034016609194,-0.9973064064979553,0.061517950147390366,-0.6111969903111458,0.04099116772413254,-0.78477922976017,-0.4031954646110535,-1.0250066809356213,-0.32942718416452405,1.7251030802726746,-0.24717248678207399,-0.22392789032310248,-0.6935148239135743,-0.16846838667988778,-0.6948904871940613,-0.28126580119132993,0.3441315159201622,-0.18761390447616574,-0.9980736613273621,0.018348392099142068
2019-08-10 14:00:00,-3.3341488361358635,5.9002978801727295,-1.055272787809372,-3.212458038330078,-1.249828726053238,-1.2275538444519043,-1.8260696843266486,-0.24222292155027395,-0.07638267725706101,-1.2453015267848968,-2.3703637480735784,-1.1502789616584776,0.07576181814074519,-0.6111969903111458,0.0434984147548676,-0.6102266728878021,-0.33901374563574793,-1.8027279049158096,-0.0843283551526838,1.4948195993900302,-0.3209310293197632,-2.029658567905426,0.8219789206981659,-0.11635107924230396,-0.8151942104101181,-0.16074240058660508,0.510233362019062,-0.4294894509017467,-1.2614404201507567,-0.0297740399837494
2019-08-10 15:00:00,10.79358196258545,5.742811918258667,-1.2054441690444948,-3.2630195140838616,-2.557751989364624,-1.4741154670715333,-2.139929382503033,-1.0475864470005036,-0.5711977064609528,-1.2453015267848968,-2.3703637480735784,-1.3032514363527299,0.07576181814074519,-0.6111969903111458,0.0585422296077013,0.5243649750947952,-0.08228678810410199,-2.0786935299634934,0.16077044373378155,1.1000481754541398,-0.3307654961943627,-2.2553750395774843,0.17248155325651168,-0.08792344424873588,-0.903416883945465,0.16065336726605894,0.31644788831472404,-0.4294894509017467,-1.5248074233531952,-0.14205956049263477
2019-08-24 14:00:00,-8.27885456085205,2.278125286102295,-1.2054441690444948,-1.4933680891990662,0.058094453951343904,-0.6223575562238693,-1.0842189088463783,-0.3428933784365654,0.12154339924454685,-0.933952859044075,-2.021561896800995,-0.7748007625341415,0.12086747867288068,-0.47784783989191065,0.10618098601698875,0.26253609806299205,-0.5957406982779503,-0.774128869920969,-0.513251256942749,0.047324332594871524,-0.22750355824828147,-3.158240580558777,0.6054797649383545,0.025787178426980962,-0.8392549753189087,-0.7633594915270805,0.9808552145957947,-0.12311376184225083,0.14318248759955168,-0.14205956049263477
2019-08-24 15:00:00,-3.3341488361358635,1.805667757987976,-0.45458799004554756,-1.8978598713874821,0.4317868620157242,-0.8689190447330475,-1.1698171585798263,-0.3428933784365654,-0.27430868335068226,-1.037735915184021,-1.9518015265464783,-0.9138667911291123,0.12798941740766168,-0.5445223465561867,0.10618098601698875,0.3498123914003372,-0.5315589398145676,-1.4264111950993539,-0.32942718416452405,-0.11716377064585684,-0.2619241692125797,-2.7820464372634883,1.0384780645370484,0.04000103436410426,-0.8873764336109161,-0.28126580119132993,1.036222469806671,-0.20373896062374114,-0.7347068637609483,-0.12601883001625538
2019-08-29 12:00:00,-11.810787010192872,0.7032674968242645,-1.5057865738868714,0.023476260993629695,2.673940896987916,-0.5775282591581344,0.11415536310523751,-0.24222292155027395,2.1997665166854854,-0.15558146908879283,-1.1146771550178527,-0.5940149664878847,0.1256154169328511,-0.14447486056014897,0.11370289325714111,0.5243649750947952,-0.6599224269390106,-0.04658331945538521,-0.6358006298542023,-0.15006143935024735,0.08719974905252456,-1.5782256960868835,0.17248155325651168,0.04473896399140358,-0.6227082528173924,-0.602661520242691,1.036222469806671,0.6831379905343056,1.021071928739548,0.14667474704328926
2019-08-29 13:00:00,-4.7469222307205206,1.3332105875015257,-1.6559575915336608,-1.7967366695404052,1.9265562534332275,-0.5775282591581344,-0.3138354431837797,1.0664926469326022,0.8142844289541245,-0.5188215345144271,-0.9053960740566254,-0.6218282163143158,0.12798941740766168,-0.2778239734470844,0.11119556017220018,0.5243649750947952,-0.6599224269390106,-0.3727244859561324,-0.574525985121727,-0.24875429086387157,-0.011145028541795915,-1.4277484595775605,1.0384780645370484,0.04473896399140358,-0.7189511328935623,-0.602661520242691,1.0085387766361238,0.3928873389959336,1.1966497004032137,0.14667474704328926
2019-08-29 14:00:00,4.436103248596192,0.8607534050941468,-1.806128895282745,-1.7967366695404052,3.2344793558120726,-0.6223575562238693,-1.341013453900814,0.6638108909130096,-0.37327169105410574,-0.7263872534036636,-1.3937186419963836,-0.9138667911291123,0.13511134665459396,-0.41117321848869315,0.11370289325714111,-0.78477922976017,-0.5957406982779503,-0.7490411538630724,-0.45197658240795135,-0.38034476712346077,-0.09965533837676048,-1.4277484595775605,1.0384780645370484,0.04473896399140358,-0.8312345445156097,-0.6830104902386666,1.0085387766361238,0.19938693940639496,1.021071928739548,0.08251156881451609
2019-08-29 15:00:00,3.7297165870666498,6.21526999473572,-0.15424546096473934,-1.8978598713874821,1.179171407222748,-1.0930658280849455,-1.341013453900814,1.3685039758682254,-1.3629018425941466,-0.933952859044075,-1.6727600693702698,-0.9694931149482727,0.13511134665459396,-0.577859728038311,0.1212247744202614,0.43708865344524384,-0.46737719774246217,-1.6522010907530784,-0.3907018661499023,-0.38034476712346077,-0.18324836604297162,-1.7287033796310425,1.0384780645370484,0.04473896399140358,-0.9274776160717011,-0.7231849983334542,1.0639061272144317,-0.07473867759108542,1.021071928739548,-0.06185561195015911
2019-09-02 12:00:00,-9.69162721633911,-0.24164704345166682,-1.2054441690444948,-0.12820807583630084,1.7397101044654846,-0.30855209231376646,0.19975354224443437,0.2611292347311973,0.7153213888406753,0.5708985053002834,0.28053019344806673,-0.4549490109086037,0.12324143496807664,0.4889337383210658,0.09615175351500511,-0.8720554530620575,0.17444014456123114,0.02868001610040662,0.3445945575833321,0.8368671715259552,0.05277911424636843,-0.22392789032310248,-1.559511339664459,-0.012116342224180699,-0.7349916845560074,-4.4525554403673785e-05,0.1503460481762886,0.796013281494379,2.513483726978302,0.3712459057569504
2019-09-02 13:00:00,-3.3341488361358635,1.805667757987976,-1.055272787809372,-1.1899991750717163,2.4870947122573854,-0.3533813774585724,-0.3994335986673832,0.5631404787302017,-0.27430868335068226,0.46711558699607847,0.07124907523393628,-0.6635480016469956,0.137485328130424,0.4222591817378998,0.10868828967213631,0.5243649750947952,0.36698536574840546,-0.2974611598998308,0.22204516418278217,0.37630055323243145,-0.03573121428489687,-0.3744053609669208,-1.559511339664459,0.0020974505692720412,-0.8392549753189087,-0.12056793123483656,0.178029665723443,0.4735125258564949,0.4065492957830431,0.30708276480436325
2019-09-02 14:00:00,5.14249005317688,0.38829603902995585,-1.3556154489517211,-1.2911220371723175,2.4870947122573854,-0.6896015226840974,-0.9986207336187363,0.9658222138881684,-0.670160734653473,0.3633327469229698,-0.06827161246910692,-0.830427160859108,0.137485328130424,0.28890997469425206,0.12373210359364747,0.5243649750947952,0.23862189650535584,-0.824304512143135,0.4671439930796624,0.01442673355340958,-0.18324836604297162,-0.6753604620695114,-1.559511339664459,0.011573361605405796,-0.9194573342800141,-0.08039345419383606,0.37181519344449043,0.038136590365320425,0.05539356200024483,0.275001154052734
2019-09-06 12:00:00,-7.5724691390991214,1.6481824159622191,-1.055272787809372,0.12459921780973673,0.6186329573392868,-0.30855209231376646,0.4565480038523674,-0.1415525060147047,0.9132474273443222,9.278301149607052e-05,-0.2775527615100145,-0.4966687038540841,0.1184934583259746,0.022211620211601252,0.098659086227417,0.5243649750947952,-0.852467593550682,0.10394334346055985,-0.8458853513002396,0.7052766591310501,-0.18324836604297162,0.7541762739419937,-0.04401756357401608,-0.016854279907420295,-0.6868702363222837,-0.4017892315983772,0.31644788831472404,-0.010238524712622146,1.021071928739548,0.5958171218633652
2019-09-06 13:00:00,-1.2149895310401915,3.2230393648147575,-1.055272787809372,-1.1899991750717163,-2.1840596079826353,-0.42062553465366365,-0.2567700213519856,-0.04088207548484203,-0.7691237837076187,-0.25936435237526895,-0.6961149364709854,-0.7052677899599076,0.137485328130424,-0.11113756676204498,0.1036736749112606,-0.43567412793636323,-0.8799740612506867,-0.07167110107839106,-0.8721459925174713,0.442095757368952,-0.17833114201202988,0.6789374619722366,-0.910014021396637,-0.007378401234745991,-0.8232144087553024,-0.44196370244026184,0.3441315159201622,-0.04248859670478848,0.8454939961433411,0.46749075651168825
2019-09-11 12:00:00,-13.2235613822937,-2.6039335370063785,-3.4580122232437134,-0.8866301774978638,1.3660177409648895,-0.39821079522371294,-0.0855736777186394,-0.1415525060147047,2.100803625583649,0.5708985053002834,-0.20779233977664263,-0.4688556298613548,0.11611951175145804,0.3222473006695509,0.098659086227417,0.43708865344524384,0.30280362367630004,-0.22219778089784087,0.22204516418278217,1.6922054767608643,-0.21766906641423706,1.0551314294338225,-0.910014021396637,-0.0452819429337978,-0.6708297606557607,-0.6428361028432846,0.03961149372626095,-0.20373896062374114,-1.1736515164375305,0.41936834901571274
2019-09-11 13:00:00,-6.86608190536499,0.8607534050941468,-2.4068140029907226,-1.3922450602054597,0.9923254191875459,-0.375796115398407,-0.8274244338274002,0.36179963797330855,0.8142844289541245,0.2076584666967392,0.07124907523393628,-0.5801083818078041,0.12086747867288068,0.15556081458926202,0.1011663906276226,0.26253609806299205,0.23862189650535584,-0.5483388856053353,0.5896933823823929,0.6065839197486639,-0.14882770068943502,-0.148689078912139,-1.559511339664459,0.04000103436410426,-0.726971572637558,1.4060620181262493,0.31644788831472404,-0.18761390447616574,-1.437018245458603,0.21083802841603752
2019-09-11 14:00:00,3.7297165870666498,2.278125286102295,-2.1064713478088377,-1.3416835904121398,0.8054791927337647,-0.5551134824752808,-1.1127517133951188,0.16045879647135736,-0.17534566768445076,-0.051798624871298646,-0.41707336977124215,-0.6218282163143158,0.12086747867288068,0.055548920016735795,0.10618098601698875,0.17525984346866608,0.6237123206257821,-1.2006211042404173,0.7122427493333816,0.24471007455140353,-0.30126207806169986,-1.1267932415008546,-1.9925094723701484,0.030525114387273778,-0.8312345445156097,0.16065336726605894,0.6209679365158082,-0.38111432567238807,-2.6660633444786073,0.30708276480436325
2019-09-27 13:00:00,-4.7469222307205206,-4.493762373924255,-0.45458799004554756,1.5403205037117005,1.3660177409648895,0.47596166878938684,0.9986696928739548,0.05978835755959152,0.5173954039812088,-0.25936435237526895,-0.5565942019224167,0.003968725074082613,0.2680542528629303,0.12222351357340813,0.24157531261444093,0.5243649750947952,-0.33901374563574793,1.032191175222397,-0.14560304805636404,-1.6304545611143113,-0.020979513786733156,-0.9763156294822692,-1.343012309074402,0.28637401526793843,-0.7189511328935623,-0.20091685727238656,0.3994988158345223,0.005886504100635614,-1.7881741166114806,0.14667474704328926
2019-09-27 14:00:00,-0.5086026705801487,-3.548848295211792,-0.004074297845363605,0.5796525299549102,0.058094453951343904,0.38630293123424053,0.5421461686491966,0.36179963797330855,-0.670160734653473,-0.1036900722421706,-1.0449166417121887,-0.24635011255741118,0.2822981432080269,0.12222351357340813,0.2616337239742279,0.5243649750947952,-0.14646852649748326,0.4049966659396887,-0.26815242767333985,-1.8607376307249068,-0.1537449698895216,-1.4277484595775605,-1.343012309074402,0.2721601683646441,-0.8552954077720643,-0.6830104902386666,0.6209679365158082,-0.2198639951646328,-2.1393298506736755,0.13063400834798816
2019-09-27 15:00:00,6.555263185501099,-3.548848295211792,-0.15424546096473934,0.3774067094549537,-0.12875171317718923,-0.017161284713074522,2.445639111099962e-05,-0.3428933784365654,-1.3629018425941466,-0.1036900722421706,-0.8356357395648957,-0.4549490109086037,0.2870461940765381,-0.04446294745430353,0.27667756378650665,0.5243649750947952,-0.27483201399445545,0.003592224419116946,-0.26815242767333985,-2.058123522996903,-0.17341388966888188,-1.5029871702194213,-0.47701580822467804,0.2721601683646441,-0.9515383780002594,-0.562487106025219,0.7040188491344452,-0.2521140646189451,-0.9980736613273621,0.11459318064153197
2019-10-02 11:00:00,-16.049108028411865,-6.5410778522491455,-1.5057865738868714,3.0571645259857183,2.4870947122573854,1.1035726621747015,1.7690531238913536,0.9658222138881684,3.38732271194458,-0.3112558100372553,-0.6263545989990235,0.19866107627749444,0.21820066906511787,-0.11113756676204498,0.2039657661691308,-0.78477922976017,-0.01810505141183965,0.9318400293588638,0.3445945575833321,0.7052766591310501,-0.1881656147539616,1.6570416808128354,-0.910014021396637,0.10159426536411047,-0.5425057739019394,0.20082783475518226,-0.18185761589556934,-0.09086370542645453,1.1950534462928772,0.5958171218633652
2019-10-02 12:00:00,0.19778375737369064,-4.966220521926879,-0.604759132862091,1.9953738808631898,0.24494063816964626,0.7001084620133042,1.398127870261669,0.9658222138881684,2.001840627193451,-0.4669300839304924,-1.1146771550178527,-0.07947093620896338,0.23244455009698867,-0.14447486056014897,0.2089803878450766,-0.6975029438734055,0.36698536574840546,1.082366743683815,0.7735175907611846,-0.1829590167850256,-0.17833114201202988,0.6789374619722366,-0.47701580822467804,0.1489736891817301,-0.6227082528173924,0.281176808476448,-0.20954125076532365,-0.05861363373696802,1.2058276653289794,0.35520514547824855
2019-10-02 13:00:00,7.261649322509766,-2.9189051628112797,0.7467818975448608,1.085267299413681,1.5528639078140258,0.25181488469243046,0.7989406198263168,-0.24222292155027395,0.22050639539957045,-0.5188215345144271,-1.3239580750465394,-0.2741632334887981,0.225322612375021,-0.17781209130771458,0.22402422204613687,-0.8720554530620575,0.8162574648857117,0.7562255963683129,0.4671439930796624,-0.7751162150874734,-0.20783455334603787,-0.44964414834976196,-0.2605166509747505,0.1916151674464345,-0.7349916845560074,0.12047889539971948,0.09497877601534127,-0.17148889452219007,1.216601687669754,0.21083802841603752
2019-10-02 14:00:00,8.674421977996825,-1.0290757477283479,1.9481516957283023,0.07403778582811356,0.4317868620157242,-0.06199061721563339,0.28535170406103133,0.4624700814485549,-2.055642926692962,-0.5707129552960396,-1.3937186419963836,-0.41322920471429825,0.2300705686211586,-0.2778239734470844,0.216502302326262,0.5243649750947952,0.4953488133847713,0.22938223853707312,0.3445945575833321,-1.104092425107956,-0.21766906641423706,-1.1267932415008546,-0.2605166509747505,0.2200427770614624,-0.8793561518192291,-0.12056793123483656,0.4825497314333916,-0.17148889452219007,1.227375829219818,0.05043001249432564
2019-10-02 15:00:00,5.14249005317688,-0.5566186234354973,1.7979804873466492,-0.6338228709995747,1.5528639078140258,-0.286137380450964,-0.2853026917204261,-0.1415525060147047,-3.045273208618164,-0.7263872534036636,-1.4634790062904357,-0.5940149664878847,0.22769657522439965,-0.37783591896295554,0.22151693254709243,0.3498123914003372,0.36698536574840546,-0.22219778089784087,-0.02305365577340124,-1.4001710325479504,-0.2619241692125797,-1.8791810154914856,-0.6935148239135743,0.2389946009963751,-1.0638219654560088,-0.4017892315983772,0.7317024320363998,-0.268239102512598,1.2381498396396635,-0.06185561195015911
