,SHAP_TEMP_24,SHAP_OX_05,SHAP_OX_22,SHAP_TEMP_09,SHAP_TEMP_08,SHAP_OX_18,SHAP_TEMP_01,SHAP_TEMP_21,SHAP_TEMP_22,SHAP_TEMP_23,SHAP_OX_17,SHAP_OX_03,SHAP_TEMP_02,SHAP_OX_01,SHAP_OX_04,SHAP_TEMP_03,SHAP_OX_23,SHAP_HUM_24,SHAP_TEMP_20,SHAP_TEMP_05,SHAP_TEMP_06,SHAP_TEMP_04,SHAP_OX_02,SHAP_TEMP_07,SHAP_HUM_01,SHAP_TEMP_18,SHAP_TEMP_10,SHAP_WS_01
2019-04-06 12:00:00,3.6867014884948732,-0.46716184467077265,-0.9186871618032455,2.925226187705993,4.542921328544617,0.9469255670905113,-21.035094261169434,-1.5106416225433352,-1.560439693927765,0.12253984250128269,1.1045391798019408,-0.6805667858570815,2.0901410222053527,-2.154199039936065,-1.0384439468383788,5.346846103668213,-0.179385781288147,-2.5474581956863402,-2.9440232992172244,1.8383169770240784,2.443692713975906,4.322649621963501,-0.09497688645496964,3.9098531723022463,3.8285173654556273,-3.8479581117630004,1.0491056932136416,-0.5133030220866204
2019-04-06 13:00:00,2.9584766745567324,-0.38908621603623034,-0.7870781600475312,2.870224165916443,4.974176669120789,0.786382168531418,-20.56256160736084,-1.668586051464081,-2.018161487579346,0.15830147452652454,0.4836737409234047,-0.8735781878232955,1.5376735180616383,1.1036112606525421,-1.3170489907264709,4.990302300453186,-0.14428458670154215,-2.3825182199478148,-4.296433353424073,1.470096755027771,1.8935161054134368,4.000457119941712,-0.38347284048795693,3.5370036244392393,4.261389827728271,-4.176027822494507,1.1798429191112518,-0.5133030220866204
2019-04-06 14:00:00,3.2821320295333862,-0.3240232147276402,-0.9186871618032455,3.145235478878022,4.4997961044311525,0.5054312400519849,-20.798825263977054,-2.3635411024093633,-2.2088791966438293,0.2655865456908941,1.5480146944522857,-1.114842548966408,1.4951760649681094,2.4067354202270512,-1.5399330615997315,3.665999579429626,-0.1325841974467039,-2.3825182199478148,-4.542325329780579,1.3420200407505036,1.366264134645462,3.7185389399528512,-0.6719688445329666,2.723514294624328,4.044953393936157,-4.700939750671386,1.1560726219788193,-0.9882846295833587
2019-04-18 13:00:00,7.651482605934143,-0.4801744520664215,-0.9186871618032455,2.622714221477508,4.154790639877319,0.4652953616343439,-16.782332992553712,-3.184851932525635,-3.8490490198135383,0.676846408098936,-0.04849674804136158,-0.8735781878232955,1.346434465050697,3.709859776496888,-1.2056068241596223,3.564130353927612,-0.15598499402403831,-0.1283362007699907,-6.140627193450928,1.2299531877040863,1.1599478483200074,3.3560723543167112,-0.4988712042570113,2.859095644950867,2.5298992514610292,-6.538131809234619,0.9540243659168481,-1.3682698965072633
2019-04-18 14:00:00,7.975137948989868,-0.3500484816730024,-1.3135138928890226,2.622714221477508,3.637283945083618,0.2646161302924156,-13.474631595611573,-3.3112072706222535,-4.039766621589662,0.6947272107005119,-0.04849674804136158,-1.2113481879234311,1.155195754766464,4.36142158508301,-1.5399330615997315,3.2075872182846075,-0.14428458670154215,-0.07335617989301683,-6.447992849349975,1.0858670443296432,1.0224037349224093,2.590865504741669,-0.9027656257152558,1.6388621926307678,3.1792080760002137,-7.063043069839478,1.0491056932136416,-1.1782771289348601
2019-04-18 15:00:00,8.136965560913087,-0.27197280898690224,-1.3135138928890226,2.2927003145217895,2.084763151407242,0.2646161302924156,-14.655954265594483,-3.4691513776779175,-4.192340540885925,0.7394292607903482,-0.31458200588822366,-1.5491180956363677,0.8577131241559982,3.709859776496888,-1.9299801111221313,2.749174773693085,-0.179385781288147,-0.018376111984252937,-7.062724494934083,0.7816851451992988,0.8160875320434571,2.3089469671249385,-0.9604648113250732,1.4354897797107697,4.044953393936157,-7.259885644912719,1.0491056932136416,-1.4632662475109102
2019-04-19 10:00:00,5.790462851524353,-0.7664516121149062,1.187056028842926,2.320201623439789,3.68040953874588,1.9503218352794647,-17.963654899597167,-1.1631642162799831,-2.132591998577118,0.37287179529666903,3.499306392669678,0.5740074207540602,1.5164246737957003,-10.624506855010987,0.6331864327890798,4.83749806880951,-0.038980950973927966,-0.7880967915058138,-2.2678188562393187,2.078460359573364,2.1915286481380467,5.087856745719909,0.8282103065401316,3.02857272028923,-1.1495183944702148,-2.6669062376022343,0.8470577798783779,0.5316564939916134
2019-04-19 11:00:00,5.224065518379211,-0.7794641435146332,1.318664973974228,2.320201623439789,3.8529120445251466,1.8700500786304475,-18.672447681427002,-1.3211084604263308,-1.5985831856727601,0.29240794815123083,2.8784408092498777,-0.10153252929449083,1.2614395707845687,-8.018257856369019,0.13169728964567184,3.6150652885437013,0.0429218590259552,-1.1729570508003238,-2.636657774448395,1.774278748035431,2.2373766243457793,3.5977163910865784,0.3666167240589857,3.1641547858715056,-1.1495183944702148,-3.716729974746704,0.9183687269687653,0.05667486172169445
2019-04-19 12:00:00,4.495840454101563,-0.662350744009018,1.187056028842926,2.4302058458328246,4.025414323806762,1.5890992224216458,-17.018598556518555,-1.5106416225433352,-1.7893006801605225,0.16724194642156362,1.7254047870635987,-0.48755535259842875,1.3251859068870546,-2.154199039936065,-0.6483968168497085,3.003848338127136,0.05462227910757065,-1.6127975046634675,-3.4358086585998535,1.1819244623184206,1.8018203258514405,2.6311396121978765,0.13581989705562592,3.231945300102234,-0.2837732471525669,-4.504097819328308,0.9183687269687653,0.05667486172169445
2019-04-19 13:00:00,3.363045859336853,-0.4801744520664215,1.5818828225135801,2.5402105212211614,4.111665606498719,1.0673330545425415,-14.89221658706665,-1.9212972402572632,-2.018161487579346,0.21194402668625117,1.0158441185951232,-0.6805667858570815,1.176444464921951,5.012983560562134,-1.0941649436950684,3.1566525936126717,0.0429218590259552,-1.7777374982833862,-4.419378924369812,0.7976947665214539,0.9536317497491836,2.14785076379776,-0.38347284048795693,2.5879330694675446,0.3655356913805008,-4.897781562805175,0.965909569337964,-0.5133030220866204
2019-04-19 14:00:00,3.7676156163215637,-0.376073670387268,1.8451007008552551,2.5952128291130063,3.292279541492462,0.7462462887167931,-13.002103710174561,-2.4267188429832456,-2.514026951789856,0.2655865456908941,0.5723687738180161,-1.114842548966408,0.9852057695388794,8.92235689163208,-1.3170489907264709,2.800109207630157,0.0780231162905693,-1.9976578593254088,-5.157056689262391,0.6055799202993513,0.4034553311765194,2.2686729311943052,-1.0181639552116395,1.3338037729263306,1.231281092762947,-5.488307476043701,1.0134503141045572,-1.1782771289348601
2019-04-21 13:00:00,7.004170536994934,-0.5322248399257661,-1.1819049119949339,2.8977255463600153,4.413544631004334,0.4652953616343439,-17.963654899597167,-3.3112072706222535,-4.077909708023071,0.6679059869144112,-0.40327705889940263,-0.6323139298241587,1.5801710158586502,-2.154199039936065,-0.9827229499816894,4.226281952857971,-0.1325841974467039,-0.7880967915058138,-7.062724494934083,1.2779818803071978,1.5267322659492493,3.7185389399528512,-0.09497688645496964,2.825200676918029,-1.7988282084465026,-7.194271373748779,1.0728761482983828,-0.7032956570386887
2019-04-22 10:00:00,6.8423436164855955,-0.8575397461652756,0.0025755325332284086,1.5501696646213532,2.6453960061073305,1.7095066785812378,-17.72738914489746,-1.5422305345535277,-2.323309588432312,0.4712165883742273,3.055831217765808,0.9117773830890655,1.6439172625541687,-12.253411293029785,0.967512384057045,4.226281952857971,-0.12088379710912704,-0.1283362007699907,-2.0219263672828673,1.5181255280971528,1.4579601407051086,3.8796348571777344,1.4052023172378538,1.9778157770633698,-2.881008934974671,-2.2732222437858582,0.4905024230480194,-0.2283141041174531
2019-04-22 11:00:00,6.114118313789367,-0.8575397461652756,0.5290112972259522,1.6601742625236509,2.5160190701484684,1.6693709373474122,-13.710896492004398,-1.1947530388832093,-2.056305193901062,0.33711006827652457,2.523660409450531,0.38099600076675416,1.24019079208374,-2.154199039936065,0.521744417026639,3.920673632621765,-0.06238174736499787,-0.40323643758893013,-2.2678188562393187,1.2939914584159848,1.4350360035896301,3.1144280433654794,0.5108647685497999,2.0795021653175354,-1.5823914349079136,-2.7981340289115906,0.5855838805437088,-0.2283141041174531
2019-04-22 12:00:00,4.900409626960754,-0.753439012169838,1.318664973974228,1.5776707410812376,2.6453960061073305,1.4285556524991991,-9.93066668510437,-1.3211084604263308,-1.6367265701293945,0.27452710941433905,1.991490089893341,-0.36692326515913004,0.8789618939161301,3.058297348022461,-0.09118675189092755,2.9529136657714847,-0.015580157237127398,-0.5131965070962906,-3.0669700384140013,0.9898094743490218,1.1140998244285585,2.872783839702606,-0.38347284048795693,2.045606988668442,-0.06733699789037925,-3.1918181180953984,0.6331246197223663,-0.4183067109435797
2019-04-22 13:00:00,4.334012758731843,-0.6103003770112991,1.9767096281051635,1.6601742625236509,2.602270174026489,1.1877406537532806,-6.6229650497436525,-1.731763768196106,-1.7893006801605225,0.17618235624395312,0.9271491557359696,-1.114842548966408,0.5389816805720329,6.316107892990113,-0.9548623919486999,2.087023150920868,0.05462227910757065,-0.7880967915058138,-3.5587549686431883,0.8937522083520889,0.6785435140132904,2.107576775550842,-0.8450664341449737,1.5710716187953946,0.3655356913805008,-3.782344031333923,0.5974690660834312,0.2466674566268921
2019-04-22 15:00:00,3.7676156163215637,-0.20690982732921842,0.92383813560009,1.2476572155952455,1.1791258364915849,0.4652953616343439,-9.694402313232422,-2.1740079760551456,-2.5903140187263487,0.3281696390360594,0.12889336198568344,-1.7421297252178192,0.3902403362095356,6.316107892990113,-2.26430629491806,0.5589817797765135,0.03122148253023626,-0.7880967915058138,-4.480851984024048,0.3174076278693974,0.10544306728988886,0.7785329625010491,-1.19126158952713,0.7236867547035217,-0.2837732471525669,-4.963396096229554,0.6212394222617149,-0.7982919663190842
2019-05-10 10:00:00,5.304979300498963,-0.6233130514621734,-3.156038928031921,1.6326731443405151,2.602270174026489,0.7061104929074645,-9.93066668510437,-1.763352680206299,-2.2470225214958193,0.33711006827652457,0.4836737409234047,0.33274316284805533,0.7302204877138138,-7.36669659614563,0.02025526920333504,3.1566525936126717,-0.3080902665853501,-1.5028373479843138,-3.0669700384140013,1.5821637630462644,1.6642761528491974,3.5977163910865784,0.5397143034264446,2.21508372426033,3.6120806455612184,-2.5356780886650085,0.6093541979789734,0.05667486172169445
2019-05-10 11:00:00,4.900409626960754,-0.6363256067037583,-3.024429988861084,1.6326731443405151,2.8178980946540837,0.5054312400519849,-7.568022108078003,-1.731763768196106,-2.323309588432312,0.31922920532524585,-0.04849674804136158,-0.3427967913448811,0.5389816805720329,0.4520491656847298,-0.14690777398645877,1.7304803133010864,-0.3431914672255517,-1.7227575182914734,-2.9440232992172244,1.1819244623184206,1.5267322659492493,2.2686729311943052,0.07812072290107606,2.3845606923103335,4.694262766838074,-2.4044504046440123,0.6212394222617149,-1.3682698965072633
2019-05-10 12:00:00,4.7385820865631105,-0.5972877860069274,-2.8928210735321045,1.770178771018982,3.0335258960723883,0.2646161302924156,-4.496586465835572,-1.668586051464081,-2.2851659536361693,0.33711006827652457,-0.7580574318766594,-0.7288196299225091,0.32649411261081696,4.36142158508301,-0.9270019054412841,1.2720677793025974,-0.3314911171793938,-1.5578174233436584,-3.3128626585006713,0.6536086000502109,0.9536317497491836,1.140999412536621,-0.6142696529626847,2.18118839263916,5.343571519851684,-3.45427405834198,0.6212394222617149,-0.4183067109435797
2019-05-10 13:00:00,4.900409626960754,-0.4151114158332348,-2.2347762346267706,1.9076844573020935,2.774772441387177,-0.05647066831588744,-3.078999710083008,-1.8581193208694458,-2.2088791966438293,0.3281696390360594,-0.846752499975264,-1.3078539043664934,0.05026017650961877,8.92235689163208,-1.3727700591087342,0.7627206236124039,-0.3197906821966171,-1.3928772330284118,-3.1899160861968996,0.20534057579934606,0.19713915102183818,0.7785329625010491,-0.9604648113250732,1.3338037729263306,5.5600077390670775,-4.110413670539856,0.6806652873754502,-0.2283141041174531
2019-05-10 14:00:00,4.819495940208435,-0.311010679975152,-2.2347762346267706,1.742677503824234,1.6966328382492073,-0.09660653844475746,-4.02405698299408,-1.79494149684906,-2.437740063667298,0.3102888219058514,-1.024142500758171,-1.5973710060119628,-0.07723240554332733,14.78641481399536,-2.041422188282013,0.10056928507983683,-0.26128862500190736,-1.0629970133304596,-4.1734863996505736,0.061254412517882884,-0.4447332724928856,0.3757924355566502,-1.3643592834472655,0.2152560494840145,5.5600077390670775,-4.766553664207459,0.7400911822915077,-0.4183067109435797
2019-05-10 15:00:00,4.657668018341065,-0.1548594860360027,-2.8928210735321045,1.0551492750644684,0.27348860129714014,-0.17687827795743943,-4.02405698299408,-2.30036336183548,-2.361452746391296,0.3639313202351332,-1.024142500758171,-1.9351409912109374,0.007762672007083882,16.74110164642334,-2.3757482409477233,-0.20503909699618816,-0.26128862500190736,-0.8980567812919616,-4.7882180452346805,-0.09884127229452133,-0.6510494451969862,-0.14777020923793313,-1.8836519718170166,-0.7338146045804024,4.910698556900025,-5.22585175037384,0.6687800884246826,-2.1282404065132146
2019-05-10 16:00:00,5.1431515455245975,-0.07678389679640525,-3.682474708557129,0.1476117977872491,-0.9340276271104813,-0.17687827795743943,-7.331757974624634,-2.6162522792816163,-2.971748781204224,0.3460504900664091,-0.846752499975264,-2.369416671991348,0.007762672007083882,14.78641481399536,-2.7657951593399046,-0.0013002716004848758,-0.3197906821966171,-0.7331167161464692,-5.402949190139771,-0.30696573164314034,-0.880289638787508,-0.38941451758146284,-2.0567495346069338,-1.0388732165098191,3.8285173654556273,-5.553921699523926,0.3716506496071815,-2.7932146191596976
2019-05-10 17:00:00,4.981323647499084,0.014304295554757119,-4.735346174240112,-0.622419910132885,-1.3221579492092135,-0.09660653844475746,-8.749344301223754,-2.932140707969666,-3.353183627128601,0.4890974059700966,-0.846752499975264,-2.514175295829773,0.3052452951669693,14.134852886199951,-3.2672843456268312,-0.0013002716004848758,-0.3899931088089944,-0.7331167161464692,-5.8332618236541744,-0.40302311680279673,-1.178301952779293,-0.228318390622735,-1.8836519718170166,-1.3778270661830903,4.044953393936157,-5.881991410255432,-0.020560254901647538,-2.413229203224182
2019-05-11 08:00:00,2.8775627374649053,-0.5322248399257661,0.5290112972259522,0.6426322609186171,1.3516283214092257,2.552359735965729,-18.672447681427002,0.03721282244659964,-0.6449958831071854,0.033135474473237995,4.741037344932556,-0.10153252929449083,1.5801710158586502,-11.927631855010986,-0.5926758736371994,5.041236853599548,-0.15598499402403831,-1.6677773952484132,0.744365282356739,1.422068125009537,1.0682518541812898,4.242101240158081,0.8282103065401316,1.4693851917982104,-0.2837732471525669,1.5323891341686247,0.33599510937929156,0.8166454166173935
2019-05-11 09:00:00,2.1493378400802614,-0.49318699091672896,1.318664973974228,0.8351402282714844,1.8691351532936096,2.4319520354270936,-13.238368129730224,0.22674605362117287,-0.14913046937435862,-0.05626877695322037,4.652342438697815,-0.10153252929449083,1.3251859068870546,-1.5026368021965026,-0.6483968168497085,3.7678693771362304,-0.015580157237127398,-1.8876977860927582,0.49847272485494615,1.4380777597427368,1.297491991519928,3.7588127732276915,0.48201506873592737,1.503280717134476,2.3134628534317017,0.6137933529913425,0.19337297901511197,-0.1333177663385868
2019-05-11 10:00:00,1.3401987493038179,-0.4801744520664215,2.2399274587631224,1.1651538133621215,1.9122608482837677,2.3918162286281586,-12.057045269012448,0.10039054304361343,0.07973037865012882,-0.17249436154961587,4.741037344932556,-0.3910496860742569,0.8364643543958664,3.709859776496888,-0.6483968168497085,3.1566525936126717,0.05462227910757065,-2.1625981330871578,0.49847272485494615,1.245962753891945,1.3204159498214723,2.7519617319107064,-0.44117205739021303,1.842234480381012,2.097026413679123,0.22010935600847006,0.2765692096203566,-1.2732735693454742
2019-05-11 11:00:00,0.2883185013721232,-0.4801744520664215,3.4244081020355224,1.1926548659801484,2.3435165166854857,2.4319520354270936,-8.513079357147216,0.10039054304361343,-0.07284358274191619,-0.22613686099648475,4.208867144584655,-1.163095298409462,0.7302204877138138,9.573918724060059,-0.9827229499816894,1.9851539254188537,0.13652512347907758,-2.3275381505489348,-0.36215131282806395,0.8457234680652619,1.0453277468681335,2.2686729311943052,-0.9027656257152558,1.8761298418045045,2.5298992514610292,-0.3704166114330291,0.4191913351416588,-0.5133030220866204
2019-05-11 12:00:00,-0.1971648903563619,-0.40209885202348233,3.819234752655029,1.467666220664978,2.3866424202919005,2.1911368250846865,-4.732849669456482,-0.341853591799736,-0.07284358274191619,-0.19037524077575654,3.499306392669678,-1.5491180956363677,0.4114891385659575,18.695787620544433,-1.8742591381072997,1.7304803133010864,0.2418287754058838,-2.3825182199478148,-0.7309901945292949,0.6536086000502109,0.47222737818956384,1.342369681596756,-1.4220583260059354,1.4693851917982104,3.8285173654556273,-1.289012348651886,0.4310765564441681,-0.5133030220866204
2019-05-11 13:00:00,0.12649060217663646,-0.19389724358916288,3.4244081020355224,1.4951673150062563,1.8691351532936096,1.8700500786304475,-3.787793183326721,-0.5313868343830108,-0.6068523913621904,-0.19037524077575654,2.080185055732727,-1.983393782377243,0.07150894179940223,19.998911666870118,-2.3200273156166076,0.9664595395326614,0.2769299909472466,-2.3825182199478148,-1.2842484652996062,0.2853884395211935,0.19713915102183818,1.140999412536621,-2.2298471450805666,0.6220006331801414,4.910698556900025,-2.1419941067695616,0.5499283030629158,-0.5133030220866204
2019-05-11 14:00:00,0.12649060217663646,-0.08979648230597378,3.2927993297576905,1.1651538133621215,0.7909956127405167,1.2278764992952347,-3.315264129638672,-0.815686684846878,-0.8357134133577346,-0.06520921438932419,0.9271491557359696,-2.6589336872100833,-0.013486096262931863,18.695787620544433,-2.8215162515640264,0.15150400567799804,0.2418287754058838,-2.2175781548023226,-2.144872510433197,0.20534057579934606,-0.330113268084824,0.5368886332958936,-2.3452455759048463,0.2152560494840145,5.127135276794433,-2.994976103305816,0.5618136018514633,-0.7982919663190842
2019-05-16 13:00:00,3.7676156163215637,-0.49318699091672896,-1.3135138928890226,1.770178771018982,2.602270174026489,0.7462462887167931,-12.293309783935547,-1.8581193208694458,-2.5521702647209166,0.23876540083438158,0.4836737409234047,-0.5840610625222326,0.9427081108093261,-2.154199039936065,-0.9270019054412841,2.545435893535614,-0.14428458670154215,-0.4582164704799652,-3.681701135635376,0.8457234680652619,0.47222737818956384,1.8659322738647461,-0.0372777048498392,1.5710716187953946,-0.716646197065711,-4.0447999954223635,0.6568949848413468,0.05667486172169445
2019-05-23 10:00:00,4.657668018341065,-0.9226027876138687,-0.7870781600475312,1.330160564184189,2.3435165166854857,1.4686915636062625,-11.111987495422365,-0.8472754895687103,-1.255291819572449,0.25664623007178305,2.2575752973556518,0.6705130867660045,0.6877229899168015,-8.669819211959839,0.967512384057045,1.9342191576957704,-0.23788787126541142,-0.5131965070962906,-1.1613022148609162,1.3420200407505036,1.4579601407051086,2.792235767841339,0.5397143034264446,1.9439205944538116,2.5298992514610292,-0.895328477025032,0.5855838805437088,0.7216490879654884
2019-05-23 11:00:00,4.172184693813324,-0.8575397461652756,-0.6554691717028618,1.467666220664978,2.4728934764862065,1.3081481635570527,-8.040551090240479,-0.7525088727474212,-1.2171483159065246,0.08677806481719016,2.2575752973556518,-0.3427967913448811,0.6452255129814148,-0.8510748535394669,0.2431393975391984,1.6286107540130614,-0.1325841974467039,-0.5681766003370285,-1.4686680018901823,0.8617330223321915,1.1828717648983003,1.3020957350730895,0.19351912131533028,2.0795021653175354,2.9627716302871705,-1.157784378528595,0.4905024230480194,-0.3233104132115841
2019-05-23 12:00:00,2.6348210334777833,-0.6883760124444962,0.0025755325332284086,1.5501696646213532,2.6453960061073305,1.3081481635570527,-7.804286670684815,-0.9104532077908516,-1.1027178168296814,0.07783763930201529,0.5723687738180161,-0.6323139298241587,0.3689916118979454,3.058297348022461,-0.9270019054412841,1.5267412662506104,-0.12088379710912704,-0.5681766003370285,-1.7760335445404052,0.2693788941949605,0.4951513484120369,1.0604514598846433,-0.4988712042570113,1.6727574825286862,2.9627716302871705,-1.8139241814613343,0.5499283030629158,-0.9882846295833587
2019-05-23 13:00:00,2.553907299041748,-0.4151114158332348,0.5290112972259522,1.6601742625236509,2.1278887689113613,0.5455671064555646,-5.205378723144531,-1.0683975785970687,-1.2934353172779083,0.05101633444428446,-0.5806671798229217,-1.2113481879234311,0.347742871940136,5.664545631408692,-1.2613280296325684,0.8645900249481201,-0.06238174736499787,-0.6231566578149795,-2.0219263672828673,0.17332145981490613,-0.353037248365581,0.9799033403396606,-0.8450664341449737,0.6558960743248463,3.395644557476044,-2.5356780886650085,0.5855838805437088,0.6266527742147445
2019-05-23 14:00:00,2.3111655175685883,-0.33703580126166344,0.26579342409968376,1.330160564184189,0.8341211915016175,0.0238010407803813,-5.205378723144531,-1.1947530388832093,-1.4841526985168456,0.09571852050721645,-1.024142500758171,-1.5008653491735457,0.11400644481182101,7.619232845306397,-1.9299801111221313,0.8136553630232811,-0.015580157237127398,-0.7331167161464692,-2.636657774448395,0.14130229461006819,-0.4905814103782177,0.45634053498506544,-1.0758631944656372,-0.5982330612838268,3.1792080760002137,-3.3886600971221923,0.6331246197223663,-0.7982919663190842
2019-05-23 15:00:00,2.7157350540161134,-0.18088464401662346,-0.26064230427145957,0.5051266007125378,-0.7615253299474717,-0.17687827795743943,-4.496586465835572,-1.5106416225433352,-1.6367265701293945,0.14042068906128408,-1.7337032735347748,-1.6938766598701478,0.11400644481182101,9.573918724060059,-2.26430629491806,0.25337345115840426,-0.038980950973927966,-0.6231566578149795,-3.3128626585006713,-0.06682215631008147,-0.5364293739199638,0.4160665083676577,-1.248960787057877,-0.8016053676605225,2.5298992514610292,-4.504097819328308,0.4905024230480194,-3.8381741762161257
2019-05-24 09:00:00,2.553907299041748,-0.6493381887674332,1.0554469764232637,1.0001469820737838,1.6103816747665405,2.5122236549854273,-8.985608243942261,-0.057553716003894806,-0.6831393525004388,-0.03838794007897375,4.474952268600464,0.4775017000734806,0.9427081108093261,-10.624506855010987,0.2431393975391984,3.8188036680221558,-0.038980950973927966,-1.6127975046634675,0.19110682904720308,1.422068125009537,1.1140998244285585,3.7588127732276915,0.9436086311936378,1.4693851917982104,-0.2837732471525669,1.0074772179126739,0.24091369466623297,0.7216490879654884
2019-05-24 10:00:00,1.5020265817642215,-0.6883760124444962,1.5818828225135801,1.0001469820737838,1.8691351532936096,2.311544597148895,-4.496586465835572,-0.057553716003894806,-0.2635609399527311,-0.04732837751507759,3.499306392669678,-0.0050267996673937915,0.4539866395294666,-4.108885741233825,0.02025526920333504,2.2398274660110475,0.03122148253023626,-1.7227575182914734,0.37552645377581945,1.245962753891945,1.297491991519928,2.792235767841339,0.3666167240589857,1.5710716187953946,1.880590170621872,0.4169513821601868,0.3478802964091301,0.34166377189103514
2019-05-24 11:00:00,1.4211127996444701,-0.6363256067037583,1.9767096281051635,1.1651538133621215,1.9985121011734008,1.8700500786304475,-2.1339420795440676,0.03721282244659964,-0.2635609399527311,-0.1456730768084526,2.967135965824127,-0.48755535259842875,0.05026017650961877,1.1036112606525421,-0.5369548439979553,1.0683290034532549,0.0780231162905693,-1.7227575182914734,0.0066875370102934765,0.8617330223321915,1.0453277468681335,1.5437399446964264,-0.21037525050342082,1.842234480381012,4.261389827728271,-0.3704166114330291,0.3478802964091301,-0.03832147826906292
2019-05-24 12:00:00,0.5310601094737649,-0.506199623644352,2.3715366244316103,1.2476572155952455,2.3435165166854857,1.6292349785566327,-0.2438271801918745,-0.15232032872736453,-0.14913046937435862,-0.1456730768084526,2.346270263195038,-0.9700839385390282,-0.16222743103280662,5.012983560562134,-1.0941649436950684,0.10056928507983683,0.11312432102859019,-1.8327177107334136,-0.5465707570314408,0.3654362939298153,0.4951513484120369,0.6174367606639861,-0.6719688445329666,1.4693851917982104,5.127135276794433,-1.6170822620391845,0.4191913351416588,0.436660073697567
2019-05-24 13:00:00,0.5310601094737649,-0.376073670387268,3.687626004219055,1.467666220664978,1.8691351532936096,1.3482840448617937,0.464965845644474,-0.43662021309137344,-0.37799146957695484,-0.17249436154961587,0.9271491557359696,-1.3561068385839463,-0.33221750557422636,6.316107892990113,-1.651375150680542,-0.4087779618799686,0.14822554551064968,-1.7777374982833862,-1.2842484652996062,-0.002783864177763448,-0.21549318134784698,-0.14777020923793313,-1.0181639552116395,0.6558960743248463,5.5600077390670775,-2.4044504046440123,0.4548469290137291,-2.0332440614700316
2019-05-24 14:00:00,0.2883185013721232,-0.2459476418793202,3.0295810699462895,1.1651538133621215,0.8341211915016175,0.7061104929074645,4.2451958656311035,-0.815686684846878,-0.7212828904390335,-0.11885175853967667,0.39497862458229066,-1.645623791217804,-0.3959638461470604,5.012983560562134,-2.0971431612968443,-0.8162557005882263,0.26522956416010857,-1.6127975046634675,-2.452238380908966,-0.30696573164314034,-0.7427454117685557,-0.5505108930170536,-1.133562409877777,-0.39486080538481483,6.209316825866699,-3.716729974746704,0.5499283030629158,-0.2283141041174531
2019-05-24 15:00:00,0.773801626265049,-0.14184684362262487,1.5818828225135801,0.5051266007125378,-0.5027719654142857,0.4652953616343439,3.5364025831222534,-1.4158750832080842,-1.1790047347545622,-0.03838794007897375,0.12889336198568344,-1.7421297252178192,-0.7359438799321651,5.012983560562134,-2.43146915435791,-0.9690599739551544,0.20672753881663083,-1.6127975046634675,-3.1899160861968996,-0.46706143794581295,-1.178301952779293,-0.8727032780647278,-1.0181639552116395,-1.1744545936584472,5.992880654335022,-4.176027822494507,0.4191913351416588,-0.7032956570386887
2019-05-24 16:00:00,1.5020265817642215,-0.06377126090228562,0.7922291815280915,-0.34740850403904905,-1.4946603000164032,0.34488783627748487,1.646288013458252,-1.79494149684906,-1.903731107711792,0.06889719069004059,-0.04849674804136158,-1.645623791217804,-0.672197698801756,14.134852886199951,-2.5429112672805787,-1.7840156078338623,0.0780231162905693,-1.5028373479843138,-4.419378924369812,-0.5951380409300328,-1.4075419336557389,-0.9935252904891968,-1.0181639552116395,-1.818467116355896,3.395644557476044,-3.9135719776153564,0.13394702896475794,-2.2232367515563967
2019-05-25 08:00:00,1.8256823003292084,-0.33703580126166344,0.6606202542781829,0.01010613068938256,0.4028654165565967,1.829914289712906,-8.040551090240479,0.6058124962029979,0.23230437636375423,-0.17249436154961587,4.652342438697815,-0.3427967913448811,1.0064544200897216,-8.018257856369019,-0.5926758736371994,3.6150652885437013,-0.09748298674821854,-0.8980567812919616,1.6664628028869628,0.8297139093279838,0.42637926861643793,2.9533322215080253,0.4243159368634224,0.4525237386580557,1.231281092762947,3.6320367097854613,-0.16318237129598856,1.1966309346258641
2019-05-25 09:00:00,0.2883185013721232,-0.49318699091672896,1.4502739667892457,0.23011521026492118,0.5753678002394735,2.3918162286281586,-3.315264129638672,0.7005790084600447,0.5374523144215345,-0.26189866140484813,5.539293026924133,-0.43930249512195596,0.3689916118979454,-2.154199039936065,-0.9270019054412841,2.392631423473358,-0.0038797440007328826,-1.4478572964668275,2.650032711029053,0.9257713496685028,0.449303288012743,2.6311396121978765,0.13581989705562592,0.5542099125683307,2.5298992514610292,3.107125210762024,-0.07998610939830539,0.34166377189103514
2019-05-25 10:00:00,-0.5208204418420792,-0.4151114158332348,1.7134917855262757,0.3401197403669357,0.7047445021569729,2.7931745886802672,2.355081248283386,1.2060010194778443,0.6518827125430107,-0.3334220483899117,4.474952268600464,-0.6805667858570815,-0.05598361343145367,2.4067354202270512,-1.0384439468383788,0.8645900249481201,0.06632268428802487,-2.0526376962661743,2.465613448619842,0.7976947665214539,0.5868474468588829,1.6645621180534362,-0.38347284048795693,0.5881052277982235,2.3134628534317017,2.3197571754455573,0.015095297619700432,0.436660073697567
2019-05-25 11:00:00,-1.168131583929062,-0.38908621603623034,1.4502739667892457,0.422623123973608,0.7478701293468475,2.311544597148895,2.5913454413414,1.1112344056367873,1.262178486585617,-0.3602434076368809,3.5880013942718514,-1.114842548966408,-0.565953884832561,8.92235689163208,-1.3170489907264709,-0.15410440827254207,0.08972349241375921,-2.2725579977035526,1.9738285183906554,0.4134650662541389,0.4034553311765194,0.45634053498506544,-0.7873672127723694,0.7914775714278222,3.6120806455612184,1.9260730981826786,0.06263596079224956,-0.2283141041174531
2019-05-25 12:00:00,-1.4108730316162108,-0.3240232147276402,1.4502739667892457,0.45012425929307937,1.006623560190201,1.9101860105991364,6.6078392505645756,0.8585233271121979,1.1477481245994567,-0.5032901924103499,2.2575752973556518,-1.452612441778183,-0.5872026644647121,14.134852886199951,-1.8185381531715392,-1.3765374541282651,0.06632268428802487,-2.3825182199478148,1.236150425672531,-0.06682215631008147,-0.14672111105173827,-0.34914052039384846,-1.3643592834472655,0.5203144907951355,5.5600077390670775,0.7450212687253952,0.09829151295125485,-0.1333177663385868
2019-05-25 13:00:00,-2.7054950475692747,-0.20690982732921842,3.2927993297576905,0.6151311278343201,0.6616188596934081,1.3081481635570527,9.679275226593017,0.47945688366889955,0.8426001340150833,-0.4764689597301185,1.814099955558777,-1.9351409912109374,-0.9484314426779747,10.877042961120605,-2.2085852146148683,-1.4274724125862117,0.06632268428802487,-2.5474581956863402,0.867311580479145,-0.38701351089403024,-0.834441514313221,-1.3157177746295932,-1.8259526968002326,-0.2931746825575829,6.209316825866699,-1.092170423269272,0.11017675548791886,-0.7982919663190842
2019-05-25 14:00:00,-2.462753713130951,-0.11582163393031808,4.608888483047485,0.3951220527291298,-0.37339515462517736,1.1074689611792565,7.552897167205811,0.2899238417856395,0.3848783476278187,-0.40494559742510317,1.370624500513077,-2.3211637258529665,-1.2246654927730563,17.392664432525635,-2.7657951593399046,-2.2933624386787415,0.23012838140130043,-2.4924781799316404,-0.2392050683498382,-0.7712434060871602,-1.2929218739271164,-1.3559919476509095,-1.5374567806720734,-1.3100362062454223,4.910698556900025,-1.5514684438705444,0.1814877912402153,-1.2732735693454742
2019-05-25 15:00:00,-1.8154428362846375,0.014304295554757119,3.0295810699462895,-0.26490521160885694,-1.6671624720096587,0.9067897170782089,4.481460404396057,-0.27867582626640797,0.1560174189507961,-0.29766033180058005,1.5480146944522857,-2.0798996090888973,-1.0334266245365142,18.695787620544433,-3.211563515663147,-2.955514335632324,0.347132408618927,-1.8327177107334136,-1.9604531168937682,-0.7872529216110706,-1.8430983960628513,-2.040650928020477,-2.1144487857818604,-1.9879442572593689,3.8285173654556273,-1.7483102083206177,0.08640633113682272,-3.2681957721710204
2019-05-25 16:00:00,-0.8444759786128999,0.1184050649404526,1.7134917855262757,-1.089939221739769,-2.52967426776886,0.9870614811778069,3.063874006271362,-1.1631642162799831,-0.5305655144155026,-0.24401778243482114,1.6367096781730652,-2.5624280571937565,-0.7571926824748516,13.48329038619995,-2.932958483695983,-2.4971015810966497,0.20672753881663083,-1.8327177107334136,-2.3907653689384465,-1.059415675699711,-1.866022276878357,-2.5642136454582216,-2.2298471450805666,-2.8014329195022585,3.6120806455612184,-1.7483102083206177,-0.19883789606392385,-2.0332440614700316
2019-05-26 07:00:00,1.5020265817642215,-0.36306107640266416,0.92383813560009,-0.34740850403904905,-0.7615253299474717,2.59249547123909,-11.111987495422365,0.9848789006471634,0.957030740380287,-0.2171965166926384,5.273208117485046,-0.6323139298241587,0.9639569073915482,-11.276068782806394,-1.2056068241596223,2.800109207630157,-0.06238174736499787,-1.2829171538352966,3.264764428138733,0.509522445127368,-0.07794909253716467,2.107576775550842,0.25121831335127354,-0.4626516479998827,-1.7988282084465026,4.747474551200867,-0.1869528684765101,0.5316564939916134
2019-05-26 08:00:00,-0.11625103428959849,-0.3500484816730024,2.2399274587631224,-0.5124154724180698,-0.5890230581164361,2.6727671980857854,-6.150436544418335,1.5218897104263303,0.995174127817154,-0.43176685757935046,4.5636472463607785,-0.5840610625222326,0.6452255129814148,-10.624506855010987,-1.2613280296325684,2.2907623767852785,0.01952105797827246,-1.6127975046634675,4.063914847373963,0.5895703623071313,-0.00917700156569481,1.986754482984543,0.4243159368634224,-0.19148848905460908,-0.933082477748394,3.894492816925049,-0.23449347838759418,0.05667486172169445
2019-05-26 09:00:00,-2.0581841588020326,-0.33703580126166344,3.2927993297576905,-0.4024108722805977,-0.2440183937549592,2.351680213212967,1.8825521111488341,1.9325448989868164,1.6436134040355683,-0.4407072270289065,4.208867144584655,-0.43930249512195596,0.1990015131887049,-2.154199039936065,-1.2056068241596223,1.5267412662506104,0.13652512347907758,-1.5578174233436584,3.5106568813323973,0.5415416676551104,0.10544306728988886,1.5840140759944916,0.3666167240589857,-0.08980243019759657,1.6641538739204407,3.5008086919784547,-0.30580454012379055,0.15167114743962884
2019-05-26 10:00:00,-2.139098060131073,-0.3500484816730024,2.634754252433777,-0.18240190641954543,-0.11464162282645704,2.1911368250846865,4.2451958656311035,1.64824498295784,2.139479041099549,-0.5926944881677627,3.5880013942718514,-0.48755535259842875,-0.5234563834965229,8.92235689163208,-1.0384439468383788,0.4571122914552689,0.23012838140130043,-1.8876977860927582,2.711505913734436,0.3814458712935448,0.03667103350162504,0.9799033403396606,-0.38347284048795693,0.07967451177537441,2.097026413679123,2.910282635688782,-0.2582638513296843,-0.2283141041174531
2019-05-26 11:00:00,-3.514634346961975,-0.38908621603623034,3.950843644142151,-0.09989847689867021,0.10098632387816905,1.9101860105991364,8.970482540130615,1.2375899225473403,1.7961875319480896,-0.7089201405644417,3.4106111764907836,-1.114842548966408,-0.7359438799321651,19.34734935760498,-1.0941649436950684,-1.274668151140213,0.17162631861865518,-2.3825182199478148,2.3426669359207155,0.14130229461006819,-0.19256917163729667,0.134148109331727,-1.3643592834472655,-0.022011619061231624,3.8285173654556273,1.9916870832443236,-0.16318237129598856,-0.3233104132115841
2019-05-26 12:00:00,-4.566514873504639,-0.376073670387268,4.214061880111695,0.03760724086314441,-0.028390434756875037,1.829914289712906,9.679275226593017,1.048056823015213,1.3003220796585082,-0.6284562177956105,2.612355637550354,-1.9351409912109374,-1.1609192460775375,16.74110164642334,-1.8185381531715392,-1.7840156078338623,0.28863041996955874,-2.5474581956863402,1.789408552646637,-0.19489871375262738,-0.5364293739199638,-1.2351695537567138,-2.287546443939209,-0.3609654132276773,4.044953393936157,0.8106352508068084,-0.1275268144905567,-1.2732735693454742
2019-05-26 13:00:00,-3.8382900953292847,-0.20690982732921842,3.1611901760101317,-0.04489619000814855,-0.45964628383517275,1.4686915636062625,9.443012285232545,0.7637566931545735,1.0714610725641251,-0.5122306730598212,0.9271491557359696,-2.7071866989135747,-1.2246654927730563,16.74110164642334,-2.7657951593399046,-2.8027100205421447,0.3120311960577965,-2.2175781548023226,0.9287845224142075,-0.7392241194844246,-1.0178337857127189,-1.6379101514816283,-2.0567495346069338,-0.8693963557481765,4.694262766838074,-0.04234672486782073,-0.06810096157714725,-1.6532590627670287
2019-05-26 14:00:00,-2.786409187316894,0.014304295554757119,2.634754252433777,-0.31990760676562785,-1.1065300405025482,0.7061104929074645,8.734218168258668,0.32151264064013957,0.7281697064638141,-0.4585881338600301,0.30628350730985393,-2.514175295829773,-1.2034166544675826,12.180166625976565,-3.657331395149231,-2.955514335632324,0.2184279177337885,-1.942677730321884,-0.17773190550506116,-0.8993198707699775,-1.7972504854202271,-2.443391263484955,-2.0567495346069338,-1.5811994552612305,4.694262766838074,-1.4202403724193575,-0.10375650762580338,-2.1282404065132146
2019-05-26 15:00:00,-2.300925981998444,0.2225058399140835,1.7134917855262757,-0.7324244812130928,-2.012167227268219,0.4251595206558704,7.552897167205811,-0.2470869844313711,0.19416088238358503,-0.3781242337077856,0.30628350730985393,-2.514175295829773,-1.1396705001592635,15.437976551055907,-3.4344472646713258,-2.9045791864395136,0.17162631861865518,-1.8876977860927582,-0.9768828183412552,-1.219511267542839,-2.026490354537964,-2.5642136454582216,-1.6528551399707794,-2.7336421966552735,3.6120806455612184,-1.6170822620391845,-0.22260829284787179,-2.6982182741165164
2019-05-27 08:00:00,-1.8963565230369568,-0.5192122146487237,4.345670437812805,-0.5949188284575939,-0.8046509623527527,2.472087788581848,-4.260321235656738,1.9325448989868164,2.0250484108924867,-0.5032901924103499,5.450598335266113,0.1879846028983593,0.4964842125773429,-15.837003040313721,-0.31407082807272674,2.0360886096954345,0.13652512347907758,-1.3928772330284118,4.0024412155151365,0.46149373054504406,-0.21549318134784698,1.8256583273410798,1.3475030303001403,-0.2931746825575829,-0.933082477748394,4.747474551200867,-0.32957486910745504,0.5316564939916134
2019-05-27 09:00:00,-2.7054950475692747,-0.558250054717064,3.819234752655029,-0.5399166315793991,-0.37339515462517736,2.7530387878417963,-0.48009186089038847,1.9009560286998748,2.139479041099549,-0.6820987358689308,4.652342438697815,0.33274316284805533,0.029011394083499908,-5.412009620666503,-0.31407082807272674,1.1701984345912935,0.3237316317856312,-1.5028373479843138,3.818022608757019,0.4775032840669155,-0.07794909253716467,1.382643735408783,0.8282103065401316,-0.39486080538481483,1.231281092762947,4.156948471069336,-0.3414600828662514,0.15167114743962884
2019-05-27 10:00:00,-4.323773312568664,-0.558250054717064,3.819234752655029,-0.26490521160885694,-0.5027719654142857,2.3918162286281586,3.7726669788360603,1.806189352273941,2.101335334777832,-0.7089201405644417,4.120171856880187,-0.10153252929449083,-0.3109687678515911,-0.19951301440596583,-0.14690777398645877,0.04963454306125639,0.2769299909472466,-1.942677730321884,3.5106568813323973,0.3013980096206069,-0.05502505823969839,0.6979848921298981,-0.09497688645496964,-0.19148848905460908,2.097026413679123,2.910282635688782,-0.31768976784078407,-0.6082993671298027
2019-05-27 11:00:00,-4.566514873504639,-0.5972877860069274,2.8979721784591677,-0.34740850403904905,-0.2440183937549592,2.1510010361671448,6.13531084060669,1.64824498295784,1.986905026435852,-0.6999797508120537,3.3219159841537476,-0.8735781878232955,-0.6934465050697327,5.012983560562134,-0.6483968168497085,-0.7653209894895554,0.2769299909472466,-1.9976578593254088,2.9573984622955334,0.029235302191227674,-0.3071892485022545,-0.1880443078000098,-0.5565704226493835,-0.15759317576885226,3.1792080760002137,1.9916870832443236,-0.19883789606392385,-1.6532590627670287
2019-05-27 12:00:00,-4.485601282119751,-0.4801744520664215,3.5560170650482177,-0.18240190641954543,-0.20089275669306522,1.7897784113883972,8.025424814224243,1.3639453381299975,1.7961875319480896,-0.6731583595275878,2.1688802361488344,-1.2596010446548465,-0.9059341132640839,12.180166625976565,-1.5399330615997315,-1.6821461200714112,0.195027163811028,-2.1625981330871578,1.789408552646637,-0.322975273989141,-0.6968974846880883,-0.8324290797114372,-1.0181639552116395,-0.5304423775523901,2.7463356375694277,1.4667751371860507,-0.23449347838759418,-2.0332440614700316
2019-05-27 13:00:00,-4.242859363555908,-0.27197280898690224,4.477279376983644,-0.1549007035791874,-0.675274270772934,1.2680122941732408,8.497954654693604,0.7637566931545735,1.4528959870338438,-0.6284562177956105,1.193234372138977,-1.645623791217804,-1.075923992693424,19.998911666870118,-1.9857011437416077,-2.191493058204651,0.25352917835116384,-2.1625981330871578,0.9287845224142075,-0.5791284188628196,-1.2012258782982828,-1.5573620617389683,-1.6528551399707794,-1.1066638499498367,3.6120806455612184,0.6137933529913425,-0.16318237129598856,-4.693140840530397
2019-05-27 14:00:00,-3.8382900953292847,-0.1678720349445939,3.2927993297576905,-0.4574131861329079,-1.4084089040756225,0.8265179619193077,8.025424814224243,0.32151264064013957,0.7281697064638141,-0.5479924216866493,0.39497862458229066,-2.1764054536819457,-1.1184217870235444,13.48329038619995,-2.43146915435791,-2.5989708662033086,0.33543198108673095,-1.8876977860927582,0.436999586597085,-0.8673006758093834,-1.5680099219083785,-1.9601028203964233,-2.3452455759048463,-1.8523623466491697,1.880590170621872,-0.1735745777375996,-0.15129719225224111,-3.8381741762161257
2019-05-27 15:00:00,-3.110064995288849,-0.06377126090228562,2.5031454086303713,-0.9249324068427086,-2.3571721911430363,0.4652953616343439,6.844103288650513,0.06880176146514716,0.19416088238358503,-0.3781242337077856,0.30628350730985393,-2.755439651012421,-1.075923992693424,16.74110164642334,-3.044400572776795,-2.700840497016906,0.23012838140130043,-1.7227575182914734,-0.36215131282806395,-1.0273964032530785,-1.9806426107883452,-2.2822949528694156,-1.768253654241562,-2.3946885287761686,1.0148446410894394,-0.1735745777375996,-0.28203418664634233,-2.5082256317138674
2019-06-01 12:00:00,3.6867014884948732,-0.5972877860069274,-3.287648153305054,0.9726458489894867,1.5672560691833497,0.3850236766040325,-7.331757974624634,-1.5106416225433352,-1.8655876040458679,0.21194402668625117,-0.04849674804136158,-0.24629106810316448,0.5389816805720329,-6.06357216835022,-0.4812338128685951,1.221133029460907,-0.3314911171793938,0.4214642584323884,-2.821077227592468,0.6055799202993513,0.22006315290927883,1.3020957350730895,0.13581989705562592,1.0626406520605087,-3.0974459886550907,-2.338836276531219,0.2765692096203566,-2.5082256317138674
2019-06-02 13:00:00,2.0684237778186807,-0.5972877860069274,1.0554469764232637,0.6426322609186171,0.7047445021569729,1.2680122941732408,-11.584516716003417,-0.9104532077908516,-1.064574259519577,0.01525464579463005,1.902795100212097,-0.3427967913448811,0.6027279511094094,-6.715133571624756,-0.5369548439979553,1.6286107540130614,0.12482470907270908,-0.2382962828502059,-1.9604531168937682,0.509522445127368,0.22006315290927883,1.5840140759944916,0.3089175306260586,0.41862840726971634,-4.612500476837158,-2.4044504046440123,0.21714334115386008,0.15167114743962884
2019-06-02 14:00:00,1.987509900331497,-0.506199623644352,0.13418451059842482,0.422623123973608,0.532242065295577,1.1476047948002814,-9.93066668510437,-1.1631642162799831,-1.2934353172779083,0.04207590967416764,0.8384540021419525,-0.5358082130551338,0.6877229899168015,-5.412009620666503,-0.9270019054412841,1.4248719096183775,0.03122148253023626,-0.1283362007699907,-2.575184690952301,0.3814458712935448,-0.00917700156569481,1.0604514598846433,0.020421543112024654,0.24915149845182896,-4.396063351631165,-2.6669062376022343,0.19337297901511197,-0.7982919663190842
2019-06-02 15:00:00,2.2302516162395483,-0.4151114158332348,-0.6554691717028618,0.3126185715198516,0.31661423593759536,0.665974608110264,-10.166930866241454,-1.4790528118610384,-1.5985831856727601,0.09571852050721645,-0.4919722318649292,-0.7770724423229695,0.5389816805720329,-4.108885741233825,-1.1498860716819765,1.6286107540130614,-0.05068136379122734,0.09158398527652026,-3.1899160861968996,0.17332145981490613,-0.19256917163729667,0.8993551760911942,-0.09497688645496964,-0.08980243019759657,-4.612500476837158,-2.7981340289115906,0.09829151295125485,-0.1333177663385868
2019-06-02 16:00:00,2.7157350540161134,-0.36306107640266416,-0.5238601922988891,0.175112933665514,-0.11464162282645704,0.06393684791401029,-11.820781326293945,-1.79494149684906,-1.9800181031227109,0.16724194642156362,-0.04849674804136158,-0.8735781878232955,0.5602303966879846,5.012983560562134,-1.4284909844398495,1.2720677793025974,-0.12088379710912704,0.20154401157051324,-3.4358086585998535,0.10928314833436162,-0.4905814103782177,1.0604514598846433,-0.21037525050342082,-0.3609654132276773,-6.127555060386658,-3.1918181180953984,0.05075082201510668,-2.1282404065132146
2019-06-04 10:00:00,1.906595957279205,-0.7794641435146332,-1.1819049119949339,0.6151311278343201,1.2222514390945434,1.7496425807476048,-10.40319471359253,-0.15232032872736453,-0.3017045103013516,-0.0026262767612934114,2.967135965824127,0.33274316284805533,0.7302204877138138,-13.230754375457764,0.521744417026639,2.392631423473358,-0.20278662443161016,-0.2382962828502059,0.37552645377581945,0.909761843085289,0.793163561820984,2.188125038146973,1.0013079047203064,1.0626406520605087,-5.045372557640076,0.7450212687253952,0.20525815412402154,-0.3233104132115841
2019-06-04 11:00:00,1.8256823003292084,-0.753439012169838,-0.5238601922988891,0.7526368260383606,1.3516283214092257,1.6292349785566327,-7.804286670684815,0.03721282244659964,-0.37799146957695484,-0.13673265725374223,1.6367096781730652,0.04322603233158588,0.5814792290329933,-5.412009620666503,-0.14690777398645877,1.7304803133010864,-0.167685416713357,-0.1833162484690547,-0.17773190550506116,0.6215894620865583,0.5639234513044358,1.6645621180534362,0.5974134661257267,1.0965359836816788,-3.0974459886550907,0.351337394118309,0.1814877912402153,-1.4632662475109102
2019-06-06 13:00:00,0.773801626265049,-0.5192122146487237,-2.4979943871498107,0.3401197403669357,0.14411179419257678,0.06393684791401029,6.13531084060669,-0.43662021309137344,-0.7212828904390335,-0.10991131812334061,-0.5806671798229217,-1.163095298409462,-0.7571926824748516,1.7551733016967774,-1.595654034614563,-1.8349500060081483,-0.24958823323249818,0.25652415249496696,-1.2227753520011901,-0.48307097628712653,-0.7885935116559266,-1.3559919476509095,-0.4988712042570113,-0.3609654132276773,3.6120806455612184,-1.3546263456344607,0.05075082201510668,-0.03832147826906292
2019-06-06 14:00:00,0.854715421795845,-0.25896027609705924,-2.366385269165039,0.06510840710252523,-0.45964628383517275,0.0238010407803813,8.734218168258668,-0.7840976975858212,-0.7212828904390335,-0.03838794007897375,-0.4919722318649292,-1.2113481879234311,-0.9059341132640839,2.4067354202270512,-1.8742591381072997,-1.8349500060081483,-0.28468946516513827,0.3664842411875725,-1.714560604095459,-0.7872529216110706,-1.4304658472537994,-1.6781842648982999,-0.7296680569648744,-1.2422453343868258,3.6120806455612184,-1.3546263456344607,0.06263596079224956,0.05667486172169445
2019-06-06 15:00:00,1.5020265817642215,-0.19389724358916288,-2.8928210735321045,-0.31990760676562785,-1.5809114277362821,0.06393684791401029,6.844103288650513,-1.0368087619543076,-1.140861302614212,-0.03838794007897375,-1.024142500758171,-1.4043597042560578,-1.1396705001592635,2.4067354202270512,-1.9299801111221313,-2.191493058204651,-0.2729890704154969,0.4214642584323884,-2.2063455462455748,-0.9153294935822487,-1.866022276878357,-1.6781842648982999,-0.7873672127723694,-2.191316419839859,4.044953393936157,-2.1419941067695616,-0.05621575154364109,-0.3233104132115841
2019-06-06 16:00:00,1.5020265817642215,-0.18088464401662346,-3.419256639480591,-1.0349371589720249,-2.7884278416633603,-0.17687827795743943,6.6078392505645756,-1.2895196735858914,-1.4460091054439546,0.05995678156614306,-1.999788725376129,-1.452612441778183,-0.96968033015728,8.270793867111205,-2.1528643488883974,-2.751775228977204,-0.3197906821966171,0.4214642584323884,-2.2063455462455748,-0.9153294935822487,-2.0494146287441253,-1.9601028203964233,-0.7873672127723694,-2.835328340530395,0.7984083667397499,-2.2732222437858582,-0.22260829284787179,-2.7932146191596976
2019-06-06 17:00:00,2.392079377174378,-0.12883423869498073,-4.3405193328857425,-1.8049684345722194,-3.60781397819519,-0.6183725163340569,3.063874006271362,-1.2895196735858914,-1.7511572003364564,0.13148023411631585,-2.443263733386993,-1.452612441778183,-0.9484314426779747,34.98483829498291,-2.2085852146148683,-2.344297480583191,-0.3665922909975052,0.7513444319367409,-2.9440232992172244,-1.0273964032530785,-2.0494146287441253,-2.4031173229217524,-1.3066599726676942,-3.1064916372299196,-0.2837732471525669,-2.5356780886650085,-0.5316228561860044,-2.413229203224182
2019-06-20 14:00:00,-0.925390088558197,-0.5322248399257661,-0.7870781600475312,0.03760724086314441,-0.15776714719831944,0.2244802789762616,-3.787793183326721,-0.15232032872736453,-0.22541753528639674,-0.22613686099648475,-0.4919722318649292,-0.5840610625222326,-0.07723240554332733,3.709859776496888,-0.8712808609008789,0.7117859408259393,-0.038980950973927966,-0.4582164704799652,-0.7309901945292949,0.18933105878531936,-0.353037248365581,0.5771627485752105,-0.3257736518979072,-0.2931746825575829,-3.7467549800872804,-0.5672584414482117,-0.04433058574795722,0.2466674566268921
2019-06-20 15:00:00,-0.1971648903563619,-0.4281240202486515,-1.5767315983772279,-0.1273996125906706,-0.37339515462517736,0.06393684791401029,-0.7163558572530746,-0.5313868343830108,-0.37799146957695484,-0.15461348891258245,-0.13719189129769804,-1.066589604318142,-0.013486096262931863,4.36142158508301,-1.2056068241596223,-0.20503909699618816,-0.1325841974467039,-0.07335617989301683,-0.9768828183412552,-0.018793383613228777,-0.46765725314617157,0.3355184368789196,-0.9027656257152558,-0.5982330612838268,-2.6645736098289494,-0.8297145158052445,-0.06810096157714725,0.6266527742147445
2019-06-25 12:00:00,6.114118313789367,-0.883565005660057,-5.130172753334046,0.9176436096429825,1.7828838825225826,-0.3775574520230293,-7.568022108078003,-1.4158750832080842,-2.323309588432312,0.41757391737774013,-1.645008414983749,0.33274316284805533,0.007762672007083882,-11.276068782806394,0.13169728964567184,1.7814150214195252,-0.5537987992167472,1.8509454011917115,-2.821077227592468,0.4775032840669155,0.24298715181648728,1.1812734365463256,0.9436086311936378,1.1304313659667968,-2.2317007303237912,-2.994976103305816,0.2765692096203566,-0.6082993671298027
2019-07-30 10:00:00,-6.265706133842468,-1.0267035335302352,-0.5238601922988891,-1.3374494433403015,-2.4002975940704347,0.18434442784637212,8.025424814224243,2.8802110314369203,3.131209564208984,-0.7804435282945633,-0.40327705889940263,1.6838231921195983,-1.054675443470478,-20.397936820983887,1.691885733604431,-1.6312111496925354,-0.21448704823851586,0.03660396263003348,4.186861348152161,-0.322975273989141,-1.1553778782486916,-0.5505108930170536,1.9821942508220673,-1.8862574636936187,-5.6946815013885494,4.550632953643799,-0.8168671146035195,0.5316564939916134
2019-07-30 11:00:00,-5.213825702667236,-1.0267035335302352,-0.39225129038095463,-1.5574584305286405,-2.4002975940704347,0.10407267324626446,10.151805114746093,1.9957228183746338,3.283783805370331,-0.9413712866604328,-1.024142500758171,0.8635245442390442,-1.075923992693424,-6.715133571624756,1.4132808327674866,-2.548036277294159,-0.10918339043855667,-0.3482564136385918,3.5721301555633547,-0.46706143794581295,-1.2012258782982828,-1.517088043689728,1.2321045756340026,-1.7845715165138245,-4.828937125205994,4.61624686717987,-0.662359955906868,0.436660073697567
2019-07-30 12:00:00,-6.670276236534119,-0.9616406202316284,-0.5238601922988891,-1.5574584305286405,-2.2709206581115717,-0.17687827795743943,9.679275226593017,1.6798340141773225,2.215766000747681,-0.9771329574286938,-1.5563130438327788,0.23623740598559378,-1.2671629980206491,2.4067354202270512,0.4660234354436398,-2.5989708662033086,-0.09748298674821854,-0.6781366467475891,3.3262376308441164,-0.8512911342084408,-1.4075419336557389,-2.242021083831787,0.020421543112024654,-1.8523623466491697,-4.612500476837158,4.091334772109986,-0.7574412792921066,-0.03832147826906292
2019-07-31 10:00:00,-4.728342604637146,-1.0267035335302352,1.8451007008552551,-1.7774675905704498,-2.4865488409996033,0.9870614811778069,10.6243332862854,2.627500069141388,2.559057009220123,-0.7089201405644417,0.6610638409852981,1.2978002369403838,-1.1184217870235444,-13.230754375457764,1.5804437696933746,-1.7840156078338623,0.01952105797827246,0.25652415249496696,4.863065457344056,-0.48307097628712653,-1.22414992749691,-0.9129773050546646,1.635999026894569,-1.818467116355896,-5.478246116638184,5.600455832481384,-0.8881782323122023,-0.1333177663385868
2019-08-01 11:00:00,-5.37565369606018,-0.9356153607368469,1.318664973974228,-1.859971073269844,-2.7884278416633603,0.4652953616343439,13.22324161529541,2.3432002544403074,3.283783805370331,-0.8877286061644554,0.6610638409852981,0.23623740598559378,-1.3734068110585214,1.7551733016967774,0.967512384057045,-4.025143194198608,0.0780231162905693,-0.018376111984252937,4.432754111289978,-0.6911954745650293,-1.5909342318773267,-2.242021083831787,0.4243159368634224,-1.954048490524292,-4.179627418518066,5.534842491149902,-0.9357191011309623,-0.1333177663385868
2019-08-01 12:00:00,-6.184791803359985,-0.8575397461652756,0.397402327414602,-1.8049684345722194,-2.4865488409996033,0.5857029519975185,14.64082736968994,2.122078305482864,2.635343885421753,-0.9771329574286938,-0.31458200588822366,-0.43930249512195596,-1.543396842479706,3.709859776496888,-0.25834978763014077,-3.3120569705963137,0.05462227910757065,0.03660396263003348,4.309808039665222,-1.1394634440541267,-1.7284780621528626,-3.4099688649177553,-0.7296680569648744,-2.4285838484764097,-2.881008934974671,4.747474551200867,-0.8881782323122023,-1.5582625150680542
2019-08-01 15:00:00,-5.051997327804565,-0.12883423869498073,-3.024429988861084,-2.1624834567308424,-4.556576251983643,-0.7789161007851362,13.695770835876468,1.64824498295784,2.2539091706275936,-0.7446818754076958,-2.7093493700027467,-1.452612441778183,-1.628391869366169,14.134852886199951,-2.3200273156166076,-4.127012467384339,-0.0038797440007328826,0.8063244864344596,3.2032909631729125,-1.5076836824417115,-2.714210879802704,-3.4099688649177553,-1.19126158952713,-4.563992810249329,-5.911118435859681,3.3695808172225954,-0.9476042434573173,-0.8932883262634277
2019-08-02 09:00:00,-5.132912611961364,-0.883565005660057,1.187056028842926,-1.9424744367599487,-2.831552755832672,1.7897784113883972,8.970482540130615,2.659089279174805,2.9404923915863033,-0.8430264472961426,1.370624500513077,1.346053093671799,-0.9484314426779747,-17.14012794494629,1.1346755117177962,-1.0709292352199555,0.00782065656967463,0.20154401157051324,5.2319047927856435,-0.38701351089403024,-1.3846179872751236,-0.4699627123773098,2.212990975379944,-2.191316419839859,-5.478246116638184,6.125368452072143,-0.9951448768377305,0.7216490879654884
2019-08-02 10:00:00,-5.780223536491395,-0.8965775430202484,0.92383813560009,-1.8324700355529786,-2.7884278416633603,0.9067897170782089,11.09686222076416,2.5327332377433773,3.0167794942855837,-0.8966690927743912,4.5636472463607785,1.0565360188484192,-1.1609192460775375,-8.669819211959839,1.0232334643602372,-2.2933624386787415,0.0429218590259552,0.09158398527652026,5.108958697319031,-0.4350423022639007,-1.2929218739271164,-1.0740733683109283,0.9436086311936378,-2.1235255181789396,-5.045372557640076,5.075544214248657,-0.9238340258598325,-0.1333177663385868
2019-08-02 12:00:00,-6.4275346279144285,-0.7924767881631852,3.2927993297576905,-1.7499666005373,-2.52967426776886,0.8265179619193077,15.113356685638427,2.3116114974021915,2.7879183769226072,-0.8787881001830101,-1.46761811375618,-0.6323139298241587,-1.5221481248736382,14.134852886199951,-0.5369548439979553,-3.261121964454651,0.10142391622066498,-0.3482564136385918,3.818022608757019,-1.059415675699711,-1.705554449558258,-2.443391263484955,-0.7873672127723694,-2.0896299719810485,-2.6645736098289494,4.4850188255310055,-0.8644080072641372,-0.4183067109435797
2019-08-02 13:00:00,-6.103879022598267,-0.506199623644352,1.318664973974228,-1.6399618923664092,-2.659051203727722,-0.3775574520230293,18.65732316970825,1.806189352273941,2.5972006559371947,-0.860907430946827,-2.1771788239479064,-1.452612441778183,-1.7133870393037796,14.134852886199951,-1.2613280296325684,-3.668600058555603,0.23012838140130043,0.03660396263003348,3.5721301555633547,-1.219511267542839,-2.255730539560318,-2.8058576345443726,-1.8259526968002326,-2.5980608820915223,-1.5823914349079136,3.8288789987564087,-0.8406375415623188,0.2466674566268921
2019-08-02 14:00:00,-5.942050552368164,-0.33703580126166344,-1.5767315983772279,-1.722465443611145,-3.3059351444244385,-0.6986442795488983,20.783701515197755,1.6798340141773225,1.986905026435852,-0.8162053018808365,-2.354568839073181,-2.3211637258529665,-2.032118622213602,3.058297348022461,-2.2085852146148683,-4.127012467384339,0.05462227910757065,0.5314243227243424,3.264764428138733,-1.363597419857979,-2.4849709570407867,-3.1280498623847963,-1.8259526968002326,-3.4115499496459973,0.7984083667397499,3.960107278823852,-0.7930969536304474,-0.4183067109435797
2019-08-02 15:00:00,-5.537481355667113,-0.11582163393031808,3.1611901760101317,-2.13498230278492,-4.340948486328125,-0.7789161007851362,13.45950632095337,1.5218897104263303,1.8343311071395874,-0.6731583595275878,-2.088483762741089,-2.3211637258529665,-2.2233573853969575,20.650473022460936,-3.211563515663147,-4.891033267974853,-0.20278662443161016,0.20154401157051324,2.650032711029053,-1.4916741341352464,-2.6912869811058036,-3.4905166029930115,-0.8450664341449737,-3.750503754615784,-4.396063351631165,3.2383524656295775,-0.8287524297833443,-4.123162722587585
2019-08-03 09:00:00,-5.051997327804565,-0.9226027876138687,3.2927993297576905,-1.7774675905704498,-2.572799921035766,2.8734463810920707,6.844103288650513,3.1329220056533815,3.0167794942855837,-0.8340860858559609,5.273208117485046,1.4908116161823273,-0.672197698801756,-22.35262336730957,1.301838579773903,-1.1218641102313995,0.01952105797827246,0.3115041576325893,6.953152084350586,-0.4350423022639007,-1.3616939336061478,-0.7518810987472535,2.039893561601639,-2.1235255181789396,-6.776863431930542,5.9941404342651365,-0.9119484633207321,0.436660073697567
2019-08-03 10:00:00,-5.699308705329894,-0.9356153607368469,3.2927993297576905,-1.6674629718065261,-2.7021763324737553,2.6727671980857854,9.443012285232545,3.417221677303315,3.5889313936233522,-0.9145499661564827,4.120171856880187,0.9117773830890655,-0.96968033015728,-8.669819211959839,1.1903965592384338,-1.6312111496925354,0.23012838140130043,-0.07335617989301683,5.047485423088074,-0.5471092242747544,-1.3616939336061478,-1.1143476039171216,1.4052023172378538,-2.0896299719810485,-5.261809253692626,5.666070508956909,-0.8525228396058082,0.436660073697567
2019-08-03 11:00:00,-6.4275346279144285,-0.9095901101827621,1.0554469764232637,-1.7499666005373,-2.659051203727722,2.1510010361671448,9.915541267395017,2.4379667401313787,3.932223296165467,-1.0486565072089433,2.080185055732727,0.38099600076675416,-1.2034166544675826,2.4067354202270512,0.521744417026639,-2.344297480583191,0.23012838140130043,-0.2932764045894146,4.678646349906922,-0.6911954745650293,-1.522162264585495,-1.517088043689728,0.19351912131533028,-2.0896299719810485,-4.396063351631165,4.681860089302064,-0.8049819268286228,-0.2283141041174531
2019-08-03 12:00:00,-7.641242122650146,-0.753439012169838,4.608888483047485,-1.722465443611145,-2.659051203727722,1.2278764992952347,14.168300151824951,2.24843373298645,2.7497747659683234,-1.129120322316885,0.7497589319944382,-0.6323139298241587,-1.245914378762245,13.48329038619995,-0.09118675189092755,-2.9045791864395136,0.03122148253023626,-0.5681766003370285,4.371280932426453,-0.8512911342084408,-1.7284780621528626,-2.080924618244171,-0.7873672127723694,-2.326897752285004,-3.0974459886550907,3.763264536857605,-0.8406375415623188,0.15167114743962884
2019-08-08 08:00:00,-4.161945390701294,-0.9486280232667923,-1.9715585708618164,-1.9149730771780014,-2.7453021764755254,1.1877406537532806,7.080367660522461,2.8170334815978997,2.902348554134369,-0.7536223083734512,-0.31458200588822366,1.5390644431114195,-0.3959638461470604,-29.519803047180176,1.301838579773903,-0.4087779618799686,-0.3665922909975052,0.25652415249496696,6.399894905090332,-0.40302311680279673,-1.3616939336061478,-0.5505108930170536,2.559186273813247,-2.259106856584549,-5.911118435859681,5.73168375492096,-1.007030199468136,0.6266527742147445
2019-08-08 09:00:00,-4.971084070205689,-0.9356153607368469,-0.7870781600475312,-1.7774675905704498,-2.874679052829743,0.14420857075601817,9.206748247146606,3.1329220056533815,3.207496678829193,-0.8877286061644554,-1.378923052549362,1.346053093671799,-0.9909291505813599,-16.488564777374265,1.246117630600929,-0.9690599739551544,-0.23788787126541142,0.09158398527652026,5.846636629104614,-0.46706143794581295,-1.3158457964658736,-0.5505108930170536,2.039893561601639,-2.0896299719810485,-3.5303184270858763,4.61624686717987,-0.9119484633207321,0.34166377189103514
2019-08-08 10:00:00,-6.184791803359985,-0.9226027876138687,0.13418451059842482,-1.859971073269844,-2.659051203727722,-0.33742166757583614,11.569391536712647,2.848622047901153,3.5889313936233522,-0.9592521086335182,-1.7337032735347748,0.9117773830890655,-1.1821678563952447,-6.06357216835022,1.0232334643602372,-2.39523184299469,-0.1325841974467039,-0.40323643758893013,4.432754111289978,-0.46706143794581295,-1.4075419336557389,-0.9935252904891968,0.8859095759689808,-2.0218393385410307,-3.7467549800872804,4.747474551200867,-0.8525228396058082,-0.6082993671298027
2019-08-09 11:00:00,-6.9130172491073605,-0.9095901101827621,-0.9186871618032455,-1.6124606251716613,-2.3140467643737788,-0.17687827795743943,17.94852991104126,1.8377782642841338,2.368339741230011,-0.8877286061644554,-1.2902277350425724,0.04322603233158588,-1.3946557149291041,2.4067354202270512,0.6331864327890798,-2.700840497016906,0.06632268428802487,-0.3482564136385918,3.5106568813323973,-0.9473485484719276,-1.6826300889253616,-2.000376605987549,0.19351912131533028,-2.191316419839859,-1.5823914349079136,4.747474551200867,-0.8168671146035195,0.8166454166173935
2019-08-09 12:00:00,-6.184791803359985,-0.7794641435146332,-2.6296032667160034,-1.5024560675024985,-2.7884278416633603,-0.297285807132721,17.475999355316162,1.64824498295784,2.0250484108924867,-0.7625626236200332,-1.8223983526229859,-0.6323139298241587,-1.9683721713721751,-3.457323408126831,-0.4812338128685951,-3.362991976737976,-0.14428458670154215,-0.2932764045894146,3.3262376308441164,-1.0434060022234917,-2.095262724161148,-2.362843322753906,-0.7873672127723694,-2.564165449142456,-0.2837732471525669,4.2225628852844235,-0.7812115631997585,0.8166454166173935
2019-08-10 09:00:00,-5.213825702667236,-0.9876656383275986,-0.26064230427145957,-1.969975534081459,-2.7453021764755254,0.8666538402438164,6.371575117111207,2.943388867378235,3.3982143640518188,-1.0218351127579808,-0.31458200588822366,1.6838231921195983,-0.6084515180438756,-24.958870887756348,1.5804437696933746,-0.6634516000747681,0.01952105797827246,0.03660396263003348,6.70726056098938,-0.3389848705381155,-1.26999788582325,-0.38941451758146284,2.3283894181251528,-2.157420915365219,-5.045372557640076,5.0099303960800174,-0.9476042434573173,0.34166377189103514
2019-08-10 10:00:00,-7.39850127696991,-1.0006783723831176,0.397402327414602,-1.7774675905704498,-2.7453021764755254,0.14420857075601817,9.679275226593017,3.2908661723136903,3.360070192813873,-1.0039543807506561,-1.024142500758171,1.1530417203903198,-0.9271828129887583,-9.321382236480712,1.4132808327674866,-1.4784071743488307,-0.08578257858753206,-0.5681766003370285,5.17043182849884,-0.40302311680279673,-1.22414992749691,-0.7518810987472535,1.635999026894569,-1.954048490524292,-5.261809253692626,4.61624686717987,-0.9357191011309623,-0.2283141041174531
2019-08-11 11:00:00,-5.051997327804565,-1.0136910259723664,0.397402327414602,-1.4749551743268967,-2.1846698641777036,-0.3775574520230293,8.970482540130615,1.8377782642841338,2.139479041099549,-0.8519668489694597,-2.088483762741089,1.346053093671799,-0.7359438799321651,-21.04950008392334,1.357559534907341,-1.5802762985229493,0.11312432102859019,-0.2382962828502059,3.5721301555633547,-0.627157149091363,-1.2929218739271164,-0.8727032780647278,1.8667957186698914,-1.6828852653503419,-5.911118435859681,3.6976506948471077,-0.7099005840718746,1.0066381350159646
2019-08-24 13:00:00,-0.6826482772827148,-0.8054894477128982,-8.42039647102356,-0.7874268986284733,-1.0202790081501008,-1.2605460915714504,6.844103288650513,0.47945688366889955,0.23230437636375423,-0.19037524077575654,-3.064129662513733,0.09147887006402015,-0.8634366229176521,-2.8057613134384156,0.13169728964567184,-1.274668151140213,-0.8112075559794902,1.7409854173660277,0.9287845224142075,-0.643166683614254,-1.22414992749691,-1.0740733683109283,0.48201506873592737,-1.2422453343868258,-2.2317007303237912,1.2043190836906434,-0.567278459854424,-0.1333177663385868
2019-08-25 13:00:00,-3.757375991344452,-0.5322248399257661,1.4502739667892457,-0.18240190641954543,-0.45964628383517275,-0.25714987218379975,3.5364025831222534,1.3639453381299975,1.8724745392799378,-0.6373967885971069,-0.22588695473968984,-0.6323139298241587,-0.5022076310589909,-4.760448360443116,-0.8712808609008789,-1.1727988660335542,0.00782065656967463,-0.4582164704799652,1.9123551011085513,-0.45105186216533183,-1.0407578200101852,-0.7116070628166199,0.020421543112024654,-0.6660240069031715,-0.933082477748394,1.5323891341686247,-0.139412066526711,-0.4183067109435797
2019-08-25 14:00:00,-3.9192039012908935,-0.4281240202486515,0.7922291815280915,-0.31990760676562785,-0.847776535153389,0.18434442784637212,3.7726669788360603,0.8269345432519912,1.4528959870338438,-0.6463371068239212,-0.04849674804136158,-0.7770724423229695,-0.672197698801756,-3.457323408126831,-1.2613280296325684,-1.2237335324287415,0.06632268428802487,-0.5681766003370285,0.9287845224142075,-0.5310997400432825,-1.3846179872751236,-1.1546215742826462,-0.15267604924738407,-1.6150946855545043,-1.1495183944702148,1.5323891341686247,-0.16318237129598856,-0.4183067109435797
2019-08-29 10:00:00,1.8256823003292084,-1.0397162437438965,-5.524999761581421,-1.007435914501548,-1.5809114277362821,-0.45782926231622695,-0.2438271801918745,-0.5945645451545716,-0.9120004087686538,-0.01156666576862333,-1.999788725376129,1.828581690788269,0.11400644481182101,-36.035430908203125,1.6361645877361297,0.304308133199811,-0.5889000207185745,1.7409854173660277,-0.3006781846284866,0.061254412517882884,-0.9032136268913746,0.3757924355566502,3.1361781597137455,-0.903291642665863,-8.724789428710938,0.22010935600847006,-0.4246562894433737,0.6266527742147445
2019-08-29 11:00:00,1.7447682082653047,-1.0136910259723664,-5.656608819961548,-1.0349371589720249,-1.1496557712554931,-0.6183725163340569,4.481460404396057,-0.31026470661163336,-0.9120004087686538,0.006314224749803543,-2.1771788239479064,1.828581690788269,-0.33221750557422636,-19.74637622833252,1.5804437696933746,0.25337345115840426,-0.5537987992167472,1.7409854173660277,-0.6080438762903213,-0.09884127229452133,-0.6510494451969862,0.013325953669846074,2.6168853044509888,-1.4117224991321562,-6.343990612030029,0.1544953384436667,-0.5197378159500659,1.0066381350159646
2019-08-29 12:00:00,1.906595957279205,-1.0006783723831176,-6.051435661315918,-0.7599255528301001,-1.7965394139289856,-0.6986442795488983,10.6243332862854,-0.4682090818881989,-0.5687089100480079,0.006314224749803543,-2.443263733386993,1.3943060040473938,-0.7571926824748516,0.4520491656847298,1.5804437696933746,-0.8162557005882263,-0.5654991552233696,1.8509454011917115,-0.7309901945292949,-0.24292746726423506,-0.880289638787508,-0.026948058605194065,1.17440547645092,-1.0388732165098191,-5.261809253692626,0.08888135366141794,-0.5316228561860044,1.0066381350159646
2019-08-29 13:00:00,1.906595957279205,-1.0006783723831176,-6.183044910430908,-1.1724427863955496,-1.3221579492092135,-0.8190518341958523,5.662781715393067,-0.5313868343830108,-0.7594263613224029,-0.07414966225624084,-2.798044180870056,0.1879846028983593,-1.309660518169403,5.012983560562134,1.078954628109932,-1.8349500060081483,-0.6006003692746162,1.8509454011917115,-0.7924634084105492,-0.2589370040630456,-1.0866057083010674,-0.8727032780647278,-0.6142696529626847,-1.3778270661830903,-6.776863431930542,0.351337394118309,-0.41277111507952213,-0.4183067109435797
2019-09-02 10:00:00,-0.8444759786128999,-0.9746532022953034,-1.0502960443496705,-0.9799347184598446,-1.2359068214893343,1.0271973356604578,-0.2438271801918745,1.2691786378622054,1.1858918070793152,-0.39600510895252233,0.8384540021419525,0.8635245442390442,-0.20472491793334485,-14.208097362518311,1.4690016210079193,0.04963454306125639,-0.23788787126541142,0.25652415249496696,2.9573984622955334,0.2853884395211935,-0.4447332724928856,0.3757924355566502,1.2898040175437928,-0.8355009317398071,-4.828937125205994,2.910282635688782,-0.5078526137396693,0.34166377189103514
2019-09-02 11:00:00,-1.7345286846160888,-0.9746532022953034,-0.7870781600475312,-0.8149279378354549,-1.0634045481681822,0.665974608110264,4.2451958656311035,1.3639453381299975,1.3384659111499786,-0.48540929667651656,-0.22588695473968984,0.2844902902841568,-0.33221750557422636,-7.36669659614563,0.4660234354436398,-0.5106473281979561,-0.15598499402403831,0.03660396263003348,2.2197206377983094,-0.09884127229452133,-0.330113268084824,-0.1880443078000098,0.6839623540639878,-0.7338146045804024,-4.612500476837158,2.3853708028793332,-0.5078526137396693,0.9116416878998279
2019-09-02 12:00:00,-2.5436678767204284,-0.7404264479875564,-0.12903339136391878,-0.7049234199686907,-0.9340276271104813,0.18434442784637212,4.7177246570587155,0.9848789006471634,1.4528959870338438,-0.5211711034178734,-1.645008414983749,-0.22216467559337616,-0.7359438799321651,4.36142158508301,-0.20262877866625786,-0.8162557005882263,-0.1325841974467039,0.03660396263003348,1.789408552646637,-0.322975273989141,-0.880289638787508,-0.6310588385909796,0.07812072290107606,-0.5643378285691143,-3.7467549800872804,2.1229150056838986,-0.43654152303934096,0.05667486172169445
2019-09-02 13:00:00,-2.86732280254364,-0.5842752099037172,-0.26064230427145957,-0.622419910132885,-0.7183997482061386,-0.45782926231622695,10.38806848526001,0.7637566931545735,0.995174127817154,-0.5479924216866493,-1.8223983526229859,-0.7288196299225091,-0.778441459685564,9.573918724060059,-0.787699407339096,-1.7840156078338623,-0.07408215664327143,0.03660396263003348,1.2976236641407013,-0.49908053018152715,-1.2012258782982828,-0.8727032780647278,-0.9604648113250732,-1.3778270661830903,-3.7467549800872804,1.5980031490325928,-0.38900077007710937,1.0066381350159646
2019-09-02 14:00:00,-3.110064995288849,-0.44764297008514403,-1.1819049119949339,-0.4849142417311668,-1.7534139275550842,-0.5381008766591548,7.552897167205811,0.511045903712511,0.7281697064638141,-0.4407072270289065,-1.8223983526229859,-1.5973710060119628,-1.288411670923233,9.573918724060059,-1.3727700591087342,-1.8858847141265869,-0.08578257858753206,-0.07335617989301683,1.0517310202121735,-0.5951380409300328,-1.4533901274204253,-1.6379101514816283,-1.4220583260059354,-1.8523623466491697,-3.5303184270858763,1.3355470597743988,-0.353345200046897,-0.3233104132115841
2019-09-11 11:00:00,-5.6183947086334225,-1.0006783723831176,-1.1819049119949339,-0.9799347184598446,-1.7102884352207184,0.18434442784637212,1.646288013458252,3.0381553769111633,2.559057009220123,-0.8966690927743912,-1.999788725376129,1.2978002369403838,-0.3534662544727325,-23.004187393188477,1.5804437696933746,-0.6634516000747681,-0.15598499402403831,-0.3482564136385918,5.539271306991577,-0.19489871375262738,-0.8115176130086184,-0.38941451758146284,1.751397466659546,-1.2761407554149626,-7.642608785629273,4.681860089302064,-0.5435080484021455,0.34166377189103514
2019-09-11 12:00:00,-6.265706133842468,-1.0006783723831176,-1.839949643611908,-1.1174404457211495,-1.6240373253822327,-0.6183725163340569,8.261690998077393,2.690677535533905,3.474501371383667,-0.8072648018598556,-1.645008414983749,0.6705130867660045,-0.5022076310589909,-10.624506855010987,0.967512384057045,-0.8671905070543289,-0.167685416713357,-0.5681766003370285,4.0024412155151365,-0.40302311680279673,-1.0178337857127189,-0.7518810987472535,1.4629015624523163,-1.2761407554149626,-5.911118435859681,4.156948471069336,-0.5078526137396693,0.2466674566268921
2019-09-27 11:00:00,1.5829405546188355,-1.0657414883375167,-1.1819049119949339,0.2851174212992192,0.7478701293468475,0.34488783627748487,-7.568022108078003,0.2583349495194852,-0.5305655144155026,-0.07414966225624084,-0.6693622529506683,1.2495474219322205,0.3689916118979454,-16.488564777374265,1.4132808327674866,1.6795455813407898,-0.24958823323249818,0.14656397048383957,0.25258019790053365,0.669618184119463,0.518075340986252,1.1812734365463256,1.635999026894569,0.6220006331801414,-4.612500476837158,-0.1735745777375996,-0.008675079420208927,-0.1333177663385868
2019-09-27 12:00:00,1.1783711284399034,-0.9616406202316284,-1.0502960443496705,0.45012425929307937,0.7909956127405167,-0.016334792599081983,-4.02405698299408,-0.02596490941941738,0.11787389405071735,-0.08309006839990618,-0.7580574318766594,0.5740074207540602,0.32649411261081696,-7.36669659614563,0.9117915213108063,0.8645900249481201,-0.167685416713357,-0.018376111984252937,-0.36215131282806395,0.22135012224316603,0.22006315290927883,1.1007253706455233,0.8859095759689808,0.6897914215922356,-4.179627418518066,-0.1079606395214796,0.038865666463971146,-0.8932883262634277
2019-10-01 11:00:00,-2.462753713130951,-0.8315145611763001,-1.7083407640457153,-0.09989847689867021,-0.07151609025895596,-0.6183725163340569,-0.7163558572530746,0.6374012628570199,0.8807437211275101,-0.48540929667651656,-1.9110934913158417,0.7670188307762147,-0.013486096262931863,-15.402626895904541,0.9117915213108063,0.7117859408259393,-0.23788787126541142,-0.2382962828502059,1.1132041364908218,0.5575511422008276,0.10544306728988886,1.0604514598846433,1.3282701104879382,0.11356981694698334,-1.3659547984600064,0.6137933529913425,-0.10375650762580338,0.05667486172169445
2019-10-01 12:00:00,-2.5436678767204284,-0.8445270836353302,-1.0502960443496705,-0.07239727936685084,0.14411179419257678,-0.5782367080450058,0.22870151400566102,0.4162793651223183,0.5755957499146461,-0.4138859253376722,-1.999788725376129,0.31665890030562877,-0.2897200036793947,-9.321382236480712,0.35458132326602937,-0.05223489105701447,-0.21448704823851586,-0.5681766003370285,0.19110682904720308,0.17332145981490613,0.059595023095607755,0.3355184368789196,0.7897441122680903,0.07967451177537441,-1.1495183944702148,0.351337394118309,-0.1275268144905567,0.8166454166173935
2019-10-01 13:00:00,-1.8963565230369568,-0.7144012302160262,-1.7083407640457153,0.06510840710252523,0.10098632387816905,-0.6183725163340569,4.2451958656311035,-0.057553716003894806,0.308591390773654,-0.34236252382397653,-1.999788725376129,-0.13370114713907238,-0.3747150331735611,1.7551733016967774,-0.1654813465662301,-0.7143864125013353,-0.15598499402403831,-0.5131965070962906,-0.36215131282806395,-0.114850877225399,-0.4905814103782177,-0.26859236508607864,0.25121831335127354,0.011883762478828431,-1.3659547984600064,0.5481793358922005,-0.11564166685566306,0.5316564939916134
2019-10-02 10:00:00,-1.0063037812709807,-0.8185020476579666,0.7922291815280915,-0.04489619000814855,0.4028654165565967,1.5088274598121645,-4.969114136695862,0.8269345432519912,1.262178486585617,-0.3513029523193837,1.2819294571876527,1.00828318297863,0.6452255129814148,-17.14012794494629,0.967512384057045,2.545435893535614,-0.19108623191714286,-0.6231566578149795,2.465613448619842,0.8137043714523315,0.4951513484120369,2.2283990740776063,1.5206007063388824,0.4525237386580557,-4.396063351631165,1.4667751371860507,-0.1275268144905567,0.9116416878998279
2019-10-02 11:00:00,-1.329958963394165,-0.8575397461652756,1.8451007008552551,0.23011521026492118,0.5753678002394735,0.8666538402438164,-3.078999710083008,1.1112344056367873,0.8044569224119187,-0.5032901924103499,0.5723687738180161,0.4775017000734806,0.09275767207145691,-6.715133571624756,0.6331864327890798,1.5267412662506104,0.00782065656967463,-0.6781366467475891,2.2197206377983094,0.637599004805088,0.42637926861643793,1.7853843271732326,0.9436086311936378,0.6558960743248463,-3.5303184270858763,0.351337394118309,-0.10375650762580338,0.7216490879654884
2019-10-02 12:00:00,-2.7054950475692747,-0.7794641435146332,1.9767096281051635,0.3401197403669357,0.8341211915016175,0.5455671064555646,-0.2438271801918745,0.9848789006471634,1.1477481245994567,-0.39600510895252233,0.2175885304925032,-0.0050267996673937915,-0.07723240554332733,2.4067354202270512,0.02025526920333504,0.20243871584534645,0.10142391622066498,-0.6231566578149795,0.436999586597085,0.46149373054504406,0.1742150973528624,0.9799033403396606,0.020421543112024654,0.5542099125683307,-2.2317007303237912,-0.5016444563865662,0.015095297619700432,-0.1333177663385868
2019-10-02 13:00:00,-1.7345286846160888,-0.6363256067037583,1.9767096281051635,0.5051266007125378,0.7047445021569729,0.3850236766040325,1.646288013458252,0.06880176146514716,0.995174127817154,-0.4764689597301185,0.30628350730985393,-0.7770724423229695,-0.33221750557422636,6.316107892990113,-0.5369548439979553,-0.20503909699618816,0.11312432102859019,-0.8980567812919616,-0.6080438762903213,0.14130229461006819,-0.07794909253716467,-0.06722207255661487,-0.7873672127723694,0.1813606575131416,0.3655356913805008,-0.7641004621982576,0.06263596079224956,-0.2283141041174531
2019-10-02 14:00:00,-2.462753713130951,-0.506199623644352,0.397402327414602,0.422623123973608,0.23036306723952293,0.4251595206558704,1.646288013458252,-0.4682090818881989,-0.11098698759451509,-0.4407072270289065,0.12889336198568344,-1.452612441778183,-0.5022076310589909,6.96766996383667,-1.4284909844398495,-0.8162557005882263,0.11312432102859019,-0.8430767953395844,-1.40719473361969,-0.2749465858563781,-0.5364293739199638,-0.38941451758146284,-1.133562409877777,-0.19148848905460908,-0.2837732471525669,-0.6984864294528961,0.13394702896475794,-1.0832808911800385
2019-10-02 15:00:00,-2.139098060131073,-0.2979980625212193,-1.7083407640457153,0.12011066088452935,-0.2440183937549592,0.34488783627748487,1.8825521111488341,-0.878864373266697,-0.7594263613224029,-0.18143480066210033,-0.40327705889940263,-1.7421297252178192,-0.5022076310589909,12.180166625976565,-2.2085852146148683,-1.2237335324287415,-0.027280549716670044,-1.2279371798038483,-1.6530874669551845,-0.40302311680279673,-1.1324538066983223,-0.8727032780647278,-1.19126158952713,-0.8693963557481765,-0.2837732471525669,-1.157784378528595,0.09829151295125485,-0.8932883262634277
