測定局コード,日付,時,SO2(ppm),NO(ppm),NO2(ppm),NOx(ppm),CO(ppm),Ox(ppm),NMHC(ppmC),CH4(ppmC),THC(ppmC),SPM(mg/m3),PM2.5(μg/m3),SP(mg/m3),WD(16Dir),WS(m/s),TEMP(℃),HUM(％)
28206510,2024/05/01,01,0,0,0.002,0.002,0.1,,,,,0.005,5,,ENE,2.2,,
28206510,2024/05/01,02,0,0,0.001,0.001,0.1,,,,,0.007,7,,ENE,2.4,,
28206510,2024/05/01,03,0,0,0.001,0.001,0.1,,,,,0.011,9,,NE,2.9,,
28206510,2024/05/01,04,0,0,0.002,0.002,0.1,,,,,0.013,12,,ENE,3.1,,
28206510,2024/05/01,05,0,0,0.002,0.002,0.1,,,,,0.014,12,,ENE,3.1,,
28206510,2024/05/01,06,0,0.001,0.002,0.003,0.1,,,,,0.017,13,,NE,2.5,,
28206510,2024/05/01,07,0,0.001,0.002,0.003,0.1,,,,,0.020,14,,NE,3.3,,
28206510,2024/05/01,08,0,0.001,0.003,0.004,0.2,,,,,0.016,11,,NE,2.4,,
28206510,2024/05/01,09,0,0.001,0.003,0.004,0.2,,,,,0.012,8,,NE,3.3,,
28206510,2024/05/01,10,0,0.001,0.003,0.004,0.1,,,,,0.009,7,,ENE,3.3,,
28206510,2024/05/01,11,0,0.001,0.004,0.005,0.1,,,,,0.012,9,,NE,2.8,,
28206510,2024/05/01,12,0,0.001,0.004,0.005,0.1,,,,,0.010,7,,NE,2.9,,
28206510,2024/05/01,13,0,0.001,0.004,0.005,0.1,,,,,0.017,9,,NE,3.0,,
28206510,2024/05/01,14,0,0.001,0.003,0.004,0.1,,,,,-,11,,NE,3.7,,
28206510,2024/05/01,15,0,0.001,0.004,0.005,0.1,,,,,0.012,10,,NE,2.5,,
28206510,2024/05/01,16,0,0.002,0.004,0.006,0.1,,,,,0.015,10,,NE,2.1,,
28206510,2024/05/01,17,0,0.001,0.004,0.005,0.1,,,,,0.012,11,,NE,2.4,,
28206510,2024/05/01,18,0,0.002,0.004,0.006,0.1,,,,,0.010,8,,NE,3.1,,
28206510,2024/05/01,19,0,0.001,0.004,0.005,0.1,,,,,0.015,9,,NE,1.9,,
28206510,2024/05/01,20,0,0.001,0.004,0.005,0.1,,,,,0.011,8,,NE,1.1,,
28206510,2024/05/01,21,0,0.001,0.004,0.005,0.1,,,,,0.011,7,,NNE,1.1,,
28206510,2024/05/01,22,0,0.001,0.004,0.005,0.1,,,,,0.010,7,,NNE,1.0,,
28206510,2024/05/01,23,0,0.001,0.003,0.004,0.1,,,,,0.011,6,,NE,1.3,,
28206510,2024/05/01,24,0,0.002,0.004,0.006,0.1,,,,,0.011,8,,NW,1.3,,
28206510,2024/05/02,01,0,0.001,0.003,0.004,0.1,,,,,0.010,5,,NNE,0.9,,
28206510,2024/05/02,02,0,0,0.002,0.002,0.1,,,,,0.009,6,,N,1.0,,
28206510,2024/05/02,03,0,0.001,0.004,0.005,0.1,,,,,0.009,6,,NNW,1.2,,
28206510,2024/05/02,04,0,0.001,0.004,0.005,0.1,,,,,0.008,7,,NE,0.7,,
28206510,2024/05/02,05,0,0.004,0.006,0.010,0.1,,,,,0.009,6,,NNE,0.6,,
28206510,2024/05/02,06,0,0.002,0.004,0.006,0.1,,,,,0.006,5,,NE,1.0,,
28206510,2024/05/02,07,0,0.003,0.004,0.007,0.1,,,,,0.010,6,,NNE,1.1,,
28206510,2024/05/02,08,0,0.001,0.004,0.005,0.2,,,,,0.010,10,,NE,3.3,,
28206510,2024/05/02,09,0,0.001,0.004,0.005,0.1,,,,,0.012,11,,NE,2.2,,
28206510,2024/05/02,10,0,0.006,0.006,0.012,0.1,,,,,0.012,10,,ENE,2.1,,
28206510,2024/05/02,11,0.001,0.006,0.008,0.014,0.1,,,,,0.012,10,,ENE,2.1,,
28206510,2024/05/02,12,0.001,0.011,0.015,0.026,0.2,,,,,0.011,13,,SW,1.8,,
28206510,2024/05/02,13,0.001,0.020,0.023,0.043,0.2,,,,,0.013,12,,SW,2.0,,
28206510,2024/05/02,14,0.001,0.015,0.024,0.039,0.2,,,,,0.014,10,,SSW,1.5,,
28206510,2024/05/02,15,0.001,0.017,0.022,0.039,0.2,,,,,0.012,12,,SSW,1.3,,
28206510,2024/05/02,16,0.002,0.017,0.031,0.048,0.2,,,,,0.013,13,,SSW,1.1,,
28206510,2024/05/02,17,0.002,0.012,0.034,0.046,0.3,,,,,0.015,11,,SSW,0.8,,
28206510,2024/05/02,18,0.001,0.007,0.021,0.028,0.3,,,,,0.015,9,,NNE,1.2,,
28206510,2024/05/02,19,0.001,0.004,0.008,0.012,0.1,,,,,0.014,6,,CALM,0.3,,
28206510,2024/05/02,20,0.001,0.001,0.008,0.009,0.2,,,,,0.011,10,,NE,1.7,,
28206510,2024/05/02,21,0.001,0.001,0.011,0.012,0.2,,,,,0.012,8,,ENE,0.7,,
28206510,2024/05/02,22,0.001,0.001,0.007,0.008,0.1,,,,,0.010,8,,ENE,1.6,,
28206510,2024/05/02,23,0,0.001,0.009,0.010,0.2,,,,,0.012,8,,NE,1.2,,
28206510,2024/05/02,24,0,0.001,0.009,0.010,0.2,,,,,0.013,10,,ENE,1.3,,
28206510,2024/05/03,01,0,0,0.006,0.006,0.1,,,,,0.009,7,,ENE,1.3,,
28206510,2024/05/03,02,0,0.001,0.006,0.007,0.1,,,,,0.011,8,,ENE,1.0,,
28206510,2024/05/03,03,0,0,0.006,0.006,0.1,,,,,0.009,8,,NE,2.0,,
28206510,2024/05/03,04,0,0,0.006,0.006,0.1,,,,,0.010,8,,NE,1.5,,
28206510,2024/05/03,05,0,0,0.005,0.005,0.1,,,,,0.009,8,,ENE,2.0,,
28206510,2024/05/03,06,0,0,0.005,0.005,0.1,,,,,0.009,6,,ENE,2.2,,
28206510,2024/05/03,07,0,0.001,0.005,0.006,0.1,,,,,0.010,6,,ENE,2.1,,
28206510,2024/05/03,08,0,0.001,0.005,0.006,0.1,,,,,0.009,10,,ENE,2.3,,
28206510,2024/05/03,09,0,0.003,0.008,0.011,0.2,,,,,0.015,10,,NE,0.9,,
28206510,2024/05/03,10,0.001,0.006,0.013,0.019,0.2,,,,,0.015,15,,E,1.0,,
28206510,2024/05/03,11,0.001,0.011,0.016,0.027,0.2,,,,,0.013,10,,SE,1.4,,
28206510,2024/05/03,12,0.001,0.007,0.012,0.019,0.2,,,,,0.009,9,,SSW,1.3,,
28206510,2024/05/03,13,0.001,0.006,0.012,0.018,0.2,,,,,0.009,9,,SW,1.8,,
28206510,2024/05/03,14,0.001,0.005,0.012,0.017,0.2,,,,,0.008,9,,SSW,1.4,,
28206510,2024/05/03,15,0.001,0.005,0.012,0.017,0.2,,,,,0.007,12,,SSW,1.4,,
28206510,2024/05/03,16,0.001,0.006,0.013,0.019,0.2,,,,,0.010,10,,SSW,1.4,,
28206510,2024/05/03,17,0.001,0.004,0.014,0.018,0.2,,,,,0.011,8,,SSW,1.3,,
28206510,2024/05/03,18,0.001,0.004,0.017,0.021,0.2,,,,,0.010,7,,SW,1.1,,
28206510,2024/05/03,19,0.001,0.004,0.021,0.025,0.3,,,,,0.015,9,,SW,1.8,,
28206510,2024/05/03,20,0.001,0.003,0.024,0.027,0.3,,,,,0.016,8,,SW,1.8,,
28206510,2024/05/03,21,0.001,0.003,0.013,0.016,0.2,,,,,0.012,9,,WSW,0.9,,
28206510,2024/05/03,22,0.001,0.001,0.008,0.009,0.2,,,,,0.010,8,,WSW,1.0,,
28206510,2024/05/03,23,0.001,0.002,0.007,0.009,0.1,,,,,0.010,7,,WSW,0.6,,
28206510,2024/05/03,24,0.001,0.001,0.005,0.006,0.2,,,,,0.012,7,,NNW,0.6,,
28206510,2024/05/04,01,0,0.001,0.005,0.006,0.1,,,,,0.008,6,,CALM,0.3,,
28206510,2024/05/04,02,0,0.001,0.006,0.007,0.1,,,,,0.011,7,,N,0.4,,
28206510,2024/05/04,03,0.001,0,0.006,0.006,0.1,,,,,0.006,5,,ENE,1.1,,
28206510,2024/05/04,04,0.001,0.001,0.006,0.007,0.2,,,,,0.009,5,,NE,1.3,,
28206510,2024/05/04,05,0.001,0,0.006,0.006,0.2,,,,,0.011,6,,ENE,1.3,,
28206510,2024/05/04,06,0.001,0.001,0.005,0.006,0.2,,,,,0.011,6,,ENE,1.3,,
28206510,2024/05/04,07,0.001,0.001,0.007,0.008,0.2,,,,,0.014,9,,ENE,1.4,,
28206510,2024/05/04,08,0.001,0.002,0.008,0.010,0.2,,,,,0.011,10,,ENE,1.6,,
28206510,2024/05/04,09,0.001,0.003,0.010,0.013,0.2,,,,,0.015,11,,S,0.6,,
28206510,2024/05/04,10,0.001,0.008,0.017,0.025,0.3,,,,,0.014,14,,S,0.9,,
28206510,2024/05/04,11,0.002,0.006,0.015,0.021,0.3,,,,,0.016,15,,SW,1.6,,
28206510,2024/05/04,12,0.002,0.006,0.017,0.023,0.3,,,,,0.013,10,,S,0.9,,
28206510,2024/05/04,13,0.002,0.005,0.018,0.023,0.3,,,,,0.012,14,,S,1.0,,
28206510,2024/05/04,14,0.002,0.005,0.018,0.023,0.3,,,,,0.014,14,,SSW,1.4,,
28206510,2024/05/04,15,0.001,0.003,0.013,0.016,0.3,,,,,0.013,16,,SW,2.6,,
28206510,2024/05/04,16,0.001,0.003,0.011,0.014,0.2,,,,,0.013,11,,SW,2.3,,
28206510,2024/05/04,17,0.001,0.004,0.013,0.017,0.2,,,,,0.015,11,,SW,2.0,,
28206510,2024/05/04,18,0.001,0.003,0.014,0.017,0.2,,,,,0.013,5,,SW,2.7,,
28206510,2024/05/04,19,0.001,0.002,0.011,0.013,0.2,,,,,0.015,8,,SW,2.5,,
28206510,2024/05/04,20,0.001,0.001,0.009,0.010,0.2,,,,,0.014,7,,WSW,1.6,,
28206510,2024/05/04,21,0.001,0.001,0.007,0.008,0.1,,,,,0.010,9,,WSW,1.1,,
28206510,2024/05/04,22,0.001,0.001,0.006,0.007,0.1,,,,,0.008,8,,WSW,1.3,,
28206510,2024/05/04,23,0.001,0.001,0.007,0.008,0.1,,,,,0.008,6,,SW,1.2,,
28206510,2024/05/04,24,0.001,0.001,0.005,0.006,0.1,,,,,0.007,9,,WSW,1.2,,
28206510,2024/05/05,01,0.001,0.001,0.004,0.005,0.1,,,,,0.008,5,,SW,1.3,,
28206510,2024/05/05,02,0.001,0.001,0.004,0.005,0.1,,,,,0.010,6,,WSW,0.9,,
28206510,2024/05/05,03,0.001,0.001,0.004,0.005,0.1,,,,,0.010,5,,WSW,0.7,,
28206510,2024/05/05,04,0.001,0.001,0.004,0.005,0.1,,,,,0.006,5,,WSW,0.6,,
28206510,2024/05/05,05,0.001,0.002,0.008,0.010,0.2,,,,,0.009,7,,SSW,0.4,,
28206510,2024/05/05,06,0.001,0.002,0.013,0.015,0.2,,,,,0.007,6,,ENE,1.6,,
28206510,2024/05/05,07,0.001,0.002,0.008,0.010,0.1,,,,,0.011,6,,ENE,1.4,,
28206510,2024/05/05,08,0.001,0.003,0.009,0.012,0.2,,,,,0.011,11,,ENE,0.9,,
28206510,2024/05/05,09,0.001,0.007,0.009,0.016,0.2,,,,,0.012,12,,CALM,0.1,,
28206510,2024/05/05,10,0.001,0.011,0.018,0.029,0.6,,,,,0.013,12,,SW,2.1,,
28206510,2024/05/05,11,0.001,0.004,0.009,0.013,0.2,,,,,0.008,8,,SW,2.3,,
28206510,2024/05/05,12,0.001,0.003,0.007,0.010,0.1,,,,,0.009,6,,SW,2.4,,
28206510,2024/05/05,13,0.001,0.002,0.006,0.008,0.1,,,,,0.008,6,,WSW,2.1,,
28206510,2024/05/05,14,0.001,0.002,0.006,0.008,0.1,,,,,0.008,7,,WSW,3.1,,
28206510,2024/05/05,15,0.001,0.003,0.005,0.008,0.1,,,,,0.007,6,,WSW,2.5,,
28206510,2024/05/05,16,0.001,0.003,0.006,0.009,0.1,,,,,0.012,5,,SW,2.1,,
28206510,2024/05/05,17,0.001,0.002,0.007,0.009,0.1,,,,,0.010,8,,SW,2.9,,
28206510,2024/05/05,18,0.001,0.002,0.006,0.008,0.1,,,,,0.014,6,,WSW,1.9,,
28206510,2024/05/05,19,0.001,0.002,0.008,0.010,0.1,,,,,0.013,6,,WSW,2.0,,
28206510,2024/05/05,20,0.001,0.002,0.009,0.011,0.1,,,,,0.012,7,,WSW,1.8,,
28206510,2024/05/05,21,0.001,0.003,0.009,0.012,0.1,,,,,0.009,6,,WSW,1.3,,
28206510,2024/05/05,22,0.007,0.004,0.019,0.023,0.4,,,,,0.052,45,,SW,1.8,,
28206510,2024/05/05,23,-,-,-,-,-,,,,,0.022,13,,SW,1.6,,
28206510,2024/05/05,24,0.001,0.003,0.010,0.013,0.2,,,,,0.010,9,,SW,2.2,,
28206510,2024/05/06,01,0.001,0.002,0.010,0.012,0.2,,,,,0.007,5,,SW,1.7,,
28206510,2024/05/06,02,0.001,0.003,0.012,0.015,0.2,,,,,0.010,8,,SW,1.3,,
28206510,2024/05/06,03,0.001,0.004,0.014,0.018,0.2,,,,,0.008,6,,ENE,0.4,,
28206510,2024/05/06,04,0.001,0.001,0.010,0.011,0.1,,,,,0.010,6,,NW,0.5,,
28206510,2024/05/06,05,0,0.001,0.006,0.007,0.1,,,,,0.008,6,,NE,1.3,,
28206510,2024/05/06,06,0,0.002,0.008,0.010,0.1,,,,,0.011,7,,NE,0.8,,
28206510,2024/05/06,07,0,0.002,0.009,0.011,0.1,,,,,0.009,7,,NE,1.1,,
28206510,2024/05/06,08,0,0.002,0.011,0.013,0.2,,,,,0.011,6,,NE,1.2,,
28206510,2024/05/06,09,0.001,0.003,0.011,0.014,0.2,,,,,0.009,9,,CALM,0.2,,
28206510,2024/05/06,10,0.001,0.007,0.025,0.032,0.3,,,,,0.015,8,,SW,0.7,,
28206510,2024/05/06,11,0.001,0.009,0.025,0.034,0.3,,,,,0.013,11,,SW,1.7,,
28206510,2024/05/06,12,0.001,0.007,0.018,0.025,0.2,,,,,0.014,9,,SW,1.5,,
28206510,2024/05/06,13,0.001,0.008,0.018,0.026,0.2,,,,,0.010,10,,SSW,1.1,,
28206510,2024/05/06,14,0.001,0.006,0.015,0.021,0.2,,,,,0.013,13,,SW,1.4,,
28206510,2024/05/06,15,0.001,0.006,0.015,0.021,0.2,,,,,0.014,13,,SW,1.8,,
28206510,2024/05/06,16,0.001,0.004,0.014,0.018,0.2,,,,,0.014,11,,SW,1.3,,
28206510,2024/05/06,17,0.001,0.003,0.011,0.014,0.2,,,,,0.017,7,,SW,1.3,,
28206510,2024/05/06,18,0.001,0.004,0.015,0.019,0.2,,,,,0.014,8,,WSW,0.9,,
28206510,2024/05/06,19,0.001,0.004,0.019,0.023,0.2,,,,,0.010,9,,SW,1.9,,
28206510,2024/05/06,20,0.001,0.003,0.016,0.019,0.2,,,,,0.017,12,,WSW,1.0,,
28206510,2024/05/06,21,0,0.002,0.012,0.014,0.2,,,,,0.013,7,,WNW,0.4,,
28206510,2024/05/06,22,0,0.001,0.007,0.008,0.1,,,,,0.012,7,,NE,1.1,,
28206510,2024/05/06,23,0,0.001,0.007,0.008,0.1,,,,,0.011,6,,NNE,0.7,,
28206510,2024/05/06,24,0,0.001,0.007,0.008,0.1,,,,,0.013,6,,NE,1.8,,
28206510,2024/05/07,01,0,0,0.005,0.005,0.1,,,,,0.011,5,,NE,2.2,,
28206510,2024/05/07,02,0,0,0.004,0.004,0.1,,,,,0.007,5,,NE,1.9,,
28206510,2024/05/07,03,0,0,0.004,0.004,0.1,,,,,0.006,4,,NE,1.4,,
28206510,2024/05/07,04,0,0,0.004,0.004,0.1,,,,,0.006,3,,NE,1.2,,
28206510,2024/05/07,05,0,0.002,0.006,0.008,0.1,,,,,0.007,2,,NE,1.7,,
28206510,2024/05/07,06,0,0.002,0.005,0.007,0.1,,,,,0.005,2,,NE,1.6,,
28206510,2024/05/07,07,0,0.002,0.007,0.009,0.1,,,,,0.007,3,,ENE,1.0,,
28206510,2024/05/07,08,0,0.008,0.020,0.028,0.2,,,,,0.007,3,,SSW,0.5,,
28206510,2024/05/07,09,0.001,0.039,0.034,0.073,0.3,,,,,0.012,4,,SW,1.8,,
28206510,2024/05/07,10,0.002,0.035,0.030,0.065,0.3,,,,,0.016,5,,SSW,1.8,,
28206510,2024/05/07,11,0.002,0.027,0.028,0.055,0.3,,,,,0.008,13,,SW,1.5,,
28206510,2024/05/07,12,0.002,0.019,0.031,0.050,0.3,,,,,0.016,13,,SW,2.0,,
28206510,2024/05/07,13,0.002,0.014,0.028,0.042,0.3,,,,,0.021,15,,SSW,1.7,,
28206510,2024/05/07,14,0.002,0.014,0.034,0.048,0.4,,,,,0.015,16,,SW,2.4,,
28206510,2024/05/07,15,0.002,0.012,0.030,0.042,0.3,,,,,0.022,18,,SSW,1.9,,
28206510,2024/05/07,16,0.002,0.011,0.037,0.048,0.4,,,,,0.025,17,,SW,1.9,,
28206510,2024/05/07,17,0.002,0.011,0.032,0.043,0.5,,,,,0.022,18,,SW,1.8,,
28206510,2024/05/07,18,0.003,0.012,0.037,0.049,0.6,,,,,0.025,20,,SW,1.2,,
28206510,2024/05/07,19,0.003,0.006,0.036,0.042,0.6,,,,,0.028,19,,NNE,1.0,,
28206510,2024/05/07,20,0.001,0.001,0.006,0.007,0.3,,,,,0.021,17,,NE,1.5,,
28206510,2024/05/07,21,0.001,0.001,0.006,0.007,0.3,,,,,0.018,15,,ENE,2.7,,
28206510,2024/05/07,22,0,0.001,0.005,0.006,0.3,,,,,0.018,16,,ENE,2.4,,
28206510,2024/05/07,23,0,0.001,0.005,0.006,0.3,,,,,0.021,15,,ENE,2.8,,
28206510,2024/05/07,24,0,0.001,0.005,0.006,0.3,,,,,0.019,17,,ENE,2.0,,
28206510,2024/05/08,01,0,0,0.004,0.004,0.3,,,,,0.019,13,,NE,1.3,,
28206510,2024/05/08,02,0,0,0.005,0.005,0.2,,,,,0.009,6,,ENE,2.4,,
28206510,2024/05/08,03,0,0,0.002,0.002,0.2,,,,,0.004,3,,NE,2.4,,
28206510,2024/05/08,04,0,0,0.002,0.002,0.1,,,,,0.003,1,,NE,2.6,,
28206510,2024/05/08,05,0,0.001,0.004,0.005,0.1,,,,,0.004,-1,,ENE,1.6,,
28206510,2024/05/08,06,0,0.003,0.005,0.008,0.1,,,,,0.002,-2,,ENE,2.3,,
28206510,2024/05/08,07,0,0.006,0.011,0.017,0.2,,,,,0.005,1,,NNE,0.5,,
28206510,2024/05/08,08,0,0.012,0.016,0.028,0.2,,,,,0.002,0,,NE,0.6,,
28206510,2024/05/08,09,0,0.004,0.005,0.009,0.2,,,,,0.001,1,,NNE,1.1,,
28206510,2024/05/08,10,0,0.006,0.006,0.012,0.1,,,,,0,1,,NNW,1.2,,
28206510,2024/05/08,11,0,0.004,0.006,0.010,0.1,,,,,0,1,,N,1.3,,
28206510,2024/05/08,12,0,0.006,0.006,0.012,0.1,,,,,0.002,4,,NNW,2.7,,
28206510,2024/05/08,13,0,0.003,0.004,0.007,0.1,,,,,0.001,3,,N,1.7,,
28206510,2024/05/08,14,0,0.003,0.004,0.007,0.1,,,,,0.002,-2,,NNE,0.6,,
28206510,2024/05/08,15,0,0.003,0.004,0.007,0.1,,,,,0.003,0,,NE,3.3,,
28206510,2024/05/08,16,0,0.001,0.003,0.004,0.1,,,,,0.002,-2,,NE,3.7,,
28206510,2024/05/08,17,0,0.001,0.003,0.004,0.1,,,,,0.002,-1,,NNE,2.8,,
28206510,2024/05/08,18,0,0.001,0.002,0.003,0.1,,,,,0.001,0,,NE,3.0,,
28206510,2024/05/08,19,0,0.001,0.002,0.003,0.1,,,,,0.002,1,,NE,2.4,,
28206510,2024/05/08,20,0,0.001,0.002,0.003,0.1,,,,,0.003,4,,NNE,2.4,,
28206510,2024/05/08,21,0,0,0.002,0.002,0.1,,,,,0.004,6,,NNE,2.0,,
28206510,2024/05/08,22,0,0.001,0.002,0.003,0.1,,,,,0.005,5,,NNE,1.4,,
28206510,2024/05/08,23,0,0,0.002,0.002,0.1,,,,,0.004,5,,NNE,1.5,,
28206510,2024/05/08,24,0.001,0,0.002,0.002,0.1,,,,,0.008,7,,N,1.8,,
28206510,2024/05/09,01,0,0,0.002,0.002,0.1,,,,,0.009,5,,NNW,2.5,,
28206510,2024/05/09,02,0,0,0.001,0.001,0.1,,,,,0.008,5,,NNW,2.1,,
28206510,2024/05/09,03,0,0.001,0.002,0.003,0.1,,,,,0.009,8,,NNW,1.6,,
28206510,2024/05/09,04,0,0.002,0.003,0.005,0.1,,,,,0.009,8,,N,1.2,,
28206510,2024/05/09,05,0,0.002,0.003,0.005,0.1,,,,,0.009,5,,N,1.1,,
28206510,2024/05/09,06,0,0.002,0.005,0.007,0.1,,,,,0.009,9,,NNW,1.0,,
28206510,2024/05/09,07,0,0.004,0.004,0.008,0.1,,,,,0.008,5,,NE,2.2,,
28206510,2024/05/09,08,0,0.003,0.005,0.008,0.1,,,,,0.011,6,,N,1.9,,
28206510,2024/05/09,09,0,0.001,0.003,0.004,0.1,,,,,0.008,5,,ENE,3.3,,
28206510,2024/05/09,10,0,0.004,0.006,0.010,0.1,,,,,0.011,11,,NNE,2.1,,
28206510,2024/05/09,11,0,0.002,0.004,0.006,0.1,,,,,0.009,5,,ENE,3.5,,
28206510,2024/05/09,12,0,0.002,0.002,0.004,0.1,,,,,0.009,6,,NE,2.0,,
28206510,2024/05/09,13,0,0.003,0.004,0.007,0.1,,,,,0.014,-,,NNE,1.8,,
28206510,2024/05/09,14,0,0.004,0.003,0.007,0.1,,,,,0.006,10,,NNW,2.0,,
28206510,2024/05/09,15,0,0.005,0.005,0.010,0.1,,,,,0.007,6,,N,2.0,,
28206510,2024/05/09,16,0,0.001,0.003,0.004,0.1,,,,,0.008,7,,NNE,1.9,,
28206510,2024/05/09,17,0,0.001,0.003,0.004,0.1,,,,,0.005,6,,NNE,1.2,,
28206510,2024/05/09,18,0,0.003,0.004,0.007,0.1,,,,,0.008,5,,N,1.6,,
28206510,2024/05/09,19,0,0.001,0.004,0.005,0.1,,,,,0.007,4,,NE,2.1,,
28206510,2024/05/09,20,0,0.002,0.006,0.008,0.2,,,,,0.006,4,,NE,1.1,,
28206510,2024/05/09,21,0,0.001,0.008,0.009,0.2,,,,,0.016,5,,ENE,0.9,,
28206510,2024/05/09,22,0,0.001,0.008,0.009,0.2,,,,,0.006,4,,NE,0.7,,
28206510,2024/05/09,23,0,0.003,0.016,0.019,0.2,,,,,0.007,6,,NE,1.3,,
28206510,2024/05/09,24,0,0.001,0.011,0.012,0.2,,,,,0.008,6,,NE,1.5,,
28206510,2024/05/10,01,0,0,0.007,0.007,0.1,,,,,0.006,6,,NE,1.4,,
28206510,2024/05/10,02,0,0,0.006,0.006,0.1,,,,,0.006,6,,NE,1.2,,
28206510,2024/05/10,03,0,0.001,0.008,0.009,0.1,,,,,0.004,5,,NE,1.3,,
28206510,2024/05/10,04,0,0.002,0.007,0.009,0.1,,,,,0.006,5,,NE,1.6,,
28206510,2024/05/10,05,0,0.001,0.006,0.007,0.1,,,,,0.002,4,,NE,2.3,,
28206510,2024/05/10,06,0,0.001,0.008,0.009,0.1,,,,,0.006,6,,ENE,2.1,,
28206510,2024/05/10,07,0,0.003,0.011,0.014,0.1,,,,,0.010,7,,ENE,2.3,,
28206510,2024/05/10,08,0,0.003,0.008,0.011,0.2,,,,,0.008,11,,ENE,2.1,,
28206510,2024/05/10,09,0,0.005,0.011,0.016,0.2,,,,,0.011,9,,NE,1.5,,
28206510,2024/05/10,10,0.001,0.018,0.024,0.042,0.2,,,,,0.013,16,,S,1.1,,
28206510,2024/05/10,11,0.001,0.023,0.030,0.053,0.2,,,,,0.012,12,,S,0.5,,
28206510,2024/05/10,12,0.001,0.034,0.030,0.064,0.2,,,,,0.010,10,,SSW,1.5,,
28206510,2024/05/10,13,0.002,0.023,0.031,0.054,0.2,,,,,0.010,12,,SSW,1.6,,
28206510,2024/05/10,14,0.001,0.016,0.024,0.040,0.2,,,,,0.008,10,,SW,2.2,,
28206510,2024/05/10,15,0.001,0.017,0.029,0.046,0.2,,,,,0.008,11,,SW,2.7,,
28206510,2024/05/10,16,0.001,0.014,0.026,0.040,0.2,,,,,0.009,8,,SW,1.7,,
28206510,2024/05/10,17,0.002,0.008,0.021,0.029,0.2,,,,,0.011,10,,WSW,2.0,,
28206510,2024/05/10,18,0.002,0.008,0.028,0.036,0.3,,,,,0.012,7,,SW,1.7,,
28206510,2024/05/10,19,0.002,0.005,0.024,0.029,0.3,,,,,0.012,9,,SW,1.5,,
28206510,2024/05/10,20,0.001,0.003,0.019,0.022,0.2,,,,,0.008,7,,WSW,1.2,,
28206510,2024/05/10,21,0.001,0.002,0.011,0.013,0.2,,,,,0.008,8,,WSW,1.2,,
28206510,2024/05/10,22,0.001,0.001,0.008,0.009,0.2,,,,,0.008,6,,WSW,1.3,,
28206510,2024/05/10,23,0.001,0.002,0.009,0.011,0.2,,,,,0.008,7,,WSW,0.9,,
28206510,2024/05/10,24,0.001,0.001,0.005,0.006,0.1,,,,,0.008,8,,WSW,0.9,,
28206510,2024/05/11,01,0.001,0.002,0.004,0.006,0.1,,,,,0.006,5,,WSW,1.2,,
28206510,2024/05/11,02,0.001,0.002,0.006,0.008,0.2,,,,,0.005,7,,WSW,0.8,,
28206510,2024/05/11,03,0.001,0.001,0.012,0.013,0.2,,,,,0.009,6,,NE,1.3,,
28206510,2024/05/11,04,0.001,0.002,0.019,0.021,0.2,,,,,0.009,7,,N,0.6,,
28206510,2024/05/11,05,0.001,0.002,0.015,0.017,0.2,,,,,0.009,11,,ENE,1.2,,
28206510,2024/05/11,06,0.001,0.002,0.014,0.016,0.2,,,,,0.012,7,,NE,1.5,,
28206510,2024/05/11,07,0.001,0.004,0.013,0.017,0.2,,,,,0.010,9,,ENE,2.1,,
28206510,2024/05/11,08,0.001,0.003,0.013,0.016,0.2,,,,,0.009,9,,NE,1.8,,
28206510,2024/05/11,09,0.001,0.012,0.021,0.033,0.3,,,,,0.011,9,,WSW,0.7,,
28206510,2024/05/11,10,0.001,0.015,0.024,0.039,0.2,,,,,0.014,12,,SW,1.4,,
28206510,2024/05/11,11,0.001,0.008,0.020,0.028,0.2,,,,,0.010,9,,WSW,1.5,,
28206510,2024/05/11,12,0.001,0.009,0.020,0.029,0.2,,,,,0.007,9,,SW,1.8,,
28206510,2024/05/11,13,0.001,0.006,0.014,0.020,0.2,,,,,0.009,9,,SW,2.6,,
28206510,2024/05/11,14,0.001,0.007,0.013,0.020,0.2,,,,,0.009,7,,SW,3.4,,
28206510,2024/05/11,15,0.001,0.006,0.011,0.017,0.2,,,,,0.010,6,,SW,2.4,,
28206510,2024/05/11,16,0.001,0.007,0.011,0.018,0.2,,,,,0.012,9,,SW,2.7,,
28206510,2024/05/11,17,0.001,0.005,0.011,0.016,0.2,,,,,0.010,5,,WSW,2.0,,
28206510,2024/05/11,18,0.001,0.005,0.012,0.017,0.2,,,,,0.009,5,,SW,1.5,,
28206510,2024/05/11,19,0.001,0.004,0.013,0.017,0.3,,,,,0.013,7,,SW,2.2,,
28206510,2024/05/11,20,0.002,0.002,0.015,0.017,0.3,,,,,0.015,8,,SW,1.3,,
28206510,2024/05/11,21,0.001,0.002,0.016,0.018,0.3,,,,,0.011,5,,SW,1.2,,
28206510,2024/05/11,22,0.001,0.002,0.017,0.019,0.3,,,,,0.011,8,,WSW,1.0,,
28206510,2024/05/11,23,0.001,0.002,0.015,0.017,0.2,,,,,0.011,5,,WSW,0.7,,
28206510,2024/05/11,24,0.001,0.002,0.013,0.015,0.2,,,,,0.009,8,,SW,0.8,,
28206510,2024/05/12,01,0.001,0.002,0.015,0.017,0.3,,,,,0.009,7,,CALM,0.3,,
28206510,2024/05/12,02,0.001,0.003,0.016,0.019,0.3,,,,,0.009,7,,CALM,0.3,,
28206510,2024/05/12,03,0.001,0.002,0.010,0.012,0.2,,,,,0.007,8,,CALM,0.3,,
28206510,2024/05/12,04,0.001,0.002,0.013,0.015,0.2,,,,,0.008,5,,CALM,0.1,,
28206510,2024/05/12,05,0.001,0.001,0.011,0.012,0.1,,,,,0.008,7,,NW,0.6,,
28206510,2024/05/12,06,0.001,0.001,0.004,0.005,0.1,,,,,0.008,7,,NE,1.9,,
28206510,2024/05/12,07,0,0.001,0.005,0.006,0.1,,,,,0.007,8,,NE,0.7,,
28206510,2024/05/12,08,0,0.001,0.006,0.007,0.1,,,,,0.010,8,,ENE,1.1,,
28206510,2024/05/12,09,0.001,0.002,0.008,0.010,0.2,,,,,0.008,7,,SSE,0.4,,
28206510,2024/05/12,10,0.001,0.006,0.016,0.022,0.3,,,,,0.005,12,,SSW,1.1,,
28206510,2024/05/12,11,0.001,0.005,0.013,0.018,0.3,,,,,0.008,8,,SW,1.5,,
28206510,2024/05/12,12,0.001,0.004,0.013,0.017,0.2,,,,,0.009,8,,SW,1.7,,
28206510,2024/05/12,13,0.001,0.003,0.012,0.015,0.2,,,,,0.013,3,,SW,1.3,,
28206510,2024/05/12,14,0.001,0.005,0.013,0.018,0.2,,,,,0.008,7,,SW,1.7,,
28206510,2024/05/12,15,0.001,0.005,0.013,0.018,0.2,,,,,0.010,10,,SW,1.7,,
28206510,2024/05/12,16,0.001,0.005,0.015,0.020,0.2,,,,,0.014,9,,SW,1.0,,
28206510,2024/05/12,17,0.001,0.005,0.019,0.024,0.3,,,,,0.019,7,,SW,1.1,,
28206510,2024/05/12,18,0.001,0.005,0.022,0.027,0.3,,,,,0.013,7,,WSW,0.7,,
28206510,2024/05/12,19,0.001,0.004,0.020,0.024,0.3,,,,,0.012,7,,N,0.4,,
28206510,2024/05/12,20,0.001,0.002,0.020,0.022,0.2,,,,,0.014,10,,NNW,0.6,,
28206510,2024/05/12,21,0.001,0.002,0.020,0.022,0.3,,,,,0.013,10,,ENE,1.1,,
28206510,2024/05/12,22,0,0.001,0.011,0.012,0.2,,,,,0.012,8,,NE,1.9,,
28206510,2024/05/12,23,-,-,-,-,-,,,,,0.012,5,,NE,1.6,,
28206510,2024/05/12,24,0,0.001,0.007,0.008,0.1,,,,,0.006,5,,NE,1.0,,
28206510,2024/05/13,01,0,0.002,0.005,0.007,0.1,,,,,0.007,3,,NNW,0.8,,
28206510,2024/05/13,02,0,0,0.005,0.005,0.1,,,,,0.002,3,,NE,1.7,,
28206510,2024/05/13,03,0,0.001,0.005,0.006,0.1,,,,,0.004,3,,NNE,0.9,,
28206510,2024/05/13,04,0,0,0.004,0.004,0.1,,,,,0.004,1,,NE,1.9,,
28206510,2024/05/13,05,0,0.008,0.011,0.019,0.2,,,,,0.004,2,,CALM,0.3,,
28206510,2024/05/13,06,0,0.005,0.018,0.023,0.2,,,,,0.003,1,,NE,1.1,,
28206510,2024/05/13,07,0,0.001,0.004,0.005,0.1,,,,,0,-2,,ENE,3.0,,
28206510,2024/05/13,08,0,0,0.002,0.002,0.1,,,,,0,-2,,ENE,4.3,,
28206510,2024/05/13,09,0,0.001,0.003,0.004,0.2,,,,,0.004,3,,ENE,3.8,,
28206510,2024/05/13,10,0,0.002,0.005,0.007,0.2,,,,,0.012,4,,ENE,3.2,,
28206510,2024/05/13,11,0.001,0.002,0.004,0.006,0.2,,,,,0.021,10,,NE,2.8,,
28206510,2024/05/13,12,0,0.004,0.008,0.012,0.2,,,,,0.027,12,,NE,2.0,,
28206510,2024/05/13,13,0,0.002,0.007,0.009,0.2,,,,,0.024,10,,ENE,2.6,,
28206510,2024/05/13,14,0,0.003,0.008,0.011,0.2,,,,,0.024,10,,NE,1.5,,
28206510,2024/05/13,15,0,0.002,0.005,0.007,0.2,,,,,0.027,12,,NE,2.0,,
28206510,2024/05/13,16,0,0.003,0.005,0.008,0.2,,,,,0.023,17,,ENE,2.0,,
28206510,2024/05/13,17,0,0.002,0.005,0.007,0.2,,,,,0.016,15,,NE,2.3,,
28206510,2024/05/13,18,0,0.001,0.004,0.005,0.2,,,,,0.020,12,,NE,2.3,,
28206510,2024/05/13,19,0,0.001,0.005,0.006,0.2,,,,,0.017,13,,N,1.5,,
28206510,2024/05/13,20,0,0.001,0.005,0.006,0.2,,,,,0.018,11,,NE,2.7,,
28206510,2024/05/13,21,0,0.001,0.006,0.007,0.2,,,,,0.014,10,,ENE,1.4,,
28206510,2024/05/13,22,0,0.002,0.010,0.012,0.2,,,,,0.015,11,,ENE,1.4,,
28206510,2024/05/13,23,0,0.002,0.012,0.014,0.2,,,,,0.014,10,,ENE,1.2,,
28206510,2024/05/13,24,0,0,0.007,0.007,0.2,,,,,0.008,9,,ENE,1.5,,
28206510,2024/05/14,01,0,0.001,0.008,0.009,0.2,,,,,0.012,10,,ENE,1.3,,
28206510,2024/05/14,02,0,0.001,0.011,0.012,0.2,,,,,0.012,11,,NE,0.9,,
28206510,2024/05/14,03,0,0.003,0.011,0.014,0.2,,,,,0.010,7,,NW,0.4,,
28206510,2024/05/14,04,0,0.002,0.020,0.022,0.2,,,,,0.009,10,,ENE,0.5,,
28206510,2024/05/14,05,0,0.003,0.018,0.021,0.2,,,,,0.008,7,,NE,0.8,,
28206510,2024/05/14,06,0,0.004,0.012,0.016,0.2,,,,,0.010,6,,NE,1.1,,
28206510,2024/05/14,07,0.001,0.009,0.024,0.033,0.3,,,,,0.010,10,,ENE,1.7,,
28206510,2024/05/14,08,0.001,0.007,0.013,0.020,0.2,,,,,0.014,14,,NE,1.6,,
28206510,2024/05/14,09,0.001,0.006,0.012,0.018,0.2,,,,,0.010,10,,ENE,2.1,,
28206510,2024/05/14,10,0.001,0.014,0.014,0.028,0.2,,,,,0.012,10,,ENE,1.4,,
28206510,2024/05/14,11,0.001,0.018,0.019,0.037,0.3,,,,,0.015,15,,S,1.0,,
28206510,2024/05/14,12,0.002,0.037,0.037,0.074,0.3,,,,,0.017,14,,SSW,1.3,,
28206510,2024/05/14,13,0.002,0.032,0.035,0.067,0.3,,,,,0.014,12,,SW,1.3,,
28206510,2024/05/14,14,0.002,0.022,0.036,0.058,0.3,,,,,0.013,16,,SW,1.7,,
28206510,2024/05/14,15,0.002,0.018,0.039,0.057,0.3,,,,,0.014,16,,S,1.2,,
28206510,2024/05/14,16,0.001,0.013,0.033,0.046,0.3,,,,,0.014,15,,SSW,1.4,,
28206510,2024/05/14,17,0.002,0.013,0.034,0.047,0.3,,,,,0.016,13,,SW,1.8,,
28206510,2024/05/14,18,0.002,0.010,0.039,0.049,0.4,,,,,0.015,11,,SW,1.6,,
28206510,2024/05/14,19,0.001,0.008,0.037,0.045,0.4,,,,,0.013,9,,SW,1.1,,
28206510,2024/05/14,20,0.001,0.007,0.035,0.042,0.4,,,,,0.014,11,,SW,1.1,,
28206510,2024/05/14,21,0.001,0.003,0.027,0.030,0.3,,,,,0.010,9,,WSW,0.7,,
28206510,2024/05/14,22,0.001,0.001,0.010,0.011,0.2,,,,,0.009,9,,SW,0.8,,
28206510,2024/05/14,23,0.001,0.002,0.008,0.010,0.2,,,,,0.011,8,,SW,1.0,,
28206510,2024/05/14,24,0.001,0.002,0.009,0.011,0.2,,,,,0.011,6,,WSW,0.7,,
28206510,2024/05/15,01,0.001,0.003,0.016,0.019,0.2,,,,,0.015,9,,CALM,0.3,,
28206510,2024/05/15,02,0.001,0.001,0.012,0.013,0.2,,,,,0.008,7,,NE,1.1,,
28206510,2024/05/15,03,0.001,0.001,0.009,0.010,0.2,,,,,0.010,8,,NE,0.5,,
28206510,2024/05/15,04,0.001,0.001,0.009,0.010,0.2,,,,,0.013,7,,NE,1.1,,
28206510,2024/05/15,05,0.001,0.003,0.010,0.013,0.2,,,,,0.010,8,,NE,1.0,,
28206510,2024/05/15,06,0.001,0.002,0.012,0.014,0.2,,,,,0.011,6,,ENE,1.8,,
28206510,2024/05/15,07,0.001,0.002,0.008,0.010,0.2,,,,,0.010,8,,NE,2.0,,
28206510,2024/05/15,08,0.001,0.003,0.009,0.012,0.2,,,,,0.010,6,,ENE,1.8,,
28206510,2024/05/15,09,0.001,0.003,0.012,0.015,0.2,,,,,0.009,9,,ENE,2.1,,
28206510,2024/05/15,10,0.001,0.005,0.014,0.019,0.2,,,,,0.011,10,,ENE,0.8,,
28206510,2024/05/15,11,0.001,0.008,0.021,0.029,0.2,,,,,0.012,10,,WSW,0.4,,
28206510,2024/05/15,12,0.001,0.015,0.023,0.038,0.2,,,,,0.008,10,,SW,0.7,,
28206510,2024/05/15,13,0.002,0.035,0.048,0.083,0.3,,,,,0.016,16,,W,0.7,,
28206510,2024/05/15,14,0.001,0.009,0.027,0.036,0.3,,,,,0.014,10,,NE,1.1,,
28206510,2024/05/15,15,0.001,0.004,0.012,0.016,0.2,,,,,0.011,12,,NE,1.8,,
28206510,2024/05/15,16,0.001,0.004,0.017,0.021,0.2,,,,,0.011,9,,NE,0.7,,
28206510,2024/05/15,17,0.001,0.002,0.014,0.016,0.2,,,,,0.011,11,,NE,2.2,,
28206510,2024/05/15,18,0.001,0.002,0.015,0.017,0.2,,,,,0.014,11,,ENE,2.0,,
28206510,2024/05/15,19,0.001,0.004,0.026,0.030,0.3,,,,,0.016,15,,CALM,0.3,,
28206510,2024/05/15,20,0.002,0.004,0.033,0.037,0.3,,,,,0.021,13,,ENE,2.5,,
28206510,2024/05/15,21,0.001,0.001,0.009,0.010,0.2,,,,,0.011,7,,NE,1.7,,
28206510,2024/05/15,22,0.001,0.001,0.009,0.010,0.2,,,,,0.010,7,,ENE,1.7,,
28206510,2024/05/15,23,0.001,0.001,0.007,0.008,0.2,,,,,0.010,7,,NE,1.6,,
28206510,2024/05/15,24,0.001,0.001,0.006,0.007,0.1,,,,,0.009,6,,NE,1.3,,
28206510,2024/05/16,01,0.001,0.005,0.027,0.032,0.2,,,,,0.016,16,,NE,0.5,,
28206510,2024/05/16,02,0.002,0.005,0.037,0.042,0.2,,,,,0.016,13,,CALM,0.2,,
28206510,2024/05/16,03,0.002,0.007,0.032,0.039,0.2,,,,,0.014,12,,SW,0.6,,
28206510,2024/05/16,04,0.003,0.012,0.033,0.045,0.4,,,,,0.013,12,,SSW,0.6,,
28206510,2024/05/16,05,0.003,0.021,0.034,0.055,0.4,,,,,0.012,11,,S,0.7,,
28206510,2024/05/16,06,0.003,0.028,0.034,0.062,0.4,,,,,0.016,13,,SSW,1.0,,
28206510,2024/05/16,07,0.004,0.033,0.041,0.074,0.4,,,,,0.018,15,,SSW,1.6,,
28206510,2024/05/16,08,0.002,0.014,0.029,0.043,0.3,,,,,0.009,9,,SW,2.4,,
28206510,2024/05/16,09,0.002,0.013,0.023,0.036,0.2,,,,,0.009,6,,SW,2.4,,
28206510,2024/05/16,10,0.003,0.015,0.024,0.039,0.3,,,,,0.012,11,,WSW,1.7,,
28206510,2024/05/16,11,0.001,0.011,0.021,0.032,0.2,,,,,0.011,8,,SW,1.4,,
28206510,2024/05/16,12,0.001,0.010,0.019,0.029,0.2,,,,,0.012,6,,SW,3.1,,
28206510,2024/05/16,13,0.001,0.008,0.009,0.017,0.2,,,,,0.008,6,,WSW,2.8,,
28206510,2024/05/16,14,0.001,0.006,0.007,0.013,0.2,,,,,0.007,10,,SW,2.9,,
28206510,2024/05/16,15,0.001,0.006,0.009,0.015,0.2,,,,,0.009,7,,WSW,2.3,,
28206510,2024/05/16,16,0.001,0.008,0.014,0.022,0.2,,,,,0.008,8,,WSW,2.4,,
28206510,2024/05/16,17,0.001,0.005,0.008,0.013,0.2,,,,,0.007,5,,WSW,1.5,,
28206510,2024/05/16,18,0.001,0.005,0.010,0.015,0.2,,,,,0.006,2,,WSW,1.5,,
28206510,2024/05/16,19,0.001,0.002,0.006,0.008,0.2,,,,,0.004,1,,W,0.5,,
28206510,2024/05/16,20,0.001,0.003,0.009,0.012,0.2,,,,,0.006,2,,WSW,0.7,,
28206510,2024/05/16,21,0.001,0.006,0.021,0.027,0.3,,,,,0.010,4,,NW,0.7,,
28206510,2024/05/16,22,0.001,0.003,0.013,0.016,0.2,,,,,0.006,5,,WSW,0.5,,
28206510,2024/05/16,23,0.001,0.004,0.016,0.020,0.2,,,,,0.005,5,,CALM,0.3,,
28206510,2024/05/16,24,0.001,0.003,0.018,0.021,0.2,,,,,0.006,5,,NNW,0.5,,
28206510,2024/05/17,01,0.001,0.001,0.013,0.014,0.2,,,,,0.008,6,,CALM,0.3,,
28206510,2024/05/17,02,0.001,0.002,0.018,0.020,0.2,,,,,0.010,7,,NNE,0.4,,
28206510,2024/05/17,03,0.001,0.003,0.022,0.025,0.2,,,,,0.008,6,,NNW,1.2,,
28206510,2024/05/17,04,0.001,0.002,0.017,0.019,0.2,,,,,0.009,6,,NNW,0.5,,
28206510,2024/05/17,05,0.001,0.004,0.013,0.017,0.2,,,,,0.010,8,,CALM,0.3,,
28206510,2024/05/17,06,0.001,0.003,0.014,0.017,0.2,,,,,0.010,8,,NE,0.9,,
28206510,2024/05/17,07,0.001,0.026,0.030,0.056,0.3,,,,,0.012,11,,S,0.4,,
28206510,2024/05/17,08,0.005,0.045,0.049,0.094,0.6,,,,,0.020,21,,SW,1.5,,
28206510,2024/05/17,09,0.005,0.030,0.040,0.070,0.4,,,,,0.020,19,,SSW,1.8,,
28206510,2024/05/17,10,0.003,0.021,0.031,0.052,0.3,,,,,0.018,15,,SW,1.7,,
28206510,2024/05/17,11,0.002,0.018,0.031,0.049,0.2,,,,,0.018,16,,SW,2.2,,
28206510,2024/05/17,12,0.002,0.014,0.025,0.039,0.3,,,,,0.019,14,,SSW,1.8,,
28206510,2024/05/17,13,0.002,0.011,0.024,0.035,0.2,,,,,0.017,16,,SW,2.3,,
28206510,2024/05/17,14,0.002,0.010,0.028,0.038,0.2,,,,,0.018,17,,SW,2.4,,
28206510,2024/05/17,15,0.003,0.015,0.036,0.051,0.3,,,,,0.020,16,,SW,2.0,,
28206510,2024/05/17,16,0.003,0.011,0.035,0.046,0.3,,,,,0.020,15,,SW,2.1,,
28206510,2024/05/17,17,0.003,0.011,0.037,0.048,0.3,,,,,0.023,20,,SW,2.4,,
28206510,2024/05/17,18,0.003,0.009,0.035,0.044,0.4,,,,,0.020,14,,WSW,1.1,,
28206510,2024/05/17,19,0.002,0.005,0.034,0.039,0.4,,,,,0.019,14,,SW,1.0,,
28206510,2024/05/17,20,0.003,0.007,0.047,0.054,0.5,,,,,0.022,14,,SW,0.8,,
28206510,2024/05/17,21,0.002,0.004,0.019,0.023,0.3,,,,,0.018,16,,CALM,0.3,,
28206510,2024/05/17,22,0.002,0.001,0.013,0.014,0.3,,,,,0.016,12,,CALM,0.2,,
28206510,2024/05/17,23,0.001,0.003,0.022,0.025,0.3,,,,,0.017,14,,SW,0.5,,
28206510,2024/05/17,24,0.001,0.001,0.012,0.013,0.2,,,,,0.015,14,,NE,0.9,,
28206510,2024/05/18,01,0.001,0.001,0.015,0.016,0.3,,,,,0.015,15,,NE,1.3,,
28206510,2024/05/18,02,0.001,0.001,0.014,0.015,0.3,,,,,0.017,13,,ENE,1.5,,
28206510,2024/05/18,03,0.001,0.001,0.009,0.010,0.2,,,,,0.017,13,,NE,0.8,,
28206510,2024/05/18,04,0.001,0.001,0.009,0.010,0.2,,,,,0.016,10,,NE,0.9,,
28206510,2024/05/18,05,0.001,0.001,0.011,0.012,0.2,,,,,0.014,10,,NE,0.7,,
28206510,2024/05/18,06,0.001,0.001,0.013,0.014,0.2,,,,,0.019,11,,ENE,1.0,,
28206510,2024/05/18,07,0.001,0.004,0.017,0.021,0.3,,,,,0.019,14,,ENE,1.1,,
28206510,2024/05/18,08,0.001,0.004,0.018,0.022,0.3,,,,,0.015,19,,ENE,1.4,,
28206510,2024/05/18,09,0.002,0.011,0.027,0.038,0.4,,,,,0.017,20,,W,0.6,,
28206510,2024/05/18,10,0.003,0.015,0.035,0.050,0.4,,,,,0.021,20,,SSW,0.8,,
28206510,2024/05/18,11,0.004,0.013,0.039,0.052,0.4,,,,,0.021,20,,SSW,0.8,,
28206510,2024/05/18,12,0.004,0.012,0.036,0.048,0.4,,,,,0.022,24,,SSE,1.1,,
28206510,2024/05/18,13,0.004,0.010,0.037,0.047,0.4,,,,,0.022,23,,SW,1.2,,
28206510,2024/05/18,14,0.003,0.012,0.042,0.054,0.4,,,,,0.023,25,,SSE,1.0,,
28206510,2024/05/18,15,0.003,0.011,0.033,0.044,0.3,,,,,0.012,15,,SW,1.2,,
28206510,2024/05/18,16,0.002,0.008,0.026,0.034,0.3,,,,,0.010,15,,SSW,1.3,,
28206510,2024/05/18,17,0.003,0.008,0.038,0.046,0.3,,,,,0.020,19,,SSW,1.2,,
28206510,2024/05/18,18,0.003,0.005,0.038,0.043,0.4,,,,,0.019,15,,SW,1.9,,
28206510,2024/05/18,19,0.003,0.004,0.035,0.039,0.4,,,,,0.013,13,,SW,1.4,,
28206510,2024/05/18,20,0.002,0.003,0.012,0.015,0.3,,,,,0.015,11,,WSW,1.0,,
28206510,2024/05/18,21,0.001,0.001,0.010,0.011,0.2,,,,,0.012,13,,WSW,1.4,,
28206510,2024/05/18,22,0.002,0.001,0.009,0.010,0.2,,,,,0.013,9,,WSW,1.0,,
28206510,2024/05/18,23,0.002,0.001,0.006,0.007,0.2,,,,,0.015,11,,WSW,0.8,,
28206510,2024/05/18,24,0.002,0.002,0.011,0.013,0.3,,,,,0.011,10,,SW,1.1,,
28206510,2024/05/19,01,0.003,0.001,0.014,0.015,0.4,,,,,0.013,10,,CALM,0.1,,
28206510,2024/05/19,02,0.002,0.001,0.014,0.015,0.3,,,,,0.014,11,,NE,0.8,,
28206510,2024/05/19,03,0.001,0.001,0.010,0.011,0.2,,,,,0.014,12,,ENE,1.1,,
28206510,2024/05/19,04,0.001,0,0.008,0.008,0.2,,,,,0.011,11,,NE,1.0,,
28206510,2024/05/19,05,0.001,0,0.006,0.006,0.2,,,,,0.010,11,,NE,1.2,,
28206510,2024/05/19,06,0.001,0.001,0.007,0.008,0.2,,,,,0.014,12,,CALM,0.3,,
28206510,2024/05/19,07,0.001,0.001,0.009,0.010,0.2,,,,,0.012,10,,NE,0.8,,
28206510,2024/05/19,08,0.001,0.001,0.012,0.013,0.3,,,,,0.015,14,,W,0.4,,
28206510,2024/05/19,09,0.002,0.005,0.021,0.026,0.3,,,,,0.014,15,,WSW,1.5,,
28206510,2024/05/19,10,0.001,0.003,0.011,0.014,0.2,,,,,0.013,10,,SW,1.9,,
28206510,2024/05/19,11,0.001,0.003,0.018,0.021,0.2,,,,,0.017,11,,WSW,1.1,,
28206510,2024/05/19,12,0.001,0.003,0.015,0.018,0.2,,,,,0.013,10,,SW,1.8,,
28206510,2024/05/19,13,0.001,0.005,0.021,0.026,0.3,,,,,0.014,10,,SW,0.8,,
28206510,2024/05/19,14,0.001,0.005,0.024,0.029,0.3,,,,,0.013,9,,SSW,0.9,,
28206510,2024/05/19,15,0.001,0.002,0.019,0.021,0.2,,,,,0.010,8,,NE,2.1,,
28206510,2024/05/19,16,0.001,0.001,0.010,0.011,0.2,,,,,0.009,8,,NE,2.7,,
28206510,2024/05/19,17,0.001,0.001,0.005,0.006,0.1,,,,,0.004,5,,NE,1.8,,
28206510,2024/05/19,18,0.001,0.001,0.006,0.007,0.2,,,,,0.010,6,,NE,2.3,,
28206510,2024/05/19,19,0.001,0.001,0.008,0.009,0.1,,,,,0.008,5,,NE,2.9,,
28206510,2024/05/19,20,0.001,0.001,0.007,0.008,0.1,,,,,0.008,3,,NE,2.1,,
28206510,2024/05/19,21,0.001,0.001,0.006,0.007,0.1,,,,,0.008,4,,NE,2.6,,
28206510,2024/05/19,22,0.001,0.001,0.005,0.006,0.1,,,,,0.005,4,,NE,2.0,,
28206510,2024/05/19,23,-,-,-,-,-,,,,,0.004,2,,NE,2.6,,
28206510,2024/05/19,24,0,0,0.003,0.003,0.1,,,,,0.001,1,,NE,2.3,,
28206510,2024/05/20,01,0,0,0.003,0.003,0.1,,,,,0.001,2,,NE,2.3,,
28206510,2024/05/20,02,0,0,0.003,0.003,0.1,,,,,0.003,0,,NE,2.0,,
28206510,2024/05/20,03,0,0,0.002,0.002,0.1,,,,,,1,,N,0.7,,
28206510,2024/05/20,04,0,0.001,0.004,0.005,0.1,,,,,0.002,1,,NE,1.1,,
28206510,2024/05/20,05,0,0.002,0.010,0.012,0.1,,,,,0.002,0,,CALM,0.2,,
28206510,2024/05/20,06,0,0.009,0.021,0.030,0.2,,,,,0.001,2,,CALM,0.2,,
28206510,2024/05/20,07,0.001,0.018,0.036,0.054,0.2,,,,,0.007,3,,CALM,0.3,,
28206510,2024/05/20,08,0.001,0.018,0.026,0.044,0.3,,,,,0.008,5,,S,0.5,,
28206510,2024/05/20,09,0.002,0.027,0.031,0.058,0.3,,,,,0.008,8,,ESE,0.4,,
28206510,2024/05/20,10,0.002,0.028,0.030,0.058,0.3,,,,,0.012,11,,SSW,1.2,,
28206510,2024/05/20,11,0.002,0.032,0.031,0.063,0.3,,,,,0.011,10,,SSW,1.4,,
28206510,2024/05/20,12,0.002,0.024,0.030,0.054,0.3,,,,,0.008,9,,SSW,1.9,,
28206510,2024/05/20,13,0.002,0.021,0.030,0.051,0.3,,,,,0.011,8,,SSW,1.7,,
28206510,2024/05/20,14,0.002,0.019,0.033,0.052,0.3,,,,,0.013,11,,SW,1.9,,
28206510,2024/05/20,15,0.002,0.019,0.036,0.055,0.3,,,,,0.011,12,,SW,1.4,,
28206510,2024/05/20,16,0.003,0.020,0.040,0.060,0.3,,,,,0.015,12,,SSW,1.2,,
28206510,2024/05/20,17,0.002,0.013,0.036,0.049,0.3,,,,,0.013,13,,SW,0.9,,
28206510,2024/05/20,18,0.002,0.015,0.042,0.057,0.5,,,,,0.015,14,,S,0.6,,
28206510,2024/05/20,19,0.002,0.011,0.047,0.058,0.4,,,,,0.018,11,,S,0.6,,
28206510,2024/05/20,20,0.003,0.011,0.057,0.068,0.3,,,,,0.023,10,,CALM,0.3,,
28206510,2024/05/20,21,0.003,0.010,0.058,0.068,0.3,,,,,0.020,12,,CALM,0.3,,
28206510,2024/05/20,22,0.003,0.005,0.058,0.063,0.3,,,,,0.014,10,,NE,0.5,,
28206510,2024/05/20,23,0.002,0.004,0.041,0.045,0.3,,,,,0.017,11,,NE,1.1,,
28206510,2024/05/20,24,0.001,0.002,0.018,0.020,0.3,,,,,0.017,12,,ENE,0.9,,
28206510,2024/05/21,01,0.001,0.001,0.011,0.012,0.2,,,,,0.014,12,,NE,0.7,,
28206510,2024/05/21,02,0.001,0.001,0.011,0.012,0.2,,,,,0.016,11,,ENE,1.3,,
28206510,2024/05/21,03,0.001,0.002,0.008,0.010,0.2,,,,,0.015,9,,SW,0.4,,
28206510,2024/05/21,04,0.001,0.003,0.015,0.018,0.2,,,,,0.017,11,,NE,1.3,,
28206510,2024/05/21,05,0.001,0.001,0.005,0.006,0.2,,,,,0.015,13,,NE,1.2,,
28206510,2024/05/21,06,0.001,0.001,0.009,0.010,0.2,,,,,0.017,14,,ENE,2.5,,
28206510,2024/05/21,07,0.001,0.002,0.011,0.013,0.2,,,,,0.018,14,,ENE,3.1,,
28206510,2024/05/21,08,0.001,0.002,0.006,0.008,0.2,,,,,0.016,17,,ENE,4.6,,
28206510,2024/05/21,09,0.001,0.001,0.004,0.005,0.2,,,,,0.015,18,,NE,4.4,,
28206510,2024/05/21,10,0.001,0.002,0.003,0.005,0.1,,,,,0.016,19,,ENE,4.0,,
28206510,2024/05/21,11,0.001,0.002,0.004,0.006,0.2,,,,,0.018,14,,ENE,3.9,,
28206510,2024/05/21,12,0,0.003,0.004,0.007,0.2,,,,,0.014,15,,NE,2.9,,
28206510,2024/05/21,13,0,0.002,0.003,0.005,0.1,,,,,0.016,15,,NE,3.7,,
28206510,2024/05/21,14,0,0.001,0.003,0.004,0.1,,,,,0.014,14,,NE,3.8,,
28206510,2024/05/21,15,0,0.001,0.002,0.003,0.1,,,,,0.016,14,,N,2.5,,
28206510,2024/05/21,16,0,0.001,0.003,0.004,0.1,,,,,0.016,12,,ENE,3.3,,
28206510,2024/05/21,17,0,0.001,0.003,0.004,0.1,,,,,0.014,12,,ENE,3.9,,
28206510,2024/05/21,18,0,0.001,0.003,0.004,0.1,,,,,0.014,11,,ENE,3.1,,
28206510,2024/05/21,19,0,0.001,0.004,0.005,0.1,,,,,0.016,9,,ENE,2.2,,
28206510,2024/05/21,20,0,0.001,0.004,0.005,0.1,,,,,0.018,8,,NE,3.0,,
28206510,2024/05/21,21,0,0.001,0.005,0.006,0.1,,,,,0.012,9,,ENE,4.1,,
28206510,2024/05/21,22,0,0.001,0.006,0.007,0.1,,,,,0.014,8,,ENE,4.2,,
28206510,2024/05/21,23,0,0,0.004,0.004,0.1,,,,,0.011,11,,ENE,3.4,,
28206510,2024/05/21,24,0,0.001,0.004,0.005,0.1,,,,,0.009,9,,NE,2.8,,
28206510,2024/05/22,01,0,0,0.003,0.003,0.1,,,,,0.008,8,,ENE,3.6,,
28206510,2024/05/22,02,0,0,0.002,0.002,0.1,,,,,0.008,8,,ENE,2.8,,
28206510,2024/05/22,03,0,0,0.002,0.002,0.1,,,,,0.008,5,,ENE,2.0,,
28206510,2024/05/22,04,0.001,0,0.002,0.002,0.1,,,,,0.008,6,,NE,2.4,,
28206510,2024/05/22,05,0,0.001,0.005,0.006,0.1,,,,,0.008,5,,ENE,2.3,,
28206510,2024/05/22,06,0,0.001,0.006,0.007,0.1,,,,,0.008,4,,ENE,2.7,,
28206510,2024/05/22,07,0,0.001,0.005,0.006,0.1,,,,,0.008,8,,NE,2.8,,
28206510,2024/05/22,08,0.001,0.002,0.006,0.008,0.1,,,,,0.008,8,,NE,2.5,,
28206510,2024/05/22,09,0.001,0.002,0.006,0.008,0.2,,,,,0.008,9,,ENE,2.9,,
28206510,2024/05/22,10,0.001,0.005,0.010,0.015,0.2,,,,,0.012,11,,NE,1.2,,
28206510,2024/05/22,11,0.001,0.025,0.033,0.058,0.2,,,,,0.012,11,,SSW,0.7,,
28206510,2024/05/22,12,0.001,0.029,0.037,0.066,0.3,,,,,0.015,15,,SSW,0.8,,
28206510,2024/05/22,13,0.002,0.029,0.045,0.074,0.3,,,,,0.016,16,,SSW,1.1,,
28206510,2024/05/22,14,0.003,0.029,0.056,0.085,0.3,,,,,0.018,18,,SSW,1.1,,
28206510,2024/05/22,15,0.003,0.025,0.051,0.076,0.3,,,,,0.018,16,,S,1.1,,
28206510,2024/05/22,16,0.002,0.021,0.052,0.073,0.3,,,,,0.015,14,,SSW,1.4,,
28206510,2024/05/22,17,0.002,0.016,0.039,0.055,0.3,,,,,0.014,13,,SW,1.7,,
28206510,2024/05/22,18,0.002,0.006,0.023,0.029,0.3,,,,,0.020,13,,SW,1.4,,
28206510,2024/05/22,19,0.001,0.005,0.021,0.026,0.3,,,,,0.024,14,,WSW,1.5,,
28206510,2024/05/22,20,0.002,0.003,0.020,0.023,0.3,,,,,0.026,15,,SW,2.0,,
28206510,2024/05/22,21,0.001,0.002,0.014,0.016,0.2,,,,,0.024,14,,SW,1.6,,
28206510,2024/05/22,22,0.001,0.004,0.020,0.024,0.2,,,,,0.026,15,,WSW,0.6,,
28206510,2024/05/22,23,0.001,0.003,0.017,0.020,0.2,,,,,0.023,13,,WSW,1.0,,
28206510,2024/05/22,24,0.001,0.001,0.010,0.011,0.2,,,,,0.020,13,,NE,0.7,,
28206510,2024/05/23,01,0.001,0.001,0.010,0.011,0.2,,,,,0.022,14,,NE,1.0,,
28206510,2024/05/23,02,0.001,0.001,0.008,0.009,0.2,,,,,0.019,12,,NE,0.8,,
28206510,2024/05/23,03,0.001,0.001,0.008,0.009,0.2,,,,,0.017,11,,NE,1.3,,
28206510,2024/05/23,04,0.001,0.001,0.009,0.010,0.1,,,,,0.016,11,,NE,1.5,,
28206510,2024/05/23,05,0.001,0.001,0.009,0.010,0.2,,,,,0.018,11,,NE,1.5,,
28206510,2024/05/23,06,0.001,0.001,0.008,0.009,0.1,,,,,0.018,11,,NE,1.8,,
28206510,2024/05/23,07,0.001,0.002,0.009,0.011,0.1,,,,,0.014,11,,NE,1.4,,
28206510,2024/05/23,08,0.001,0.003,0.009,0.012,0.2,,,,,0.017,11,,NE,1.6,,
28206510,2024/05/23,09,0.001,0.004,0.012,0.016,0.2,,,,,0.013,14,,ENE,1.3,,
28206510,2024/05/23,10,0.001,0.014,0.025,0.039,0.2,,,,,0.015,-,,SSW,1.0,,
28206510,2024/05/23,11,0.002,0.022,0.035,0.057,0.3,,,,,0.014,19,,SW,1.3,,
28206510,2024/05/23,12,0.001,0.017,0.035,0.052,0.2,,,,,0.015,17,,SW,1.3,,
28206510,2024/05/23,13,0.002,0.018,0.032,0.050,0.2,,,,,0.017,15,,SW,1.4,,
28206510,2024/05/23,14,0.002,0.017,0.034,0.051,0.2,,,,,0.017,15,,SW,1.6,,
28206510,2024/05/23,15,0.002,0.019,0.039,0.058,0.2,,,,,0.011,12,,SW,2.1,,
28206510,2024/05/23,16,0.001,0.013,0.027,0.040,0.2,,,,,0.012,9,,SW,2.7,,
28206510,2024/05/23,17,0.002,0.008,0.029,0.037,0.2,,,,,0.017,11,,SW,2.4,,
28206510,2024/05/23,18,0.001,0.009,0.027,0.036,0.3,,,,,0.016,9,,SW,2.0,,
28206510,2024/05/23,19,0.001,0.006,0.025,0.031,0.3,,,,,0.014,8,,SW,2.1,,
28206510,2024/05/23,20,0.001,0.005,0.024,0.029,0.3,,,,,0.013,8,,SW,1.6,,
28206510,2024/05/23,21,0.001,0.007,0.030,0.037,0.3,,,,,0.014,7,,SW,1.4,,
28206510,2024/05/23,22,0.001,0.003,0.018,0.021,0.2,,,,,0.012,9,,SW,0.6,,
28206510,2024/05/23,23,0.001,0.006,0.026,0.032,0.2,,,,,0.011,8,,SW,0.7,,
28206510,2024/05/23,24,0.001,0.008,0.031,0.039,0.2,,,,,0.011,9,,SSW,0.5,,
28206510,2024/05/24,01,0.001,0.004,0.017,0.021,0.2,,,,,0.013,9,,CALM,0.3,,
28206510,2024/05/24,02,0.001,0.002,0.011,0.013,0.2,,,,,0.014,12,,CALM,0.3,,
28206510,2024/05/24,03,0.001,0.002,0.011,0.013,0.2,,,,,0.011,10,,CALM,0.3,,
28206510,2024/05/24,04,0.001,0.002,0.010,0.012,0.2,,,,,0.011,10,,NW,0.5,,
28206510,2024/05/24,05,0.001,0.005,0.015,0.020,0.2,,,,,0.015,9,,N,0.6,,
28206510,2024/05/24,06,0.001,0.007,0.014,0.021,0.2,,,,,0.016,9,,ENE,0.5,,
28206510,2024/05/24,07,0.001,0.008,0.021,0.029,0.2,,,,,0.016,12,,CALM,0.2,,
28206510,2024/05/24,08,0.002,0.036,0.040,0.076,0.4,,,,,0.014,13,,SSE,0.8,,
28206510,2024/05/24,09,0.003,0.028,0.037,0.065,0.4,,,,,0.016,14,,SSW,1.2,,
28206510,2024/05/24,10,0.002,0.029,0.039,0.068,0.3,,,,,0.019,19,,SSW,1.2,,
28206510,2024/05/24,11,0.002,0.022,0.032,0.054,0.3,,,,,0.023,19,,SSW,1.7,,
28206510,2024/05/24,12,0.003,0.024,0.037,0.061,0.3,,,,,0.016,17,,SSW,1.4,,
28206510,2024/05/24,13,0.004,0.021,0.039,0.060,0.4,,,,,0.019,20,,SSW,1.3,,
28206510,2024/05/24,14,0.006,0.015,0.047,0.062,0.4,,,,,0.027,26,,SSW,1.8,,
28206510,2024/05/24,15,0.005,0.018,0.052,0.070,0.4,,,,,0.028,26,,SSW,2.0,,
28206510,2024/05/24,16,0.004,0.019,0.054,0.073,0.4,,,,,0.026,23,,SSW,1.6,,
28206510,2024/05/24,17,0.004,0.015,0.057,0.072,0.6,,,,,0.034,24,,ENE,0.7,,
28206510,2024/05/24,18,0.004,0.011,0.056,0.067,0.5,,,,,0.031,23,,ENE,0.8,,
28206510,2024/05/24,19,0.002,0.002,0.024,0.026,0.3,,,,,0.031,22,,NE,3.0,,
28206510,2024/05/24,20,0.001,0.001,0.004,0.005,0.2,,,,,0.027,19,,NE,4.4,,
28206510,2024/05/24,21,0.001,0.001,0.004,0.005,0.2,,,,,0.027,16,,ENE,3.6,,
28206510,2024/05/24,22,0.001,0.001,0.004,0.005,0.1,,,,,0.019,13,,ENE,2.4,,
28206510,2024/05/24,23,0.001,0.001,0.009,0.010,0.2,,,,,0.012,11,,ENE,4.2,,
28206510,2024/05/24,24,0.001,0,0.002,0.002,0.1,,,,,0.011,11,,NE,5.0,,
28206510,2024/05/25,01,0.001,0,0.002,0.002,0.1,,,,,0.011,10,,NE,2.5,,
28206510,2024/05/25,02,0.001,0,0.002,0.002,0.1,,,,,0.011,7,,NE,2.3,,
28206510,2024/05/25,03,0.001,0,0.002,0.002,0.1,,,,,0.006,7,,NE,2.3,,
28206510,2024/05/25,04,0.001,0,0.002,0.002,0.1,,,,,0.010,6,,NE,1.5,,
28206510,2024/05/25,05,0.001,0,0.002,0.002,0.1,,,,,0.006,6,,NE,2.4,,
28206510,2024/05/25,06,0.001,0.001,0.004,0.005,0.1,,,,,0.006,5,,NE,1.3,,
28206510,2024/05/25,07,0.001,0.001,0.004,0.005,0.1,,,,,0.007,5,,NNE,1.3,,
28206510,2024/05/25,08,0.001,0.002,0.002,0.004,0.1,,,,,0.008,7,,NE,2.6,,
28206510,2024/05/25,09,0.001,0.001,0.004,0.005,0.1,,,,,0.006,7,,NNW,1.9,,
28206510,2024/05/25,10,0.001,0.001,0.004,0.005,0.1,,,,,0.006,10,,NNW,2.4,,
28206510,2024/05/25,11,0.001,0.002,0.004,0.006,0.1,,,,,0.009,6,,NNW,1.8,,
28206510,2024/05/25,12,0.001,0.001,0.003,0.004,0.1,,,,,0.009,9,,NE,2.1,,
28206510,2024/05/25,13,0.001,0.002,0.004,0.006,0.1,,,,,0.010,11,,NE,1.4,,
28206510,2024/05/25,14,0.001,0.003,0.006,0.009,0.2,,,,,0.008,9,,NE,1.2,,
28206510,2024/05/25,15,0.001,0.003,0.004,0.007,0.1,,,,,0.010,10,,N,1.9,,
28206510,2024/05/25,16,0.001,0.001,0.002,0.003,0.1,,,,,0.007,9,,N,2.2,,
28206510,2024/05/25,17,0.001,0.001,0.003,0.004,0.1,,,,,0.009,9,,NNW,2.6,,
28206510,2024/05/25,18,0.001,0.001,0.003,0.004,0.1,,,,,0.008,6,,NNE,1.7,,
28206510,2024/05/25,19,0.001,0.001,0.004,0.005,0.1,,,,,0.011,5,,NE,1.6,,
28206510,2024/05/25,20,0.001,0.001,0.004,0.005,0.1,,,,,0.013,5,,N,1.2,,
28206510,2024/05/25,21,0.001,0.001,0.003,0.004,0.1,,,,,0.010,5,,ENE,4.2,,
28206510,2024/05/25,22,0.001,0.001,0.003,0.004,0.1,,,,,0.006,5,,ENE,3.5,,
28206510,2024/05/25,23,0.001,0.001,0.004,0.005,0.1,,,,,0.007,4,,ENE,2.8,,
28206510,2024/05/25,24,0.001,0.001,0.003,0.004,0.1,,,,,0.004,5,,NE,2.4,,
28206510,2024/05/26,01,0.001,0,0.002,0.002,0.1,,,,,0.006,5,,NE,1.9,,
28206510,2024/05/26,02,0.001,0,0.002,0.002,0.1,,,,,0.006,4,,NE,2.3,,
28206510,2024/05/26,03,0.001,0,0.002,0.002,0.1,,,,,0.007,5,,ENE,1.6,,
28206510,2024/05/26,04,0.001,0,0.002,0.002,0.1,,,,,0.007,6,,ENE,1.8,,
28206510,2024/05/26,05,0.001,0,0.003,0.003,0.1,,,,,0.005,6,,ENE,1.9,,
28206510,2024/05/26,06,0.001,0,0.003,0.003,0.1,,,,,0.009,4,,NE,2.0,,
28206510,2024/05/26,07,0.001,0,0.003,0.003,0.1,,,,,0.008,9,,ENE,2.5,,
28206510,2024/05/26,08,0.001,0.001,0.005,0.006,0.1,,,,,0.009,7,,ENE,2.2,,
28206510,2024/05/26,09,0.001,0.002,0.008,0.010,0.1,,,,,0.009,11,,ENE,0.7,,
28206510,2024/05/26,10,0.001,0.003,0.009,0.012,0.2,,,,,0.012,14,,CALM,0.2,,
28206510,2024/05/26,11,0.002,0.007,0.017,0.024,0.3,,,,,0.018,17,,SW,1.3,,
28206510,2024/05/26,12,0.002,0.005,0.013,0.018,0.2,,,,,0.014,18,,SW,1.1,,
28206510,2024/05/26,13,0.001,0.004,0.011,0.015,0.3,,,,,0.016,16,,SW,2.3,,
28206510,2024/05/26,14,0.001,0.003,0.008,0.011,0.2,,,,,0.019,15,,SW,2.6,,
28206510,2024/05/26,15,0.001,0.003,0.007,0.010,0.2,,,,,0.017,15,,WSW,2.0,,
28206510,2024/05/26,16,0.001,0.002,0.008,0.010,0.2,,,,,0.018,14,,SW,2.3,,
28206510,2024/05/26,17,0.001,0.003,0.009,0.012,0.2,,,,,0.018,15,,WSW,1.9,,
28206510,2024/05/26,18,0.001,0.002,0.010,0.012,0.2,,,,,0.017,11,,SW,2.2,,
28206510,2024/05/26,19,0.001,0.002,0.010,0.012,0.1,,,,,0.018,14,,WSW,1.4,,
28206510,2024/05/26,20,0.001,0.002,0.017,0.019,0.2,,,,,0.019,12,,SW,1.9,,
28206510,2024/05/26,21,0.001,0.002,0.015,0.017,0.2,,,,,0.019,14,,WSW,1.2,,
28206510,2024/05/26,22,0.002,0.002,0.013,0.015,0.2,,,,,0.018,14,,SW,1.8,,
