,SHAP_OX_01,SHAP_TEMP_01,SHAP_HUM_01,SHAP_OX_04,SHAP_OX_02,SHAP_OX_03,SHAP_OX_21,SHAP_OX_05,SHAP_WS_01,SHAP_TEMP_03,SHAP_OX_23,SHAP_OX_20,SHAP_OX_22,SHAP_WS_02,SHAP_OX_15,SHAP_OX_16,SHAP_TEMP_24,SHAP_TEMP_07,SHAP_OX_14,SHAP_TEMP_04,SHAP_TEMP_08,SHAP_OX_17,SHAP_SPM_01,SHAP_TEMP_20,SHAP_TEMP_16,SHAP_HUM_20,SHAP_HUM_19,SHAP_NO_07,SHAP_HUM_02,SHAP_TEMP_17
2019-04-19 11:00:00,-11.17145309448242,-17.33521785736084,-1.8319121360778812,0.21132979542016983,2.7787075519561775,0.9357733070850373,0.4684074088931084,0.2615718150511384,1.2868032127618791,7.444701623916626,-0.0670779140666127,0.6732527375221253,0.09259817898273467,0.23253117427229886,1.6236237049102784,0.5291537530720234,-0.5352258741855621,6.428562974929809,0.6334111168980598,1.3740310808643696,5.7472398519515995,-0.19624286666512486,0.31516273403540257,-3.3011587381362917,0.5679711512289941,-2.21270524263382,-2.9001477003097538,0.3508227735757828,-0.7045517176389696,0.07728777080774299
2019-04-19 12:00:00,-4.645925140380859,-15.613439083099365,0.035024937242269495,-0.09797256179153921,1.1110056698322297,0.23340830877423285,0.4983822852373123,-0.08480477295815944,1.0999496817588805,6.128395891189575,-0.17148076370358467,0.7353502571582794,0.2145928736776114,0.41337842196226127,0.5592081010341643,0.3449843343347311,-0.5354418992996216,6.25168900489807,0.19233003926929088,1.213437814824283,5.584027719497682,-0.18655369132757188,0.18362276507541536,-3.850203514099122,0.678800494223833,-2.4249921202659612,-1.5884034037590025,0.3508227735757828,-0.8054804027080535,0.1374439381062984
2019-04-19 13:00:00,-0.5674707174301148,-12.858593368530274,1.6352569699287414,-0.31061792522668835,-0.10186850540339946,-0.4689567439258099,0.5583318769931794,-0.4311814270913601,1.6605101883411408,5.062815880775451,-0.014876492787152529,0.8284964710474014,0.2552577886730432,0.3229548141360283,0.027000374067574724,-0.02335462253540751,-0.5356577903032302,5.838981628417969,0.19233003926929088,0.9886073753237724,5.4208156108856205,-0.15748632252216338,0.27131606978364287,-5.654206800460815,0.9374026030302047,-1.0805084466934205,-1.1741684198379516,-0.939928936958313,-0.9467803418636322,0.1775480538606644
2019-04-19 14:00:00,0.24822027776390315,-11.481169939041136,1.9019622802734375,-0.5232632845640183,-0.8599147975444794,-0.9797677010297777,0.6482563793659211,-0.6693153023719788,-0.768585205078125,4.436003899574279,0.037324913404881935,0.7043014913797377,0.3365875996649265,0.594225612282753,0.027000374067574724,-0.207524074614048,-0.5356909736990929,4.600861835479737,-0.0282104581594467,0.8066017538309097,5.039988660812378,-0.09935142509639264,0.31516273403540257,-6.987600469589234,0.9558741956949234,-0.6559347063302994,-0.8289725661277771,-0.29455315917730335,-1.0678947776556014,0.2711242750287056
2019-04-19 15:00:00,4.326674914360046,-10.275925493240356,1.9019622802734375,-0.6779145121574401,-1.011523997783661,-1.29902463555336,0.5283570408821107,-0.9074492186307908,0.16568229049444197,3.4331048250198366,0.14172778017818927,0.6111552387475967,0.4585823278874159,-0.5812812775373459,-0.23910354524850846,-0.207524074614048,-0.5357076168060303,3.7164904117584228,-0.24875101409852504,0.6995396092534065,3.8975069999694822,-0.07028403505682942,0.18362276507541536,-7.69351601600647,1.1405898958444596,-0.3021232552826404,-0.41473757922649385,0.028134800773113932,-1.0880805194377898,0.27780823111534125
2019-04-22 12:00:00,-10.763606548309324,-11.825526618957522,-0.4983858481049538,0.01801578402519225,2.172270321846008,0.6803678780794143,0.4384326212108135,-0.14975040461868044,-0.021171218343079133,4.937453365325927,-0.32808501571416854,0.5490578562021255,0.13326306885574013,-0.40043405890464784,0.5592081010341643,0.03803519308567045,-0.5350931853055954,4.718777918815613,0.486384017765522,0.9564886897802353,4.1151224136352536,-0.12195945009589196,0.06669834079220889,-5.10516266822815,0.7711584642529488,-0.23136095143854618,-0.2766592621803284,0.028134800773113932,-0.8054804027080535,0.17086390256881717
2019-04-22 13:00:00,-4.645925140380859,-9.759392166137696,0.3017302945256234,-0.17529815062880516,1.0352011024951935,-0.021997199207544317,0.378482985123992,-0.3012901883572339,0.5393892511725425,3.9972357988357543,-0.1192793371155858,0.5801065295934678,0.17392799919471139,-0.2195868417620659,0.38180555626749985,-0.02335462253540751,-0.5352756023406983,4.129197382926941,0.339357052743435,0.7851892948150634,4.006314778327942,-0.1090405935421586,0.03746717283502217,-6.28168649673462,0.9004592597484589,0.26397510152310133,0.0685366038233042,-0.29455315917730335,-0.9064090192317963,0.21096801608800883
2019-04-22 14:00:00,0.24822027776390315,-7.521080780029297,0.8351408779621124,-0.3879435330629349,-0.10186850540339946,-0.5008824914693832,0.4084577947854996,-0.5177756041288376,-0.5817316919565201,3.057017564773559,-0.0670779140666127,0.20752173759974535,0.09259817898273467,0.05168399119866081,0.2044029451906681,-0.08474443592131138,-0.5353754609823227,3.1858678340911863,0.19233003926929088,0.624596206843853,3.462275981903076,-0.09935142509639264,0.008236099220812292,-7.301340913772583,0.9558741956949234,0.6177866101264954,0.3446932569146156,0.18947877436876298,-0.9669661670923233,0.25775614976882927
2019-04-22 15:00:00,4.326674914360046,-6.660191679000855,1.101846432685852,-0.5329290419816971,-1.011523997783661,-0.9797677010297777,0.04875988401472568,-0.7559094786643983,-0.768585205078125,2.3048433303833007,-0.17148076370358467,-0.009819375933147972,0.13326306885574013,-0.490857669711113,0.027000374067574724,-0.14613426625728607,-0.5353754609823227,2.301496434211731,0.14332103137858215,0.46400299072265627,2.591813492774963,-0.08966230675578116,-0.07945723682641981,-8.085690069198609,0.9928172469139099,0.9008357614278794,0.6208499163389206,0.18947877436876298,-1.0073376268148422,0.27780823111534125
2019-05-10 10:00:00,-20.144052505493164,-14.40819435119629,1.6352569699287414,0.17266697734594344,3.385144281387329,1.5742870926856993,-0.16106391996145247,-0.08480477295815944,-0.955438631772995,4.8747721195220945,-1.163307684659958,-0.009819375933147972,-0.5987052246928216,-1.1238228976726532,0.32267133817076676,0.07896175757050514,-0.53532555103302,5.780023431777954,-0.0037059620022773672,1.2455565769225359,4.550353837013246,-0.1316485932096839,0.44670277666300534,-4.399247789382935,0.14312509968876838,-1.8588937401771546,-2.002638506889343,0.5121667325496674,-1.0678947776556014,-0.12323260456323623
2019-05-10 11:00:00,-8.724380397796631,-10.275925493240356,3.502194237709046,0.09534139782190323,2.7787075519561775,0.4888137988746166,-0.16106391996145247,-0.12810186029455503,-0.5817316919565201,4.185279154777527,-1.0589047610759734,0.02122933790087701,-0.6393700525164604,-0.6717048704624176,-0.20953641682863228,-0.10520770521834492,-0.5354253619909286,5.721065831184387,-0.5428049951791764,0.7744831949472428,4.985584783554077,-0.1155000051483512,0.27131606978364287,-3.6933335304260253,0.3463123358786106,-1.505082267522812,-1.726481807231903,0.5121667325496674,-1.0678947776556014,-0.016288421489298367
2019-05-10 12:00:00,0.24822027776390315,-9.242858409881592,5.102426242828369,-0.23329232921823864,0.6561778992414475,0.23340830877423285,-0.13108905628323556,-0.21469601411372433,-0.3948781669139862,3.9972357988357543,-1.1111063838005066,0.1143755289260298,-0.6393700525164604,-0.490857669711113,-0.8600125968456268,-0.2893771905452013,-0.5354917109012604,5.721065831184387,-0.8368591338396072,0.6567148014903068,4.93118143081665,-0.08643258032388983,0.27131606978364287,-4.163942956924439,0.5679711512289941,-1.2220329999923707,-1.5884034037590025,0.3508227735757828,-1.2091949209570882,0.05723574161529539
2019-05-10 13:00:00,4.326674914360046,-7.0045465469360355,5.635836839675903,-0.31061792522668835,-1.011523997783661,-0.6605109229683876,-0.04116458357311786,-0.5827212154865264,-0.955438631772995,2.492886817455292,-1.1111063838005066,0.0833267876878381,-0.5987052246928216,-0.40043405890464784,-1.2148178458213805,-0.5144731700420379,-0.5355747997760772,3.8933648109436034,-0.7388410031795501,0.624596206843853,4.93118143081665,-0.05736516006290911,0.27131606978364287,-4.634553027153015,0.9004592597484589,-1.0805084466934205,-1.1741684198379516,0.028134800773113932,-1.3303093664348125,0.1374439381062984
2019-05-10 14:00:00,1.8796021461486816,-5.454946684837341,7.2360687255859375,-0.5812574952840805,-1.769570279121399,-1.3628759801387784,-0.07113941274583342,-0.6693153023719788,-0.3948781669139862,2.1167998552322387,-1.0589047610759734,-0.07191687524318696,-0.47671047523617743,-0.6717048704624176,-1.096549266576767,-0.6372527986764908,-0.5354750394821167,1.2992087721824646,-0.42028250098228453,0.36764701306819925,3.2446601748466493,-0.021838311105966568,0.27131606978364287,-5.889511489868164,1.0667035639286042,-0.6559347063302994,-0.8980117738246918,-0.13320919796824454,-1.370680804550648,0.25775614976882927
2019-05-10 15:00:00,1.8796021461486816,-4.594057226181031,6.435952949523926,-0.793902862071991,-1.314742648601532,-1.6821327924728398,-0.22101356280036272,-0.9723948299884796,-1.889706015586853,1.3019442021846772,-0.9023006141185761,-0.35135549604892735,-0.5173753492534161,-0.40043405890464784,-0.7121771246194839,-0.5963262990117073,-0.5356245964765549,0.6506697177886963,-0.10172397035639733,0.3034097343683243,0.8508888572454453,-0.0024600274860858916,0.13977608866989613,-6.752296113967896,1.0667035639286042,-0.3728855267167092,-0.6218551337718964,0.18947877436876298,-1.491794963553548,0.31791229844093316
2019-05-10 16:00:00,1.063911199569702,-4.938412857055664,6.702658367156983,-0.8905598551034928,-1.314742648601532,-1.4905786991119387,-0.4907869562506676,-1.210528928041458,-1.32914559841156,0.737813352048397,-0.9545020759105682,-0.6307941496372222,-0.720699881017208,-1.1238228976726532,-0.32780479192733775,-0.4633150175213814,-0.5355249732732773,0.47379547655582427,-0.10172397035639733,0.16422900855541228,0.25244598239660265,-0.008919451385736455,0.31516273403540257,-7.69351601600647,1.177532860636711,-0.08983633769676087,-0.06954173352569343,0.3508227735757828,-1.431237901188433,0.31791229844093316
2019-05-10 17:00:00,6.773747730255127,-6.315835475921632,5.369131803512573,-0.8325656324625015,-1.1631331622600556,-1.4905786991119387,-0.7605603858828545,-1.3187714636325836,-2.8239734768867497,0.4244073209352791,-1.215509182214737,-0.9723302274942398,-1.086684015393257,-0.8525520920753479,-0.32780479192733775,-0.33030373938381674,-0.5354253619909286,-0.9411986768245697,0.2903480365872383,0.06787307267077265,0.08923425544053316,-0.029912596568465222,0.008236099220812292,-9.105344343185426,1.288362246751785,0.4762620240449905,0.0685366038233042,0.3508227735757828,-1.4514237155672163,0.3580162972211838
2019-05-10 18:00:00,10.852202033996582,-8.898503303527832,3.7688997268676756,-0.8325656324625015,-2.2243981838226317,-1.4267272830009463,-1.0902834802865982,-1.2538259208202363,-3.38453403711319,0.5497697241604328,-1.6853219270706177,-1.1586226955056191,-1.4526680588722227,-1.5759409070014954,0.1452687419718131,-0.33030373938381674,-0.5351592361927032,-1.2949474513530732,0.24133902601897722,0.01434198617935179,-1.2164593100547791,-0.05090570591128196,-0.07945723682641981,-9.811259126663208,1.232947537302971,0.6177866101264954,0.0685366038233042,0.3508227735757828,-1.3504949517548086,0.3981204390525819
2019-05-10 19:00:00,9.220820331573487,-11.825526618957522,3.235488963127137,-0.8132342159748077,-2.982444429397583,-1.873686969280243,-1.2701324284076687,-1.2538259208202363,-0.3948781669139862,1.0512193411588668,-2.15513471364975,-1.0965252056717874,-1.8999821841716766,-1.84721177816391,0.08613455761224031,-0.16659753099083896,-0.5349767148494721,-2.061402702331543,-0.15073298923671247,0.03575440756976604,-1.5428825974464415,-0.05090570591128196,-0.07945723682641981,-9.811259126663208,1.3807202070951463,0.6177866101264954,-0.20762006007134914,0.5121667325496674,-1.2293806403875354,0.3780683189630508
2019-05-10 20:00:00,9.220820331573487,-14.40819435119629,1.101846432685852,-0.9485539823770524,-2.679226040840149,-2.1929437279701234,-1.2101828008890152,-1.2321774780750272,-1.7028526544570923,1.9914372324943543,-2.7293505311012267,-0.8947084069252014,-2.1439716219902034,-0.40043405890464784,-0.38693904280662533,-0.18706079646945004,-0.534777358174324,-2.5920253515243528,-0.05271498300135134,0.12140410393476486,-2.250133287906647,-0.07674344703555105,0.008236099220812292,-10.281868839263916,1.3622487455606462,0.33473745472729205,-0.0005025540478527379,0.5121667325496674,-1.1890091329813004,0.43154052197933207
2019-05-11 10:00:00,-12.802833461761475,-14.924727725982667,-1.0317964255809782,0.11467276066541672,2.9303164005279543,0.9357733070850373,0.7681556731462479,0.0883835181593895,-0.021171218343079133,5.689627480506897,0.40273486226797106,0.9526913851499559,0.7432367164641619,0.41337842196226127,3.3385157704353334,0.9384191632270813,-0.5359401946887374,4.895652341842652,2.7898071244359017,1.1706129595637322,4.0607187986373905,-0.257607401907444,0.09592942586168646,0.3852838076651096,-0.5587945565581321,-2.7788035035133367,-3.3143825054168703,0.5121667325496674,-0.866037517786026,-0.3839090975001453
2019-05-11 11:00:00,-1.3831615447998047,-14.063838481903076,-0.2316802643239498,-0.09797256179153921,1.4142239928245544,0.2972596511244774,0.7681556731462479,-0.19304745811969046,-1.1422921180725099,5.37622172832489,0.6637419193983078,0.921642616391182,0.6212418859824538,-0.2195868417620659,3.1611128568649294,0.9384191632270813,-0.5360398858785629,5.308358955383301,2.3487260967493055,0.9136639021337032,4.169526481628418,-0.2511480048298836,-0.16715057268738748,0.2284138783812523,-0.2817209929227829,-2.8495658397674566,-2.9691868782043453,0.3508227735757828,-0.866037517786026,-0.2702808614820242
2019-05-11 12:00:00,3.510983920097351,-10.10374755859375,2.4353727936744693,-0.2912865329533815,-0.7083055377006532,-0.34125408958643677,0.7381808489561081,-0.4311814270913601,-0.3948781669139862,4.185279154777527,0.5071376964449883,1.1389837235212328,0.6212418859824538,-0.762128484249115,2.628905260562896,0.8770294487476349,-0.5362558424472809,4.659820151329041,1.7116090765222904,0.860132896900177,4.550353837013246,-0.2511480048298836,0.05208276007324455,-0.3990657268092036,-0.09700536569580434,-2.4957541823387146,-2.5549518108367923,0.18947877436876298,-0.9265947222709657,-0.17002070806920527
2019-05-11 13:00:00,9.220820331573487,-6.660191679000855,4.569015479087829,-0.4846004694700241,-1.6179609894752502,-1.2351732909679414,0.9480045795440674,-0.6476668089628219,-0.768585205078125,3.87187283039093,0.5071376964449883,1.2942274451255797,0.5805770848877728,-0.40043405890464784,1.8601604163646699,0.6928599186241626,-0.5364053547382355,3.480658435821533,1.3195371378213165,0.6567148014903068,3.9519110202789305,-0.24145886301994324,0.18362276507541536,-1.5755899012088777,0.10618195496499538,-2.071180510520935,-2.416873240470886,0.18947877436876298,-1.1284519135951996,-0.10318057276308534
2019-05-11 14:00:00,18.193420028686525,-4.766235089302063,4.569015479087829,-0.755240136384964,-2.679226040840149,-1.6182812392711639,1.097878751158714,-0.8641522020101547,-1.1422921180725099,2.430205798149109,0.4549362689256668,1.2321298956871032,0.865231354534626,-0.5812812775373459,1.3870868682861328,0.42683742437511685,-0.53648841381073,2.0656639456748964,0.6334111168980598,0.6031837522983552,2.863833105564118,-0.2123915135860443,0.05208276007324455,-2.9089840173721315,0.38325548768043516,-1.929656040668488,-1.864560079574585,0.18947877436876298,-1.2899377733469009,-0.02965641226619483
2019-05-11 15:00:00,27.1660213470459,-3.7331682682037353,4.8357210636138905,-0.8712284713983536,-4.346927213668823,-2.065240943431854,1.0379291772842407,-1.1672316402196885,-2.26341313123703,1.176581746339798,0.8203461349010468,1.2321298956871032,1.0685559973120689,-0.762128484249115,0.5592081010341643,0.26313124150037764,-0.5364551171660423,1.7708734571933742,0.14332103137858215,0.35694079101085674,1.5581395626068115,-0.17040514275431634,-0.07945723682641981,-4.085507893562317,0.5125564605928957,-1.3635576605796815,-1.519364321231842,0.3508227735757828,-1.2899377733469009,0.0706037312746048
2019-05-11 16:00:00,15.74634666442871,-4.07752377986908,5.902542924880981,-1.0065481275320054,-6.014629697799682,-2.7676061272621153,1.0379291772842407,-1.2971229255199432,-3.38453403711319,0.48708852380514145,1.0813532531261443,1.1389837235212328,0.9872260205447674,-1.3046700835227967,-0.03213386796414852,-0.02335462253540751,-0.5363223277032375,0.6506697177886963,-0.15073298923671247,0.14281652793288233,1.2861199021339416,-0.14456744007766248,0.09592942586168646,-4.869857907295227,0.8265729919075966,-1.0097462058067324,-1.3812859892845157,0.3508227735757828,-1.3101234152913093,0.11739184334874156
2019-05-23 14:00:00,-3.8302343606948854,-6.315835475921632,2.4353727936744693,-0.4652690917253494,0.35295925736427314,-0.40510541051626203,-0.07113941274583342,-0.6260182291269303,-1.889706015586853,2.367524337768555,-0.1192793371155858,-0.1961118647828698,0.011268356069922419,-0.2195868417620659,-0.20953641682863228,-0.2279873691499233,-0.5358239322900772,1.8298317670822144,-0.34676898568868636,0.399765682220459,2.156582307815552,-0.08320285324007272,0.44670277666300534,-6.046381568908691,0.7342153787612915,-0.5144101113080979,-1.3812859892845157,-0.13320919796824454,-1.1082662582397462,0.1775480538606644
2019-05-25 10:00:00,-16.065597534179684,-6.315835475921632,2.968783712387085,0.19199839979410172,4.446409201622009,1.5104357123374939,0.1386843618005514,-0.10645332783460618,1.6605101883411408,4.624047470092774,-0.4324878603219986,0.33171666488051416,-0.1513912381604314,0.8654964387416839,0.2044029451906681,0.18127814009785653,-0.5365714192390442,3.539616084098816,-0.29776002168655397,0.9136639021337032,2.591813492774963,-0.15102685391902926,0.44670277666300534,2.816766834259033,-0.9836406424641609,-2.9203283190727225,-3.245343542098999,0.5121667325496674,-1.0678947776556014,-0.5710614621639252
2019-05-25 11:00:00,-9.540070533752441,-4.24970133304596,2.968783712387085,0.07601004093885422,2.0206611514091497,0.9357733070850373,0.168659152276814,-0.10645332783460618,0.7262427300214768,2.179480731487274,-0.48468931317329406,0.33171666488051416,-0.232721097022295,0.594225612282753,-0.5643415480852128,-0.14613426625728607,-0.536787461861968,3.8344069480895997,0.09431202933192252,0.731658260524273,2.9182368755340575,-0.1316485932096839,0.35900939768180246,2.503027021884918,-0.7804533690214157,-2.7788035035133367,-3.245343542098999,0.5121667325496674,-1.1688234090805054,-0.424013208411634
2019-05-25 12:00:00,1.063911199569702,-2.183567667007446,3.235488963127137,-0.09797256179153921,0.8077870368957519,-0.08584856055676937,0.168659152276814,-0.23634455464780327,-0.021171218343079133,1.0512193411588668,-0.5890920907258987,0.33171666488051416,-0.19205610379576682,0.14210759294219316,-0.0912680497553083,-0.41215684190392493,-0.536936917155981,3.3627421855926514,-0.34676898568868636,0.31411596983671186,3.1902564167976384,-0.07997314529493449,0.27131606978364287,1.7971126556396484,-0.4849083013832568,-2.7788035035133367,-2.9691868782043453,0.3508227735757828,-1.1688234090805054,-0.35048900870606303
2019-05-25 13:00:00,5.1423656940460205,2.293056046962738,6.702658367156983,-0.4072748735547066,-1.1631331622600556,-0.5966595008969307,0.168659152276814,-0.4311814270913601,0.9130961686372757,0.29904499985277655,-0.5368906617164612,0.2696191743016244,-0.19205610379576682,-0.2195868417620659,-0.6234757274389267,-0.24845062345266342,-0.5370200648903847,2.0656639456748964,-0.19974197952833492,0.12140410393476486,2.7550253510475162,-0.03798690303228795,0.49054943667724726,0.6205886237323284,-0.3186641797423363,-2.4957541823387146,-2.623991274833679,0.18947877436876298,-1.1890091329813004,-0.24354482013732195
2019-05-25 14:00:00,10.036511898040773,2.8095895051956172,5.369131803512573,-0.5619261384010314,-1.9211795330047607,-1.4267272830009463,0.10870950892567635,-0.7775580555200576,-0.955438631772995,-0.45312938652932644,-0.5368906617164612,0.0833267876878381,-0.19205610379576682,0.23253117427229886,-0.44607319831848147,-0.43262009471654894,-0.5370033353567123,1.0633763551712034,0.09431202933192252,-0.007070418819785121,1.5581395626068115,-0.06382458768784997,0.31516273403540257,-1.1049801409244537,0.05076722949743273,-2.1419428110122682,-2.1407166361808776,0.18947877436876298,-1.4514237155672163,-0.1833887499757111
2019-05-25 15:00:00,27.1660213470459,4.0148341178894045,5.635836839675903,-0.8132342159748077,-2.830834984779358,-1.745984172821045,-0.07113941274583342,-0.9507462590932846,-0.3948781669139862,-2.082840633392334,-0.5368906617164612,-0.41345295011997224,-0.27338592559099195,-0.6717048704624176,-0.0912680497553083,-0.3712302133440971,-0.536936917155981,-1.2359891831874847,-0.0037059620022773672,-0.13554497733712195,0.6332732021808625,-0.03475713357329365,0.18362276507541536,-1.9677646160125732,0.2170113422907889,-1.6466068506240845,-2.002638506889343,0.18947877436876298,-1.3504949517548086,-0.049708456313237545
2019-05-25 16:00:00,37.77000198364258,4.0148341178894045,4.3023100852966305,-0.9098912686109543,-6.014629697799682,-2.1290924429893496,-0.5507365837693214,-1.2321774780750272,-2.637120079994202,-2.2708840250968936,-0.6412935823202133,-0.817086523771286,-0.5173753492534161,-0.40043405890464784,-0.20953641682863228,-0.24845062345266342,-0.536787461861968,-2.297234880924225,0.19233003926929088,-0.41390657499432565,-1.4884787321090696,-0.04444630313664675,0.008236099220812292,-3.2227240800857535,0.29089759103953844,-1.505082267522812,-1.6574426651000977,0.3508227735757828,-1.370680804550648,0.01044767051935196
2019-05-25 17:00:00,19.82480564117432,0.39909975677728654,3.235488963127137,-1.0258796125650407,-7.985550308227539,-3.4699709892272947,-0.9404093891382217,-1.3404199302196504,-1.889706015586853,-2.7096522569656374,-0.9545020759105682,-0.5686966419219971,-1.1680137366056442,-1.4855175375938416,0.027000374067574724,-0.2893771905452013,-0.5365381792187691,-3.0047318935394283,0.339357052743435,-0.44602524116635334,-2.467748773097992,-0.06382458768784997,-0.07945723682641981,-3.928638315200806,0.49408490769565117,-1.1512708067893982,-1.105129253864288,0.5121667325496674,-1.2697519853711128,0.037183746695518514
2019-05-26 09:00:00,-14.43421688079834,-7.348902177810669,0.3017302945256234,0.09534139782190323,3.6883630752563477,1.063476139307022,0.8880549877882004,-0.21469601411372433,1.0999496817588805,4.8120910882949826,-0.223682177066803,1.263178634643555,0.5805770848877728,0.594225612282753,2.628905260562896,0.7951763436198235,-0.5363223277032375,2.242538237571716,2.1036811865866185,0.9136639021337032,1.7757548749446872,-0.2931341499090195,0.27131606978364287,3.7579864740371702,-1.6855599671602248,-2.4957541823387146,-3.03822591304779,0.5121667325496674,-0.8256659984588623,-0.7448458865284919
2019-05-26 10:00:00,-5.461615467071534,-4.24970133304596,1.6352569699287414,-0.05930974036455154,1.7174426198005677,0.616516511142254,1.0679039388895035,-0.21469601411372433,1.0999496817588805,3.119698977470398,0.4549362689256668,1.915202248096466,0.783901482820511,0.3229548141360283,2.3332340598106383,0.6928599186241626,-0.5365216329693794,2.8321192622184754,2.1036811865866185,0.7637769386172295,1.7213512420654298,-0.22853991985321045,0.18362276507541536,4.307030725479126,-1.2237709145992994,-2.5665166258811953,-2.693030071258545,0.5121667325496674,-0.9669661670923233,-0.6780057087540626
2019-05-26 11:00:00,5.958056545257568,-0.8061449594795704,1.9019622802734375,-0.19462954831542453,0.04974079579114914,-0.21355131287127732,1.6973753154277802,-0.3878843892365694,1.0999496817588805,1.4273064196109773,0.7159432739019395,2.318835937976837,1.0278909474611282,0.3229548141360283,2.3332340598106383,0.5905435435473919,-0.5367209353018552,2.8321192622184754,1.8586362216621635,0.4747091203927994,2.265390133857727,-0.2123915135860443,0.008236099220812292,4.307030725479126,-0.9651690676808358,-2.21270524263382,-2.416873240470886,0.5121667325496674,-1.0678947776556014,-0.5109053425490856
2019-05-26 12:00:00,14.11496562957764,1.9487004876136784,2.7020782947540285,-0.44593771398067483,-2.07278892993927,-0.9159163475036621,2.087048053741455,-0.5394241154193878,-0.2080247350037098,0.29904499985277655,1.029151976108551,1.635763454437256,1.8818540811538695,0.3229548141360283,2.0375630617141725,0.5905435435473919,-0.5371527956798673,2.0656639456748964,1.7116090765222904,0.1856414216570556,2.265390133857727,-0.19624286666512486,-0.12330391108989716,2.659897267818451,-0.7250387415289878,-1.929656040668488,-2.485912597179413,0.3508227735757828,-1.0880805194377898,-0.4173292400781065
2019-05-26 13:00:00,12.483584213256835,5.220079064369202,5.369131803512573,-0.6585830748081208,-3.588881278038025,-1.8098355531692505,1.4276017546653743,-0.8208550184965133,0.35253573507070546,-0.9545789003372193,2.1253814578056334,1.0147888481616971,2.4104975759983067,-0.3100104376673698,1.8601604163646699,0.48822721317410467,-0.5372026979923249,1.2402506858110427,1.2215191237628458,-0.007070418819785121,1.5581395626068115,-0.19624286666512486,0.008236099220812292,1.8755474448204037,-0.5033799014985562,-2.0004182577133176,-1.6574426651000977,0.3508227735757828,-1.1486376702785492,-0.33043696191161875
2019-05-26 14:00:00,14.930656814575196,6.42532434463501,4.569015479087829,-0.9292225807905197,-3.285662794113159,-2.4483492851257322,0.8281053394079209,-1.0589890599250793,-0.955438631772995,-1.9574782013893128,2.804000449180603,0.8595451682806015,1.515869802236557,-0.03873962895013389,1.2688185334205626,0.42683742437511685,-0.5373189710080624,-0.3516178749501706,0.43737505227327345,-0.22119471207261085,0.7964850068092346,-0.18009430170059204,0.27131606978364287,-0.08532597823068498,-0.3186641797423363,-1.1512708067893982,-1.519364321231842,0.3508227735757828,-1.3504949517548086,-0.250228869356215
2019-05-26 15:00:00,27.981712341308594,7.114035511016847,5.369131803512573,-1.122536540031433,-3.7404907703399664,-2.3206464886665343,0.6782312005758285,-1.3620685309171676,0.9130961686372757,-3.148420786857605,1.6555689215660094,0.7043014913797377,0.7025718089193106,-0.6717048704624176,0.32267133817076676,0.2222046848386526,-0.5373189710080624,-1.9434863448143005,0.04530305191874506,-0.3924941904842853,-0.6724202781915665,-0.17040514275431634,0.09592942586168646,-1.1834150969982145,-0.060062190145254137,-1.0097462058067324,-0.8980117738246918,0.5121667325496674,-1.2899377733469009,-0.1833887499757111
2019-05-26 16:00:00,35.32292594909668,6.253145694732666,3.502194237709046,-1.0838737845420838,-6.166238260269166,-2.5122003674507143,0.5283570408821107,-1.5785538494586944,-1.889706015586853,-3.5871891021728515,0.6115405291318894,0.7043014913797377,0.4992471899837255,0.23253117427229886,-0.15040222983807325,-0.10520770521834492,-0.536970117688179,-3.0047318935394283,-0.0037059620022773672,-0.5959121748805046,-2.1413257718086243,-0.1381079699844122,-0.07945723682641981,-2.203069460391998,0.10618195496499538,-0.3728855267167092,-0.20762006007134914,0.5121667325496674,-1.3504949517548086,-0.08981256075203418
2019-05-27 09:00:00,-14.43421688079834,-5.7993026018142695,-1.298501616716385,0.2886553667485714,4.446409201622009,1.638138437271118,1.1578283309936523,-0.12810186029455503,0.9130961686372757,3.245061159133911,0.7681447744369507,1.449471217393875,1.2312154501676558,0.6846492409706115,2.5106365203857424,0.8156395569443703,-0.5365216329693794,1.2402506858110427,2.0056631393730644,0.7530706658959389,0.7420810431241989,-0.29959363043308257,-0.25484390668570994,5.405120420455932,-1.9441623508930206,-2.2834676027297975,-2.9691868782043453,0.3508227735757828,-0.8256659984588623,-0.8651581339538099
2019-05-27 10:00:00,-1.3831615447998047,-3.7331682682037353,-0.4983858481049538,0.11467276066541672,1.7174426198005677,0.9357733070850373,1.247752994298935,0.0017893623560667198,0.16568229049444197,2.179480731487274,1.2901590406894683,1.946250855922699,1.1498856440186502,0.23253117427229886,2.214965665340423,0.6519334100186824,-0.5368538491427899,1.8887898147106168,1.613591028796509,0.4961215972900391,0.7964850068092346,-0.231769660115242,-0.3863839115947485,5.718859815597534,-1.4823731526732442,-2.4957541823387146,-2.485912597179413,0.5121667325496674,-0.8458517909049987,-0.7715819403529168
2019-05-27 11:00:00,9.220820331573487,-1.1505006790161136,0.8351408779621124,-0.09797256179153921,-0.7083055377006532,-0.21355131287127732,1.7273499846458436,-0.19304745811969046,1.0999496817588805,0.8631757348775864,1.1857561469078066,2.2256895244121546,1.2718804165720936,-0.12916322350502013,1.7418919324874877,0.5496170468628406,-0.5371197294443847,1.8887898147106168,1.02548306286335,0.31411596983671186,1.394927823543549,-0.2059320628643036,-0.3863839115947485,5.326685523986817,-1.1868281102739275,-2.0004182577133176,-2.485912597179413,0.5121667325496674,-0.9064090192317963,-0.6044815197587013
2019-05-27 12:00:00,21.456183433532715,2.6374114632606505,1.6352569699287414,-0.44593771398067483,-2.679226040840149,-1.2351732909679414,1.9971236348152162,-0.4311814270913601,0.35253573507070546,0.11100140325725079,1.3423604369163515,1.6978609681129455,1.9225189417600632,0.3229548141360283,1.0322817265987396,0.3859108781558461,-0.5374352015554905,1.1812926650047304,0.43737505227327345,0.08928547324612734,1.394927823543549,-0.18978344425559043,-0.5179238509386778,4.071726083755493,-0.9466976583003998,-2.0004182577133176,-2.34783433675766,0.18947877436876298,-1.0073376268148422,-0.49753723591566085
2019-05-27 13:00:00,31.244473457336426,5.736613035202027,4.8357210636138905,-0.755240136384964,-4.953364562988281,-2.065240943431854,1.487551403045654,-0.8208550184965133,-1.889706015586853,-0.8292165905237198,2.1775832533836366,1.0458375453948974,2.2885029315948486,-0.03873962895013389,0.32267133817076676,0.140351565182209,-0.5375516909640283,-0.2337016321718693,0.09431202933192252,-0.03918908201158046,0.7420810431241989,-0.16394571140408515,-0.5179238509386778,2.9736368656158443,-0.7804533690214157,-1.8588937401771546,-1.519364321231842,0.18947877436876298,-1.0678947776556014,-0.41064517432823777
2019-05-27 14:00:00,32.875856590271,7.802746820449829,3.7688997268676756,-1.0065481275320054,-6.772675848007202,-3.0230114579200746,0.858080118894577,-1.1672316402196885,-2.450266599655152,-2.2082029938697816,2.647395706176758,0.7974477499723435,1.5971996575593947,-1.1238228976726532,-0.0912680497553083,-0.10520770521834492,-0.5376179944723843,-1.2359891831874847,-0.10172397035639733,-0.1997823208104819,-0.5636124020442367,-0.12518914341926574,0.008236099220812292,1.0127633541822434,-0.521851385384798,-1.0097462058067324,-1.105129253864288,0.18947877436876298,-1.3101234152913093,-0.35048900870606303
2019-05-27 16:00:00,10.852202033996582,6.941857957839966,5.102426242828369,-1.5284959137439729,-8.895205163955689,-3.9169304370880127,0.4684074088931084,-1.7733907580375672,-2.8239734768867497,-4.088638520240783,0.6637419193983078,0.39381415373645723,0.41791738495230685,-1.84721177816391,-0.5052074939012527,-0.33030373938381674,-0.5372691288590431,-3.181606101989746,-0.3957780167460442,-0.6280308246612548,-2.6309603214263917,-0.06382458768784997,-0.07945723682641981,-1.2618500113487245,-0.1708916174946353,-0.3021232552826404,-0.41473757922649385,0.3508227735757828,-1.3101234152913093,-0.17670472543686627
2019-05-27 17:00:00,-2.198852574825287,3.3261228084564207,3.235488963127137,-1.567158713936806,-2.982444429397583,-4.683147192001343,0.2286088271066547,-2.0331732511520384,-4.879361820220947,-3.9632762908935546,0.24613061659038066,0.02122933790087701,0.2145928736776114,-1.5759409070014954,-0.6826100051403046,-0.3916935704648495,-0.5370366312563419,-4.06597762107849,0.04530305191874506,-0.7565053164958954,-3.2838072776794425,-0.05090570591128196,-0.035610564495436856,-1.9677646160125732,-0.060062190145254137,0.12245049569755792,-0.0005025540478527379,0.5121667325496674,-1.3303093664348125,-0.12991658942773937
2019-06-01 14:00:00,-9.540070533752441,-7.521080780029297,-1.8319121360778812,-0.2912865329533815,1.2626149237155917,-0.21355131287127732,-0.4308373130857944,-0.3662358261644841,-3.38453403711319,1.9914372324943543,-1.3721133768558504,-0.4445016965270042,-0.9240243285894394,-1.2142465531826017,-0.38693904280662533,-0.3712302133440971,-0.5357907295227051,1.8887898147106168,-0.29776002168655397,0.41047188490629194,1.9933705925941467,-0.04444630313664675,0.4028560884296894,-4.7914228439331055,0.05076722949743273,1.3254094898700717,0.5518107503652573,0.18947877436876298,-0.7651088923215866,-0.02965641226619483
2019-06-06 14:00:00,-7.092997789382935,4.875723838806152,4.8357210636138905,-0.5619261384010314,0.35295925736427314,-0.6605109229683876,-0.10111421532928941,-0.8208550184965133,-0.2080247350037098,-2.4589275121688843,-0.985034990310669,-0.16506309006363154,-0.5496004104614258,-0.5812812775373459,-0.38693904280662533,-0.30984047465026376,-0.5363056913018227,-0.9411986768245697,-0.27325551584362984,-0.41390657499432565,0.7964850068092346,-0.06059487387537954,0.5343960957601667,-2.0461996674537657,-0.20783475488424305,0.40549972653388977,0.20661486685276031,-0.13320919796824454,-1.2899377733469009,-0.17002070806920527
2019-06-06 15:00:00,-2.198852574825287,3.1539453983306887,2.968783712387085,-0.5812574952840805,0.35295925736427314,-0.7882136702537537,-0.3109380340203643,-0.9507462590932846,-0.5817316919565201,-2.4589275121688843,-0.9958691656589508,-0.3824042901396751,-0.558040302991867,-0.3100104376673698,-0.5347745031118393,-0.3507670179009438,-0.5363388702273368,-3.063690519332886,-0.3957780167460442,-0.47814380973577497,-1.2164593100547791,-0.05413545276969669,0.44670277666300534,-2.5952441453933712,-0.11547688329592347,0.7593110889196396,0.6208499163389206,0.3508227735757828,-1.3101234152913093,-0.14328466057777406
2019-06-18 12:00:00,-11.98714370727539,-8.209791612625121,-1.8319121360778812,0.15333557426929473,2.7787075519561775,0.9996247231960297,-0.34091285909526053,0.0017893623560667198,1.4736566066741943,2.8062926054000847,-1.3721133768558504,-0.1961118647828698,-0.842694553732872,-0.12916322350502013,0.6183423489332199,0.07896175757050514,-0.5363056913018227,2.301496434211731,0.2903480365872383,0.5817713186144828,2.047774428129196,-0.10258115618489683,0.6659360672812908,-0.0068909676745533945,-0.30019258558750145,-1.7881314754486084,-2.2097560048103335,0.18947877436876298,-0.7045517176389696,-0.2836488738656044
2019-06-18 13:00:00,-4.645925140380859,-5.110590314865112,-0.4983858481049538,-0.0786411553621292,1.2626149237155917,0.23340830877423285,-0.34091285909526053,-0.14975040461868044,-0.021171218343079133,2.242162120342255,-1.3721133768558504,-0.1961118647828698,-0.8833594381809234,0.5038020133972168,0.1452687419718131,-0.002891342656221213,-0.5364385783672333,1.4171248972415924,0.04530305191874506,0.4211781322956084,1.7757548749446872,-0.1155000051483512,0.49054943667724726,-0.6343704968690872,-0.11547688329592347,-1.7173690438270566,-1.7955209493637085,-0.13320919796824454,-0.8054804027080535,-0.17670472543686627
2019-06-19 12:00:00,-11.98714370727539,-5.7993026018142695,-3.165438938140869,-0.09797256179153921,1.8690516114234925,0.2972596511244774,0.2885585125535727,-0.3229387259110809,-0.3948781669139862,2.430205798149109,0.4549362689256668,0.20752173759974535,0.6212418859824538,-0.3100104376673698,0.4409397624433041,-0.02335462253540751,-0.5364385783672333,1.7708734571933742,0.19233003926929088,0.4961215972900391,1.7757548749446872,-0.11227028872817754,0.4028560884296894,-0.7912405163049698,-0.4110220471397043,-0.16059864982962607,-0.7599334061145783,0.5121667325496674,-0.6641801714897155,-0.2569128798000747
2019-06-19 13:00:00,-3.8302343606948854,-5.7993026018142695,-3.4321449279785154,-0.2912865329533815,1.2626149237155917,-0.14969996362924576,0.04875988401472568,-0.4311814270913601,-0.955438631772995,2.242162120342255,0.5071376964449883,0.1143755289260298,-0.029396539367735387,-0.40043405890464784,0.027000374067574724,-0.06428116881288587,-0.53648841381073,1.2992087721824646,-0.0037059620022773672,0.35694079101085674,1.2861199021339416,-0.09935142509639264,0.27131606978364287,-1.34028502702713,-0.3371357552707195,-0.23136095143854618,-0.41473757922649385,0.3508227735757828,-0.7045517176389696,-0.21680875457823276
2019-06-19 14:00:00,1.063911199569702,-4.24970133304596,-2.098618054389953,-0.42660629451274873,-0.2534777304157615,-0.40510541051626203,-0.04116458357311786,-0.6476668089628219,0.16568229049444197,0.8631757348775864,-0.32808501571416854,-0.040868160873651506,-0.3547157242894173,-0.6717048704624176,-0.20953641682863228,-0.207524074614048,-0.5364551171660423,0.41483730301260946,0.2903480365872383,0.3248221755027772,0.8508888572454453,-0.09289201772771775,0.27131606978364287,-2.281504452228546,-0.20783475488424305,0.12245049569755792,0.13757576635107394,0.3508227735757828,-0.6843659624457359,-0.19007273414172232
2019-06-19 15:00:00,4.326674914360046,-2.8722788214683534,-0.7650909721851349,-0.5039318859577179,-1.1631331622600556,-1.0436190843582154,-0.19103870578110219,-0.7992064952850343,0.16568229049444197,0.8631757348775864,-0.7456963717937469,-0.10296558439731598,-0.47671047523617743,-0.12916322350502013,0.1452687419718131,-0.2893771905452013,-0.5363388702273368,-0.2337016321718693,0.339357052743435,0.08928547324612734,0.03483038423582911,-0.07028403505682942,0.18362276507541536,-3.0658538818359373,-0.004647497460246078,0.6885489135980606,0.13757576635107394,0.3508227735757828,-0.7852945417165758,-0.14328466057777406
2019-06-25 12:00:00,-13.61852560043335,-10.448103141784667,-5.032375764846802,0.26932397112250334,3.8399722337722784,1.765841042995453,-0.7905352145433426,0.1749776765704155,0.9130961686372757,3.370423412322998,-2.4683432698249814,-0.6307941496372222,-1.655992567539215,0.41337842196226127,-1.7470256328582763,-0.6372527986764908,-0.5350265175104141,2.8321192622184754,-1.3269491374492646,0.6460085988044739,2.4286019921302797,-0.025068027153611172,0.49054943667724726,-4.7914228439331055,0.19853975619189435,1.4669341027736664,1.2422024250030517,-0.13320919796824454,-0.5430657550692558,-0.02965641226619483
2019-06-25 13:00:00,-1.3831615447998047,-8.209791612625121,-3.96555495262146,0.15333557426929473,1.5658334970474244,0.6803678780794143,-0.7605603858828545,-0.019859177432954282,1.0999496817588805,2.492886817455292,-2.4161419272422786,-0.6928915709257126,-1.49333308339119,0.23253117427229886,-1.8061596512794496,-0.8214222505688668,-0.5351261764764785,2.301496434211731,-1.179921990633011,0.5175340220332145,2.265390133857727,-0.0024600274860858916,0.18362276507541536,-4.948292469978333,0.309369195997715,1.8207457184791564,1.3112415432929994,-0.13320919796824454,-0.5632515996694565,0.003763643652200721
2019-06-25 14:00:00,2.695293045043946,-5.7993026018142695,-3.4321449279785154,-0.17529815062880516,-0.7083055377006532,-0.27740266704931865,-0.8205100774765015,-0.14975040461868044,-0.768585205078125,2.555567872524261,-2.207336401939392,-0.7549890846014023,-1.4526680588722227,0.3229548141360283,-1.6287571489810944,-0.8418856542557478,-0.5352424532175064,1.2402506858110427,-0.9348770320415497,0.36764701306819925,1.7757548749446872,0.02660735547542572,0.4028560884296894,-5.2620326519012455,0.3463123358786106,1.891507875919342,1.863554883003235,-0.29455315917730335,-0.6439945042133333,0.04386773183941843
2019-06-25 16:00:00,1.8796021461486816,-3.7331682682037353,-2.098618054389953,-0.755240136384964,-2.679226040840149,-1.5544301569461823,-1.0603085786104203,-0.8425036609172821,-1.889706015586853,0.8631757348775864,-2.2595377445220945,-1.1586226955056191,-1.6153278470039367,-1.0333993196487428,-1.3330863058567046,-0.6781793370842933,-0.5353918999433518,-0.11578554045408962,-1.032895117998123,0.23917246684432034,0.19804213801398873,0.02014794871211052,0.27131606978364287,-6.124816513061523,0.40172701328992844,2.669892847537995,2.2087506532669066,-0.13320919796824454,-0.7449231922626496,0.0706037312746048
2019-06-26 11:00:00,-14.43421688079834,-6.660191679000855,-4.498965525627137,0.15333557426929473,2.9303164005279543,0.808070620894432,1.0379291772842407,0.11003206074237826,-0.021171218343079133,2.9316553831100465,0.2983320131897927,0.9526913851499559,0.6619067538529635,-0.2195868417620659,0.5000739298760891,0.0994250439107418,-0.5359236039221287,1.2402506858110427,0.5353930696845055,0.538946445286274,0.6332732021808625,-0.15102685391902926,0.31516273403540257,0.777458381652832,-0.5403229616582393,-0.5144101113080979,-1.105129253864288,0.3508227735757828,-0.44213719442486765,-0.370541066210717
2019-06-26 12:00:00,-7.092997789382935,-3.216634523868561,-2.898733711242676,-0.13663538191467522,1.7174426198005677,0.2972596511244774,0.7681556731462479,-0.14975040461868044,-0.021171218343079133,2.242162120342255,0.5593391165137291,0.7974477499723435,0.9872260205447674,-0.2195868417620659,0.4409397624433041,-0.04381789173930881,-0.53613949296996,0.7096278041601181,0.2903480365872383,0.4425905153155327,0.7964850068092346,-0.11872973926365375,0.35900939768180246,0.3852838076651096,-0.3740788819268346,-0.5851724326610566,-0.8289725661277771,0.18947877436876298,-0.6036230510217137,-0.26359687708318236
2019-07-02 14:00:00,-17.69697971343994,-3.0444566607475285,-6.365902233123779,0.056678615510463715,3.6883630752563477,0.9357733070850373,-0.9703841269016266,0.023437909502536058,0.7262427300214768,1.113900476694107,-2.4683432698249814,-0.8481353282928467,-1.7779872298240662,0.41337842196226127,-1.1556836307048797,-0.6167895928025245,-0.5359401946887374,0.12004684675484893,-0.9348770320415497,0.23917246684432034,0.14363815123215315,-0.012149178981781006,0.7085196808911861,-3.144288635253907,-0.35560734625905754,2.316081607341766,1.7945159792900085,-0.7785851299762726,-0.38158008828759193,-0.21680875457823276
2019-07-25 13:00:00,-10.355761814117432,1.6043449342250824,-5.565786933898925,0.3466496244072914,2.6270982742309577,1.1273275732994081,-0.28096314761787655,0.304868869483471,0.16568229049444197,-0.8918977081775665,-1.0067034482955932,0.1143755289260298,-0.5173753492534161,-0.3100104376673698,-1.3330863058567046,-0.5144731700420379,-0.536936917155981,-1.0591149508953095,-0.9838861882686615,0.046460616402327994,-1.0532473862171172,-0.03475713357329365,-0.25484390668570994,-0.16376083679497241,-0.9836406424641609,2.1037948369979858,1.1041240632534026,0.028134800773113932,-0.38158008828759193,-0.5175894007086754
2019-07-25 14:00:00,-2.198852574825287,3.1539453983306887,-5.032375764846802,-0.0399784080684185,0.9593962788581848,0.16955696046352386,-0.04116458357311786,0.06673498935997488,0.5393892511725425,-0.8292165905237198,-0.9545020759105682,-0.13401436358690264,-0.8020297139883041,-0.12916322350502013,-1.3922203063964844,-0.6781793370842933,-0.5371695514768362,-1.2359891831874847,-0.6163184702396393,-0.21048850452061743,-1.3252669572830198,-0.021838311105966568,-0.12330391108989716,0.3068487413227558,-0.8728111267089844,1.679220974445343,0.8279674023389816,0.028134800773113932,-0.5228800877928734,-0.424013208411634
2019-07-30 10:00:00,-25.853890419006348,1.0878113031387329,-7.432724475860596,0.5206321047618985,5.659283447265625,2.4682062745094298,0.2286088271066547,0.4131116300821304,0.16568229049444197,-0.2024046652019024,-1.4765163600444793,0.766398972272873,-0.558040302991867,0.6846492409706115,-0.32780479192733775,-0.10520770521834492,-0.5372026979923249,-1.6486960768699646,-0.5428049951791764,0.01434198617935179,-1.9781137347221374,-0.1155000051483512,-0.4740772444754837,5.483555126190186,-1.2422425691038368,-0.16059864982962607,-0.13858091719448562,0.3508227735757828,-0.4017657622694969,-0.4908532842993737
2019-07-30 11:00:00,-11.98714370727539,3.1539453983306887,-6.365902233123779,0.36598094254732133,3.8399722337722784,1.4465842425823214,0.588306748867035,0.2615718150511384,-0.3948781669139862,-0.8918977081775665,-1.0067034482955932,0.7974477499723435,-0.11072632018476722,-0.12916322350502013,-0.8600125968456268,-0.33030373938381674,-0.5373688665218651,-1.530779802799225,-0.29776002168655397,-0.09272012636065483,-1.8693058967590332,-0.08643258032388983,-0.4302305933088064,4.856074976921081,-1.260714188218117,0.40549972653388977,0.41373242884874345,0.18947877436876298,-0.38158008828759193,-0.5175894007086754
2019-07-30 12:00:00,0.24822027776390315,5.047901058197023,-5.299081850051881,0.056678615510463715,1.2626149237155917,0.6803678780794143,0.6182815939188003,0.0883835181593895,-0.021171218343079133,-1.644072210788727,-0.4324878603219986,0.36276538185775276,0.3772525075823069,-0.40043405890464784,-0.5643415480852128,-0.5144731700420379,-0.5374021654948591,-1.8255700707435607,-0.10172397035639733,-0.21048850452061743,-1.7604980111122128,-0.05090570591128196,-0.4740772444754837,2.9736368656158443,-1.2052991218864917,0.971598106622696,1.7254765272140502,-0.29455315917730335,-0.46232295632362364,-0.5242733843624593
2019-07-30 13:00:00,14.930656814575196,6.941857957839966,-3.96555495262146,-0.17529815062880516,-1.011523997783661,-0.40510541051626203,0.1986340369679965,-0.25799314379692084,0.7262427300214768,-2.396246385574341,0.1939291919581592,-0.07191687524318696,0.41791738495230685,-0.2195868417620659,-0.32780479192733775,-0.41215684190392493,-0.5375349424313753,-2.886815857887268,-0.29776002168655397,-0.338963087182492,-2.0325177907943726,-0.021838311105966568,-0.7810038156807423,-0.32063098475337026,-1.0944703038781882,2.316081607341766,1.5183590292930602,-0.29455315917730335,-0.5430657550692558,-0.5042213939130307
2019-07-30 14:00:00,20.640492820739745,8.1471022605896,-3.4321449279785154,-0.5039318859577179,-3.7404907703399664,-1.3628759801387784,-0.22101356280036272,-0.5177756041288376,-0.021171218343079133,-3.08573956489563,0.24613061659038066,-0.35135549604892735,-0.1513912381604314,0.14210759294219316,-0.5643415480852128,-0.33030373938381674,-0.5375682781450452,-3.476396346092225,-0.3957780167460442,-0.46743762865662575,-3.0117874860763547,-0.03798690303228795,-0.8248505614697933,-0.0068909676745533945,-1.0021122194826604,2.1037948369979858,1.3112415432929994,0.028134800773113932,-0.6439945042133333,-0.4641172893345356
2019-07-31 10:00:00,-20.144052505493164,1.9487004876136784,-6.899313926696777,0.36598094254732133,5.052846097946167,1.829692542552948,1.4575765907764437,0.13168057650327683,-0.2080247350037098,-0.7665353253483772,0.40273486226797106,1.6978609681129455,1.2718804165720936,0.594225612282753,0.027000374067574724,-0.06428116881288587,-0.5372359193861483,-2.061402702331543,-1.0819039821624756,-0.007070418819785121,-2.19572936296463,-0.13487827517092227,-0.3425372108817101,6.032599878311158,-2.128877806663513,-0.08983633769676087,-0.8980117738246918,0.3508227735757828,-0.4017657622694969,-0.9119463065639138
2019-07-31 11:00:00,-9.540070533752441,4.53136785030365,-6.09919810295105,0.17266697734594344,2.7787075519561775,1.1911789894104003,1.487551403045654,0.0883835181593895,-0.768585205078125,-1.393347328901291,1.3423604369163515,1.0458375453948974,1.556534516811371,-0.3100104376673698,-1.5104888081550596,-0.207524074614048,-0.5374186974018812,-2.120360720157623,-1.424966961145401,-0.18907608753070237,-2.250133287906647,-0.09289201772771775,-0.3863839115947485,6.581644344329834,-1.9626338779926293,-0.3728855267167092,-0.48377677202224734,0.3508227735757828,-0.4219514710828663,-0.8384220689535141
2019-07-31 12:00:00,4.326674914360046,6.769679069519043,-5.032375764846802,-0.020646975189447393,0.8077870368957519,0.23340830877423285,0.858080118894577,-0.12810186029455503,-0.021171218343079133,-1.9574782013893128,1.7077703714370727,0.5490578562021255,1.5971996575593947,-0.5812812775373459,-1.924428105354309,-0.7395691856741905,-0.5376014444977045,-2.41515109539032,-1.375958091020584,-0.29613822773098947,-2.304537153244018,-0.07028403505682942,-0.4740772444754837,5.561990594863891,-1.6301456481218337,0.051688233437016604,-0.13858091719448562,0.3508227735757828,-0.4825086444616318,-0.7782659277319908
2019-07-31 13:00:00,12.483584213256835,7.458391237258911,-4.765671133995056,-0.31061792522668835,-1.769570279121399,-0.5966595008969307,0.378482985123992,-0.34458721424452954,-0.955438631772995,-2.8976958274841307,1.7599717259407044,0.1143755289260298,0.7432367164641619,-0.2195868417620659,-1.8652939915657043,-0.8828120084479452,-0.537717667222023,-3.0047318935394283,-1.277939999103546,-0.3924941904842853,-2.5765565514564512,0.013688626885414123,-0.9125439196825027,4.620770525932313,-1.371543484926224,0.40549972653388977,-0.0005025540478527379,0.028134800773113932,-0.5632515996694565,-0.657953730225563
2019-07-31 14:00:00,14.11496562957764,9.180169248580933,-4.232260537147523,-0.5619261384010314,-3.285662794113159,-1.6821327924728398,-0.04116458357311786,-0.6693153023719788,-2.26341313123703,-3.712551474571228,0.6637419193983078,-0.28925800397992135,0.09259817898273467,-0.6717048704624176,-1.7470256328582763,-0.862348809838295,-0.5376845926046372,-4.0070196151733395,-1.3269491374492646,-0.5530874118208885,-3.120595145225525,0.03629658296704293,-0.7371572032570839,3.7579864740371702,-1.3161287702620028,0.547024218738079,0.27565405759960415,0.18947877436876298,-0.5834373936057091,-0.5643775865435601
2019-07-31 15:00:00,27.1660213470459,9.868880653381348,-3.4321449279785154,-0.8905598551034928,-3.588881278038025,-2.3206464886665343,-0.4308373130857944,-0.9507462590932846,-1.889706015586853,-3.9632762908935546,-0.17148076370358467,-0.5065991878509521,-0.47671047523617743,-1.3046700835227967,-1.8061596512794496,-0.8214222505688668,-0.5378008238971234,-4.596600151062011,-1.375958091020584,-0.6922681152820587,-4.045461416244507,0.033066821098327634,-1.0440838113427162,3.0520719766616815,-1.2422425691038368,0.8300735592842102,1.17316335439682,0.18947877436876298,-0.6238087762147189,-0.5443254679441452
2019-07-31 16:00:00,27.981712341308594,9.007991313934326,-3.6988496303558356,-1.0838737845420838,-6.014629697799682,-2.4483492851257322,-0.6406610980629921,-1.3187714636325836,-0.5817316919565201,-4.5900885343551625,-0.9023006141185761,-1.3138663917779922,-1.0053540796041491,-1.1238228976726532,-1.8652939915657043,-0.8418856542557478,-0.5375847764313221,-5.127223491668701,-1.277939999103546,-0.735092993080616,-4.589500975608826,0.02660735547542572,-0.6933106064796448,1.640242576599121,-1.1314132820814848,1.7499833464622498,1.5183590292930602,0.3508227735757828,-0.6843659624457359,-0.5175894007086754
2019-08-01 14:00:00,-4.645925140380859,10.729770088195803,-1.0317964255809782,-0.42660629451274873,0.20135002061724663,-0.7243622273206711,0.7981305629014968,-0.6043697386980057,-1.32914559841156,-3.712551474571228,2.1775832533836366,0.14542424348182978,1.719194296002388,-0.490857669711113,-1.0374152600765227,-0.4940099582076073,-0.5378839075565338,-3.6532707691192625,-0.6408230036497116,-0.5852060079574585,-3.3382108926773073,-0.04767598966136573,-0.16715057268738748,3.9932910919189455,-1.7594465345144272,0.547024218738079,0.13757576635107394,0.028134800773113932,-0.7247374504804611,-0.7381617933511734
2019-08-02 10:00:00,-28.300965309143066,3.3261228084564207,-7.166019392013551,0.5979577325284481,6.8721576690673825,2.723611629009247,0.5283570408821107,0.36981453448534013,0.7262427300214768,-0.7665353253483772,-0.1192793371155858,0.7353502571582794,0.2145928736776114,0.14210759294219316,1.9784288465976716,0.6723966971039772,-0.5374186974018812,-2.7099416494369506,1.7606181673705579,-0.02848287522792816,-3.174999308586121,-0.2059320628643036,-1.3071638077497485,7.365994071960449,-2.05499147772789,-0.5851724326610566,-0.967050963640213,0.3508227735757828,-0.3613943666219711,-0.8451060362160205
2019-08-02 11:00:00,-7.092997789382935,5.736613035202027,-5.565786933898925,0.4433065339922905,4.294800043106081,1.9573952078819274,0.5583318769931794,0.34816595166921616,0.5393892511725425,-1.3306660771369934,-0.014876492787152529,0.8905938267707825,0.2959226803854108,0.14210759294219316,1.9192946255207066,0.4677639799192548,-0.5375847764313221,-2.5920253515243528,1.074492096155882,-0.18907608753070237,-2.8485758543014525,-0.20916160196065903,-1.2194705665111543,6.973819208145142,-1.9626338779926293,-0.44364784508943556,-0.5528159230947495,0.3508227735757828,-0.4017657622694969,-0.8116860121488572
2019-08-02 12:00:00,6.773747730255127,5.908790445327758,-5.032375764846802,0.21132979542016983,0.35295925736427314,0.8719219863414764,0.7082060158252717,0.1749776765704155,0.7262427300214768,-2.4589275121688843,0.08952634334564206,0.5490578562021255,0.3365875996649265,0.05168399119866081,1.0914158910512923,0.4473006775602698,-0.5377343006432055,-2.650983428955078,0.2903480365872383,-0.28543200753629205,-2.7397682070732117,-0.1768645487725735,-1.2633171111345294,5.483555126190186,-1.9626338779926293,-0.019074062258005113,-0.0005025540478527379,-0.13320919796824454,-0.5228800877928734,-0.7782659277319908
2019-08-02 13:00:00,19.82480564117432,8.66363525390625,-4.232260537147523,-0.11730395918712022,-2.2243981838226317,-0.7882136702537537,0.378482985123992,-0.08480477295815944,-0.2080247350037098,-3.33646445274353,0.14172778017818927,0.7974477499723435,0.5399121451657265,0.14210759294219316,0.1452687419718131,0.16081484034657473,-0.5379667729139328,-3.122648453712463,-0.15073298923671247,-0.47814380973577497,-2.7941720962524412,-0.17363484278321267,-1.3071638077497485,3.8364213943481444,-1.8518043160438538,0.547024218738079,0.13757576635107394,-0.7785851299762726,-0.5632515996694565,-0.7782659277319908
2019-08-02 14:00:00,7.589438533782959,10.557591438293457,-0.7650909721851349,-0.6199202328920365,-4.650146436691284,-1.873686969280243,0.6182815939188003,-0.452829946577549,-0.3948781669139862,-3.3991452932357786,0.40273486226797106,0.8284964710474014,0.09259817898273467,-0.3100104376673698,-0.38693904280662533,-0.16659753099083896,-0.5379667729139328,-4.0070196151733395,-0.15073298923671247,-0.6280308246612548,-3.2294034719467164,-0.12841884102672338,-0.5179238509386778,3.4442466735839843,-1.6301456481218337,0.6885489135980606,0.3446932569146156,-0.4558971136808395,-0.6238087762147189,-0.7381617933511734
2019-08-02 15:00:00,4.326674914360046,10.901946830749512,-1.5652067065238948,-0.9485539823770524,-2.3760072708129885,-2.8953088641166684,0.6482563793659211,-1.0156919211149216,-0.955438631772995,-4.402044701576233,-0.17148076370358467,0.5180090844631196,0.41791738495230685,-0.40043405890464784,-0.38693904280662533,-0.3507670179009438,-0.5378839075565338,-4.537641906738282,-0.24875101409852504,-0.6387370347976684,-4.045461416244507,-0.07674344703555105,-0.4302305933088064,3.0520719766616815,-1.4823731526732442,0.9008357614278794,0.41373242884874345,-0.13320919796824454,-0.8862232744693757,-0.657953730225563
2019-08-02 16:00:00,5.1423656940460205,9.352347660064698,-2.632028150558472,-1.2578564047813416,-1.769570279121399,-1.937538242340088,0.3485081110149622,-1.3837170958518983,-1.1422921180725099,-5.091537570953369,0.24613061659038066,0.48696035593748094,0.4585823278874159,-0.6717048704624176,-0.5052074939012527,-0.3507670179009438,-0.5375682781450452,-5.598887777328492,-0.5428049951791764,-0.8100364968180657,-4.535096740722656,-0.04767598966136573,-0.3425372108817101,3.0520719766616815,-1.519316174089909,0.971598106622696,0.5518107503652573,0.18947877436876298,-0.8256659984588623,-0.6044815197587013
2019-08-03 11:00:00,-13.61852560043335,4.703546357154846,-4.498965525627137,0.6172890789806844,4.143190383911134,2.085098135471344,0.858080118894577,0.43476014882326125,0.7262427300214768,-1.393347328901291,1.6555689215660094,1.0768864184617997,0.9058963343501091,0.3229548141360283,0.027000374067574724,0.01757192778168248,-0.5375015890225769,-1.8255700707435607,-0.05271498300135134,-0.1676636427640915,-2.1413257718086243,-0.15425657033920287,-0.4302305933088064,6.738514184951782,-1.796389490365982,-0.3728855267167092,0.5518107503652573,-1.5853050827980042,-0.44213719442486765,-0.7849498406052589
2019-08-03 12:00:00,-1.3831615447998047,6.941857957839966,-3.6988496303558356,0.24999256134033204,1.5658334970474244,0.808070620894432,0.8880549877882004,0.36981453448534013,0.7262427300214768,-1.9574782013893128,0.872547698020935,1.7599583566188812,0.7432367164641619,0.14210759294219316,-0.2686706181615591,-0.207524074614048,-0.537767531722784,-2.061402702331543,-0.29776002168655397,-0.29613822773098947,-2.0325177907943726,-0.10581084927543997,-0.3863839115947485,3.679551100730896,-1.6670887082815171,1.1131226360797881,0.13757576635107394,-1.262617099285126,-0.6036230510217137,-0.7181097149848938
2019-08-03 13:00:00,5.958056545257568,8.491458797454834,-2.365323066711426,-0.13663538191467522,-0.7083055377006532,-0.27740266704931865,1.5475011944770813,-0.041507703904062505,-0.2080247350037098,-2.960377192497254,0.6637419193983078,1.2010812938213349,0.783901482820511,0.14210759294219316,-0.5643415480852128,-0.30984047465026376,-0.5379504129290581,-2.7099416494369506,-0.44478702545166016,-0.3924941904842853,-2.250133287906647,-0.07028403505682942,-0.25484390668570994,4.542336106300354,-1.593202230334282,0.6885489135980606,0.3446932569146156,-1.4239611625671384,-0.6641801714897155,-0.6713216334581376
2019-08-03 14:00:00,7.589438533782959,9.007991313934326,-1.298501616716385,-0.4652690917253494,-2.07278892993927,-1.2351732909679414,1.0079542964696881,-0.4744784846901893,0.16568229049444197,-3.775232934951782,0.7159432739019395,0.30066799223423,1.6785293638706207,-0.3100104376673698,-0.7417441487312317,-0.41215684190392493,-0.5379835307598115,-3.889103579521179,-0.8368591338396072,-0.5637935340404511,-2.8485758543014525,-0.05413545276969669,0.09592942586168646,3.13050708770752,-1.55625921189785,0.9008357614278794,0.6208499163389206,-1.4239611625671384,-0.7651088923215866,-0.6445855230093003
2019-08-03 15:00:00,16.562039375305172,9.180169248580933,-2.098618054389953,-0.755240136384964,-2.3760072708129885,-1.8098355531692505,0.1386843618005514,-0.8425036609172821,-1.32914559841156,-4.339363312721252,1.8643746972084045,-0.16506309006363154,0.9465612344443798,-0.12916322350502013,-1.2148178458213805,-0.47354662120342245,-0.5378339633345603,-4.596600151062011,-1.4739760518074032,-0.7029743745923044,-3.936653995513916,-0.03798690303228795,-0.21099723428487777,2.346157574653625,-1.519316174089909,1.183884859085083,0.6898890912532807,-0.29455315917730335,-0.8458517909049987,-0.6312174797058105
2019-08-04 13:00:00,-4.645925140380859,6.941857957839966,-2.632028150558472,0.03734721168875694,1.2626149237155917,0.2972596511244774,1.0379291772842407,0.023437909502536058,-0.5817316919565201,-2.7096522569656374,1.4467633485794067,0.36276538185775276,1.8411891102790832,-0.2195868417620659,-0.91914684176445,-0.4530834063887596,-0.5378008238971234,-2.945773768424988,-0.9348770320415497,-0.38178793080151086,-2.5765565514564512,-0.04444630313664675,0.13977608866989613,4.307030725479126,-1.519316174089909,0.1932128123939037,-0.06954173352569343,0.028134800773113932,-0.7045517176389696,-0.6646376222372055
2019-08-07 12:00:00,-5.461615467071534,5.908790445327758,-5.032375764846802,0.38531225025653837,2.172270321846008,1.2550301373004915,-0.5507365837693214,0.3265174336731434,-0.3948781669139862,-2.020159113407135,-0.5890920907258987,-0.5997455298900605,-0.5987052246928216,-0.12916322350502013,-1.6878911614418026,-0.7395691856741905,-0.5380497649312019,-2.120360720157623,-1.3269491374492646,-0.29613822773098947,-2.304537153244018,0.007229131460189842,-0.12330391108989716,4.856074976921081,-1.6855599671602248,0.12245049569755792,-0.0005025540478527379,-1.7466489911079406,-0.5026943758130074,-0.7114257991313935
2019-08-07 13:00:00,-3.01454336643219,7.630568408966066,-3.96555495262146,-0.0013156100176274649,0.04974079579114914,-0.021997199207544317,-0.730585578083992,0.11003206074237826,-0.955438631772995,-2.584289836883545,-1.0589047610759734,-0.8791839957237244,-1.1680137366056442,-0.40043405890464784,-1.8061596512794496,-0.8009590815752745,-0.5380831256508827,-2.7688996315002443,-1.424966961145401,-0.4032003846019506,-2.304537153244018,0.013688626885414123,0.09592942586168646,3.6011165380477905,-1.6301456481218337,0.547024218738079,0.27565405759960415,-2.2306809425354,-0.5632515996694565,-0.6780057087540626
2019-08-07 14:00:00,2.695293045043946,9.868880653381348,-2.098618054389953,-0.3879435330629349,-0.40508699379861357,-0.9159163475036621,-1.0003589361906051,-0.3229387259110809,-0.2080247350037098,-3.3991452932357786,-1.7897248029708863,-1.1586226955056191,-1.4120032787323,-0.6717048704624176,-1.924428105354309,-0.8418856542557478,-0.5379337176680565,-3.7122292280197136,-1.4739760518074032,-0.4995561882853508,-2.9029799342155456,0.023377633839845657,0.05208276007324455,2.7383319854736325,-1.55625921189785,0.8300735592842102,0.41373242884874345,-1.262617099285126,-0.6439945042133333,-0.657953730225563
2019-08-08 10:00:00,-27.48526973724365,2.981767165660858,-5.299081850051881,0.578626234875992,6.8721576690673825,2.723611629009247,0.7981305629014968,0.4131116300821304,0.5393892511725425,-0.7038541555404663,0.037324913404881935,1.4805199444293977,0.3772525075823069,0.05168399119866081,-1.1556836307048797,-0.47354662120342245,-0.5372858010232449,-2.886815857887268,-0.9838861882686615,-0.049895280227065075,-3.0117874860763547,-0.06382458768784997,0.008236099220812292,7.13068962097168,-1.9811052441596986,-0.5144101113080979,-0.7599334061145783,-1.907992911338806,-0.5228800877928734,-0.8451060362160205
2019-08-08 11:00:00,-14.43421688079834,6.080968379974365,-3.4321449279785154,0.4433065339922905,4.143190383911134,1.9573952078819274,1.2777276813983918,0.3265174336731434,0.16568229049444197,-1.581390982866287,0.1939291919581592,2.0083483874797823,0.6619067538529635,0.05168399119866081,-1.3922203063964844,-0.6167895928025245,-0.5375015890225769,-2.650983428955078,-0.9838861882686615,-0.17836986146867273,-3.0117874860763547,-0.028297740593552577,-0.035610564495436856,6.503209924697876,-1.8702759921550751,-0.23136095143854618,-0.41473757922649385,-0.29455315917730335,-0.5430657550692558,-0.7849498406052589
2019-08-08 12:00:00,1.8796021461486816,8.66363525390625,-2.898733711242676,0.21132979542016983,1.7174426198005677,0.808070620894432,1.7872997403144837,0.1749776765704155,-0.5817316919565201,-2.3335652828216555,0.5593391165137291,-0.07191687524318696,1.3125453278422354,-0.12916322350502013,-1.3922203063964844,-0.6986426196992397,-0.5376678880304098,-2.7688996315002443,-1.0819039821624756,-0.32825682016555224,-2.7941720962524412,-0.005689795315265656,-0.07945723682641981,5.012945318222046,-1.6855599671602248,0.12245049569755792,-0.13858091719448562,0.028134800773113932,-0.6843659624457359,-0.7448458865284919
2019-08-09 11:00:00,-9.540070533752441,5.39225664138794,-3.96555495262146,0.3466496244072914,4.294800043106081,1.9573952078819274,0.4084577947854996,0.21827472988516092,-0.3948781669139862,-1.2679849326610566,1.0813532531261443,0.0522780731320381,0.9465612344443798,-0.2195868417620659,-0.6826100051403046,-0.33030373938381674,-0.537767531722784,-2.061402702331543,-0.44478702545166016,-0.1676636427640915,-2.3589408874511717,-0.06382458768784997,-0.07945723682641981,5.875729990005493,-1.704031875729561,-0.16059864982962607,-0.5528159230947495,0.3508227735757828,-0.5026943758130074,-0.8451060362160205
2019-08-09 12:00:00,-1.3831615447998047,6.941857957839966,-3.4321449279785154,0.21132979542016983,0.8077870368957519,0.8719219863414764,-0.10111421532928941,0.06673498935997488,0.35253573507070546,-2.2082029938697816,0.9247490704059601,-0.07191687524318696,0.13326306885574013,-0.40043405890464784,-0.7417441487312317,-0.4530834063887596,-0.5380333185195925,-2.3561930775642397,-0.19974197952833492,-0.27472576647996905,-2.250133287906647,-0.05090570591128196,0.008236099220812292,5.326685523986817,-1.740974992513657,-0.019074062258005113,-0.2766592621803284,0.028134800773113932,-0.6439945042133333,-0.6846895813941956
2019-08-09 13:00:00,2.695293045043946,8.66363525390625,-2.365323066711426,-0.11730395918712022,-0.7083055377006532,-0.5966595008969307,-0.22101356280036272,-0.08480477295815944,-1.1422921180725099,-3.2111021280288696,-0.1192793371155858,-0.4445016965270042,-0.558040302991867,-0.03873962895013389,-0.44607319831848147,-0.47354662120342245,-0.5379337176680565,-3.063690519332886,-0.29776002168655397,-0.43531896099448203,-2.522152769565582,-0.03152746763080357,0.13977608866989613,4.2285960674285885,-1.4454298973083497,0.26397510152310133,-0.06954173352569343,-0.13320919796824454,-0.6843659624457359,-0.6980577528476715
2019-08-09 14:00:00,18.193420028686525,10.385415267944335,-1.8319121360778812,-0.5619261384010314,-1.46635183095932,-1.2351732909679414,-0.580711442232132,-0.452829946577549,-0.5817316919565201,-3.775232934951782,-1.0067034482955932,-0.5686966419219971,-0.720699881017208,-0.762128484249115,-0.5643415480852128,-0.3712302133440971,-0.5376179944723843,-3.889103579521179,-0.34676898568868636,-0.6066184297204017,-3.174999308586121,-0.028297740593552577,0.05208276007324455,3.8364213943481444,-1.3900150865316392,0.4762620240449905,0.41373242884874345,-0.13320919796824454,-0.7651088923215866,-0.5911135688424111
2019-08-10 13:00:00,-8.724380397796631,7.114035511016847,-2.632028150558472,-0.0013156100176274649,1.7174426198005677,0.1057055345736444,0.6182815939188003,-0.041507703904062505,-0.5817316919565201,-2.960377192497254,2.020978832244873,-0.3203067615628242,2.12584333717823,-0.40043405890464784,-1.2148178458213805,-0.6167895928025245,-0.5379337176680565,-3.0047318935394283,-0.9348770320415497,-0.4246127039194107,-2.19572936296463,-0.008919451385736455,0.27131606978364287,3.9932910919189455,-1.55625921189785,0.1932128123939037,0.0685366038233042,-1.7466489911079406,-0.6439945042133333,-0.657953730225563
2019-08-17 15:00:00,-11.98714370727539,9.696703577041626,-0.4983858481049538,-0.32994931638240815,0.6561778992414475,-0.4689567439258099,-0.6706359446048736,-0.5394241154193878,0.16568229049444197,-4.025957489013672,-1.6853219270706177,-0.5997455298900605,-1.1680137366056442,-0.2195868417620659,-0.91914684176445,-0.3916935704648495,-0.5373854021076113,-3.7122292280197136,-0.7388410031795501,-0.5959121748805046,-3.2838072776794425,-0.05090570591128196,0.31516273403540257,1.4833728194236755,-1.3161287702620028,1.1131226360797881,0.5518107503652573,0.18947877436876298,-0.8862232744693757,-0.5576933696866035
2019-08-25 15:00:00,-19.32835998535156,1.4321668088436126,0.5684356644749642,-0.2912865329533815,2.9303164005279543,0.36111102700233466,-0.10111421532928941,-0.7342609196901322,0.16568229049444197,-1.0172601491212843,0.037324913404881935,-0.13401436358690264,0.41791738495230685,0.14210759294219316,0.2044029451906681,-0.2279873691499233,-0.5372858010232449,-1.6486960768699646,0.9764741599559784,-0.15695742815732955,-0.726824215054512,-0.07997314529493449,0.6659360672812908,-1.026545286178589,-0.5772659800946711,1.2546472549438477,0.7589283585548401,0.5121667325496674,-0.8862232744693757,-0.3571730767376721
2019-08-25 16:00:00,-16.881289672851562,2.4652341365814205,0.8351408779621124,-0.27195512135513134,2.6270982742309577,0.2972596511244774,-0.28096314761787655,-0.6476668089628219,-0.955438631772995,-1.8321157574653626,0.24613061659038066,-0.1961118647828698,-0.558040302991867,-0.12916322350502013,0.9731475472450256,-0.14613426625728607,-0.5370864443480968,-2.41515109539032,0.9764741599559784,-0.23190093897283076,-1.8693058967590332,-0.06705428957939144,0.6220893644727766,-1.5755899012088777,-0.13394847139716148,1.3254094898700717,0.5518107503652573,0.5121667325496674,-0.9871518552303314,-0.27696494124829785
2019-09-02 11:00:00,-16.881289672851562,-2.8722788214683534,-5.565786933898925,0.09534139782190323,3.5367536544799805,1.1273275732994081,0.168659152276814,0.15332913249731067,0.5393892511725425,0.48708852380514145,-0.9545020759105682,0.14542424348182978,-0.3547157242894173,0.3229548141360283,0.26353714438155296,-0.08474443592131138,-0.5367209353018552,-0.4105758954305202,0.2903480365872383,0.21776004303246732,-0.8900358200073242,-0.09289201772771775,-0.1902589578181505,1.326503151655197,-1.1129417318850756,0.40549972653388977,-0.2766592621803284,0.5121667325496674,-0.5026943758130074,-0.5443254679441452
2019-09-02 12:00:00,-7.092997789382935,-1.3226784974336625,-5.565786933898925,-0.0399784080684185,2.172270321846008,0.5526650801301003,-0.01118973792763429,-0.21469601411372433,1.0999496817588805,0.48708852380514145,-0.7456963717937469,-0.040868160873651506,-0.19205610379576682,0.05168399119866081,0.1452687419718131,-0.1256709611043334,-0.5367209353018552,-0.4695340596139431,0.14332103137858215,0.02504819445312022,-0.726824215054512,-0.08966230675578116,-0.1944065559655428,1.0911981225013734,-1.057526832818985,0.26397510152310133,0.0685366038233042,0.18947877436876298,-0.5228800877928734,-0.47080125845968723
2019-09-02 13:00:00,1.8796021461486816,0.743455533310771,-4.498965525627137,-0.21396094746887684,0.35295925736427314,-0.021997199207544317,-0.19103870578110219,-0.3662358261644841,-1.1422921180725099,-0.2024046652019024,-0.5368906617164612,-0.16506309006363154,-0.4360456056892872,0.3229548141360283,-0.03213386796414852,-0.16659753099083896,-0.536787461861968,-1.2949474513530732,-0.10172397035639733,0.02504819445312022,-0.781227993965149,-0.08320285324007272,-0.1985543381422758,0.6205886237323284,-1.057526832818985,0.6177866101264954,0.20661486685276031,0.028134800773113932,-0.5228800877928734,-0.45074933152645824
2019-09-11 13:00:00,-17.69697971343994,0.054744239151477816,-6.632607936859131,-0.0013156100176274649,3.5367536544799805,0.808070620894432,0.4983822852373123,-0.12810186029455503,-0.2080247350037098,-0.5158105979673566,-0.797897732257843,0.36276538185775276,0.011268356069922419,0.3229548141360283,-0.38693904280662533,-0.2689139072841499,-0.537767531722784,-1.7076539158821107,-0.29776002168655397,-0.11413258984684944,-1.1620552241802216,-0.08320285324007272,0.27131606978364287,4.2285960674285885,-0.6880955174565315,0.6177866101264954,1.449319964647293,0.028134800773113932,-0.46232295632362364,-0.35048900870606303
2019-09-11 14:00:00,-5.461615467071534,1.9487004876136784,-6.09919810295105,-0.13663538191467522,2.323879373073578,0.5526650801301003,0.1986340369679965,-0.3229387259110809,-0.021171218343079133,-1.0172601491212843,-0.27588356882333753,0.005704970844089985,0.2552577886730432,-0.3100104376673698,-0.5643415480852128,-0.3507670179009438,-0.537717667222023,-2.3561930775642397,-0.29776002168655397,-0.14625123031437398,-1.9237099051475521,-0.06059487387537954,-0.16715057268738748,-1.9677646160125732,-0.7435102164745331,2.033032512664795,0.9660456955432892,0.028134800773113932,-0.44213719442486765,-0.3170689694583416
2019-09-27 11:00:00,-25.038197135925294,-9.931570196151734,-5.83249306678772,0.40464367270469664,5.356064462661743,2.0212467432022097,0.2885585125535727,0.36981453448534013,0.35253573507070546,4.0599168062210085,-0.8500992774963378,0.48696035593748094,-0.1513912381604314,0.23253117427229886,-0.6826100051403046,-0.3507670179009438,-0.5358571134507656,2.8321192622184754,-0.5428049951791764,0.7744831949472428,2.047774428129196,-0.06705428957939144,0.35900939768180246,-0.8696753472089768,0.0322956919670105,-0.16059864982962607,-0.13858091719448562,0.3508227735757828,-0.4219514710828663,-0.12991658942773937
2019-09-27 12:00:00,-11.98714370727539,-7.693258380889892,-4.765671133995056,0.23066119551658631,3.6883630752563477,1.3188816666603087,0.31853332230821246,0.13168057650327683,-0.021171218343079133,3.370423412322998,-0.48468931317329406,0.1143755289260298,-0.029396539367735387,-0.03873962895013389,-0.8600125968456268,-0.4530834063887596,-0.5359899751842022,2.7731609344482417,-0.6408230036497116,0.6353023961186409,2.265390133857727,-0.04767598966136573,0.13977608866989613,-2.124634575843811,0.12465351186692712,0.40549972653388977,0.41373242884874345,-1.1012730836868285,-0.5026943758130074,-0.0563924710266292
2019-09-27 13:00:00,1.8796021461486816,-5.282768106460571,-3.96555495262146,0.01801578402519225,1.2626149237155917,0.616516511142254,-0.04116458357311786,-0.06315626595169306,0.16568229049444197,2.367524337768555,-0.32808501571416854,-0.35135549604892735,0.011268356069922419,-0.2195868417620659,-0.9782809913158419,-0.5144731700420379,-0.5360066663473845,1.8887898147106168,-0.6408230036497116,0.5175340220332145,2.2109862685203554,-0.03152746763080357,0.18362276507541536,-3.6933335304260253,0.18006819775328042,0.971598106622696,0.6898890912532807,-1.1012730836868285,-0.5834373936057091,-0.022972404025495052
2019-09-27 14:00:00,9.220820331573487,-3.7331682682037353,-2.898733711242676,-0.19462954831542453,-1.314742648601532,-0.40510541051626203,-0.4907869562506676,-0.3012901883572339,0.35253573507070546,1.55266883969307,-0.27588356882333753,-0.5376479238271713,-0.47671047523617743,-0.12916322350502013,-0.9782809913158419,-0.5553997799754142,-0.5360897602513433,1.2992087721824646,-0.7388410031795501,0.34623452723026277,1.394927823543549,-0.021838311105966568,0.13977608866989613,-4.556118011474609,0.29089759103953844,1.2546472549438477,0.9660456955432892,-0.29455315917730335,-0.6439945042133333,-0.0029203750193119047
2019-10-01 13:00:00,-9.540070533752441,-4.24970133304596,-2.098618054389953,0.11467276066541672,2.172270321846008,0.7442192703485488,-0.4008624851703644,0.11003206074237826,0.9130961686372757,1.4899876356124877,-0.797897732257843,-0.5065991878509521,-0.5987052246928216,0.3229548141360283,-1.1556836307048797,-0.4940099582076073,-0.536787461861968,1.7119153141975403,-0.8858680337667465,0.24987865909934043,1.394927823543549,-0.03152746763080357,0.2274694345658645,-2.203069460391998,-0.18936319462954995,0.547024218738079,0.27565405759960415,-1.907992911338806,-0.6843659624457359,-0.1833887499757111
2019-10-01 14:00:00,-5.461615467071534,-2.3557453036308287,0.5684356644749642,-0.1559667690191418,0.8077870368957519,-0.021997199207544317,-0.6406610980629921,-0.19304745811969046,-0.2080247350037098,0.9885381072759628,-1.0589047610759734,-0.6928915709257126,-0.9646893590688708,0.23253117427229886,-1.2739518105983738,-0.6167895928025245,-0.5368040360510349,0.7685859337449074,-1.032895117998123,0.1963475933647715,1.2317161172628404,-0.025068027153611172,0.35900939768180246,-3.144288635253907,-0.13394847139716148,0.8300735592842102,0.5518107503652573,-0.7785851299762726,-0.7852945417165758,-0.13660063967108727
2019-10-02 11:00:00,-20.95974273681641,-8.726325511932373,-4.498965525627137,0.4239750783890486,5.2044555187225345,2.148949313163757,0.6782312005758285,0.304868869483471,1.8473637461662293,3.683829355239868,-0.223682177066803,0.8595451682806015,0.2552577886730432,-0.3100104376673698,-0.91914684176445,-0.33030373938381674,-0.5363388702273368,1.5939992249011992,-0.8858680337667465,0.6995396092534065,1.503735572099686,-0.07674344703555105,-0.12330391108989716,1.5618079841136931,-0.44796513207256805,-1.2220329999923707,-1.4503252148628236,0.5121667325496674,-0.5430657550692558,-0.32375303376466036
2019-10-02 12:00:00,-9.540070533752441,-5.7993026018142695,-3.6988496303558356,0.26932397112250334,2.9303164005279543,1.2550301373004915,0.6782312005758285,0.15332913249731067,0.16568229049444197,2.242162120342255,0.037324913404881935,0.6732527375221253,0.4992471899837255,0.6846492409706115,-1.2739518105983738,-0.5349364697933197,-0.5365216329693794,1.4760830044746398,-0.8858680337667465,0.5710650399327278,1.1229083746671678,-0.05090570591128196,-0.3425372108817101,0.777458381652832,-0.26324943029321735,-0.9389838695526123,-0.41473757922649385,0.3508227735757828,-0.6036230510217137,-0.23017678502947092
2019-10-02 13:00:00,0.24822027776390315,-3.388812708854675,-1.5652067065238948,-0.0013156100176274649,0.8077870368957519,0.2972596511244774,0.4983822852373123,-0.019859177432954282,0.7262427300214768,1.9287560820579528,0.3505334220826626,0.20752173759974535,0.4992471899837255,-0.12916322350502013,-1.2739518105983738,-0.6577160760760308,-0.5367043452337386,1.2402506858110427,-1.032895117998123,0.3248221755027772,1.014100384712219,-0.018608579039573647,-0.2986905451864004,-0.9481103479862213,-0.18936319462954995,0.12245049569755792,0.27565405759960415,0.18947877436876298,-0.6641801714897155,-0.16333666499704122
2019-10-02 14:00:00,7.589438533782959,-2.3557453036308287,-1.298501616716385,-0.2912865329533815,-1.011523997783661,-0.5966595008969307,0.04875988401472568,-0.3229387259110809,0.35253573507070546,0.8631757348775864,0.3505334220826626,-0.4445016965270042,0.2552577886730432,0.14210759294219316,-1.451354604959488,-0.6577160760760308,-0.5367375754751265,0.886502067744732,-1.032895117998123,0.2712910875678062,0.7964850068092346,0.0007696881890297047,-0.2986905451864004,-2.281504452228546,-0.060062190145254137,0.8300735592842102,0.7589283585548401,-0.13320919796824454,-0.8256659984588623,-0.13660063967108727
2019-10-02 15:00:00,8.812975120544433,-0.633966988325119,0.3017302945256234,-0.5619261384010314,-2.3760072708129885,-1.3628759801387784,-0.580711442232132,-0.6476668089628219,0.5393892511725425,-0.014361003041267372,0.037324913404881935,-0.6928915709257126,-0.3547157242894173,-0.03873962895013389,-1.451354604959488,-0.7191058710217477,-0.5367375754751265,0.17900510281324386,-1.1309131920337676,0.08928547324612734,0.47006153371185067,0.0007696881890297047,-0.28407505191862586,-3.379593563079834,0.08771033734083174,1.3254094898700717,1.2422024250030517,0.028134800773113932,-0.8458517909049987,-0.08981256075203418
