,SHAP_OX_01,SHAP_TEMP_01,SHAP_HUM_01,SHAP_TEMP_02,SHAP_OX_04,SHAP_OX_07,SHAP_OX_02,SHAP_TEMP_03,SHAP_WS_02,SHAP_TEMP_23,SHAP_NMHC_08,SHAP_OX_24,SHAP_OX_21,SHAP_HUM_02,SHAP_TEMP_13,SHAP_OX_03,SHAP_HUM_06,SHAP_SPM_20,SHAP_SPM_02,SHAP_PM25_07
2019-04-06 17:00:00,-12.058652973175048,-14.542522048950195,0.6469751328229905,7.426441764831543,-1.0102026104927062,0.3613647386431694,2.4666138887405396,0.07686005532741547,-0.5796374559402466,0.6510013468563557,-2.0732269167900084,-0.13978281654417513,-0.49290611818432817,-1.4414736926555634,1.1269333139061928,-0.19064554506912826,-0.6163341341540217,0.5211884349584579,0.8645793318748474,-0.04205491319298742
2019-04-18 15:00:00,-9.105157852172852,-10.156602478027345,2.822474646568298,5.089086556434632,-0.4880959168076515,0.253268975764513,0.9659476518630982,0.039323064312338854,-0.5164431065320968,0.7262022517621518,0.8665859699249268,-0.08967593424022198,-1.1443199217319489,-1.206122702360153,0.9312358051538467,-0.23185027204453945,-0.8375435292720794,-1.5022510647773744,0.9941361665725708,0.10089741777628658
2019-04-18 16:00:00,-7.1361603260040285,-9.226257228851319,1.423939287662506,5.315282273292542,-1.0102026104927062,0.3410967886447907,0.40319778919219973,-0.024490027397405377,-0.6112345397472382,0.8465242244303226,-0.6507368326187134,-0.189889667450916,-3.005501699447632,-1.3742304146289825,1.0225612968206406,-0.10823624394834039,-0.7307527482509613,-0.8584294080734253,1.7714768767356872,0.2795878371223808
2019-04-18 17:00:00,-6.151662015914917,-12.681828784942626,0.02540383654413742,4.787492632865906,-1.2712559461593629,0.36812071651220324,0.028031172021292128,-0.013228782638907432,-0.4532488211989403,0.9969265788793562,-1.4093982458114627,-0.290103330090642,-4.215270018577575,-1.07163645029068,1.009514731168747,0.015377777814865129,-0.7002411484718323,-1.1343528926372528,1.1236928522586822,0.029421248810831434
2019-04-18 18:00:00,-6.151662015914917,-15.339960193634033,-1.2177387714385988,6.747855138778687,-1.5323091626167298,0.4019006684422493,-0.15955210328102112,-0.039504756499081875,-0.36898977980017655,1.117248155735433,-1.5990634799003598,-0.5155841720290482,-4.773625063896179,-0.7690423339605331,1.009514731168747,0.0977871057926677,-0.6697295278310775,-1.6861999630928033,0.3463522598147392,0.13663551532663404
2019-04-19 12:00:00,-15.012146759033204,-10.02369604110718,0.02540383654413742,6.672456455230713,1.861384212970734,0.08436936549842357,3.2169470310211175,0.09938233382999898,-0.6112345397472382,-0.13109061084687706,-0.4610714167356491,0.11075146384537216,1.9266304969787598,-0.4664483442902565,0.513748025149107,-0.9735344827175141,-1.0663808912038801,-0.30658228918910024,0.21679552644491196,0.38680208511650566
2019-04-19 13:00:00,-8.120658731460571,-8.96044397354126,0.4915823578834534,5.2398841142654415,0.5561173662543297,0.11814926601946354,1.5286975502967834,0.05433788523077965,-0.6112345397472382,-0.08596989042125643,-0.2714060649275779,0.18591173067688943,2.019689691066742,-0.7690423339605331,0.5920269757509231,-0.602692312002182,-0.9901016533374787,-1.0423783481121063,0.6702441990375518,0.494016345590353
2019-04-21 14:00:00,-9.105157852172852,-11.884388637542726,-1.2177387714385988,6.8986516952514645,0.12102854270488024,0.2059770677704364,1.716280746459961,0.09187481999397278,-0.6007021754980088,0.6058805141597988,-1.3145654678344727,-0.16483621560037137,-0.3067880138754845,-0.43282681331038475,0.8529569260776043,-0.5614877074956894,-0.9290784895420074,-1.8701489090919494,1.2532497406005858,0.4582782905548811
2019-04-22 12:00:00,-9.105157852172852,-7.631377458572388,-1.0623459756374358,6.220065450668335,1.9484020709991454,-0.003458473738282905,2.654197406768799,0.07310646027326584,-0.5901697605848313,0.10955304298549892,-1.1249000549316404,0.08569802474230526,1.2752167880535126,-0.2983404699712992,0.5528874561190605,-1.3031718969345092,-1.0663808912038801,-1.318302035331726,-0.3662098720669746,0.42254023179411887
2019-04-22 13:00:00,-3.1981671333312987,-6.9668440341949465,-0.7515601396560669,3.882710027694702,1.2522595524787903,0.07761334329843521,0.40319778919219973,0.03181564193218946,-0.5901697605848313,0.004271478950977325,-0.7455694139003753,0.2610719881951809,1.3682760655879975,-0.5336914673447609,0.5528874561190605,-0.4790782883763313,-1.0206134229898454,-0.03065872695297004,0.022460405481979206,0.565492495149374
2019-04-22 14:00:00,-0.2446718730032444,-6.9668440341949465,-0.2853816919028759,3.5057175874710085,-0.4880959168076515,0.1451732089743018,-0.7223019033670426,-0.08454926237463951,-0.5375078916549683,0.16971396156586707,-0.8404020845890046,0.4113925501704216,0.9960395395755768,-0.6009345456957818,0.5920269757509231,0.015377777814865129,-0.9519621878862381,0.7971120357513428,-0.1718747403472662,0.10089741777628658
2019-04-22 15:00:00,6.646816968917847,-5.37196455001831,-0.12998895989730955,3.5057175874710085,-1.5323091626167298,0.21273306259827224,-1.2850518047809603,-0.10331776961684225,-0.642831626534462,0.1997943906113505,0.48725533187389375,0.13580488935112953,0.4376848742365837,-0.7017992615699769,0.657259488105774,0.26260583065450194,-0.8909388422966004,0.15329030980356043,0.5406874179840088,0.029421248810831434
2019-04-22 16:00:00,5.6623182773590095,-6.302311086654663,-0.4407747119665146,2.6009351253509516,-2.0544159173965455,0.26678096167743204,-2.5981348276138307,-0.10331776961684225,-0.5901697605848313,0.2148346297442914,-1.1249000549316404,0.16085832174867393,-0.7720835596323014,-0.7354208439588547,0.6833524629473686,0.3862197993323207,-0.8375435292720794,-0.03065872695297004,0.022460405481979206,0.10089741777628658
2019-05-10 11:00:00,-16.981142425537108,-5.903590869903565,1.890117871761322,4.410499858856201,2.8185795068740833,0.0641013488173485,3.77969708442688,0.013047050591558196,-0.642831626534462,0.09451282366644587,0.29759000837802885,-0.4404239776544273,-0.21372887007892133,-0.9707716882228852,0.565933933109045,-1.344376564025879,-0.9443342804908752,-1.5942254543304442,-0.10709635401144621,0.565492495149374
2019-05-10 12:00:00,-6.151662015914917,-6.568124198913575,2.5116889715194706,2.9025290250778193,1.33927743434906,0.023565464280545727,1.903864073753357,-0.058273300714790824,-0.6007021754980088,-0.05588946770876645,0.48725533187389375,-0.36526362467557194,-0.21372887007892133,-1.1725010871887207,0.6181199587881565,-0.7263063758611679,-0.8451714515686035,-2.3300215363502503,0.3463522598147392,0.7084449715912343
2019-05-10 13:00:00,2.708823537826538,-5.37196455001831,2.822474646568298,3.2795217514038084,0.0340107863768935,0.09788135141134262,-0.15955210328102112,-0.13334744656458497,-0.5796374559402466,0.12459330055862669,1.8149129390716552,-0.3402102677151561,-0.3067880138754845,-1.306987315416336,0.657259488105774,-0.31425961852073675,-0.7765202760696411,-0.8584294080734253,0.4759090572595596,0.565492495149374
2019-05-10 14:00:00,6.646816968917847,-4.574524307250977,3.133260107040406,2.6009351253509516,-0.8361670076847076,0.1451732089743018,-1.8478017330169678,-0.11457891706377266,-0.5269755244255065,0.10955304298549892,0.8665859699249268,-0.26504995450377467,-0.39984709918498995,-1.3742304146289825,0.7224919065833091,0.13899175636470318,-0.6773574262857438,-1.4102765321731567,0.7998009443283081,-0.07779299898538736
2019-05-10 15:00:00,5.6623182773590095,-2.846738505363464,3.2886528253555296,2.148543953895569,-1.7933626770973206,0.26002494730055337,-2.5981348276138307,-0.14836224177852272,-0.5796374559402466,0.15467371174599973,0.10792465135455132,-0.26504995450377467,-0.5859651923179626,-1.4414736926555634,0.8138174697756767,0.5098338618874549,-0.6849853917956352,-0.8584294080734253,0.022460405481979206,-0.39943571165204056
2019-05-10 16:00:00,6.646816968917847,-4.707431292533874,2.822474646568298,1.1683628916740418,-2.5765225648880006,0.3613647386431694,-2.4105515599250795,-0.17088445545668945,-0.642831626534462,0.2148346297442914,0.3924227118492127,-0.290103330090642,-1.0512606978416443,-1.4750951528549197,0.8660033367574215,0.6746525689959527,-0.6392178870737554,-2.054098331928253,0.21679552644491196,-0.2564834110438824
2019-05-10 17:00:00,7.631314992904663,-6.036497402191161,2.200903224945068,2.223942446708679,-2.924593830108642,0.42892462611198423,-2.5981348276138307,-0.21968266181647778,-0.36898977980017655,0.3802771270275117,-1.3145654678344727,-0.3151567911729216,-2.5402063608169554,-1.3742304146289825,0.9573288187384605,0.6334478452801705,-0.6087063033133746,-0.9504040479660034,0.022460405481979206,-0.3279595457017422
2019-05-10 18:00:00,11.56930809020996,-8.82753610610962,1.423939287662506,2.977927649021149,-2.8375760316848755,0.5032404094934464,-2.785718297958374,-0.1671307404525578,-0.46378121674060824,0.5005989447236061,-1.0300675868988036,-0.36526362467557194,-4.401388692855836,-1.239744347333908,0.565933933109045,0.6746525689959527,-0.5934504188597203,0.7971120357513428,1.1236928522586822,-0.2207453303039074
2019-05-10 19:00:00,12.553807258605957,-11.086949348449707,0.4915823578834534,4.561296844482421,-2.924593830108642,0.5640442565083504,-3.5360512256622316,-0.12959368037991226,-0.42165169641375544,0.6209206946194172,-1.5042309761047363,-0.49053080882877104,-4.308329343795776,-1.07163645029068,0.17453917302191257,0.7158571869134903,-0.5781946279108524,-1.318302035331726,0.9293577134609222,-0.2207453303039074
2019-05-10 20:00:00,3.6933216571807863,-12.416014671325682,-0.2853816919028759,5.843072605133058,-3.0116111993789674,0.591068197786808,-3.723634696006775,-0.05076589640229941,-0.46378121674060824,0.9518058072775603,-1.5042309761047363,-0.8913855575025081,-4.029152274131775,-0.8699071347713471,-0.021158263273537137,0.880675983428955,-0.5705667335540057,-0.766454941034317,-0.10709635401144621,-0.1850072514265776
2019-05-10 21:00:00,-4.182665157318115,-13.346360397338866,-0.7515601396560669,6.597057580947876,-3.3596826076507567,0.5843121558427811,-2.0353850126266484,0.013047050591558196,-0.54804025888443,1.0570873918943107,-1.6938962578773498,-1.392454035580158,-3.7499748706817626,-0.7017992615699769,-0.3342741313390434,0.9218804717063904,-0.5934504188597203,-1.5022510647773744,0.6702441990375518,-0.07779299898538736
2019-05-11 10:00:00,-15.012146759033204,-10.688229370117188,0.02540383654413742,6.295463037490846,2.4705087423324583,0.1654411878436804,4.530029964447022,0.10688977502286434,-0.6322993814945221,-0.4920560270547867,0.48725533187389375,0.060644612740725266,3.229458045959473,-0.4664483442902565,-0.021158263273537137,-1.5091952204704284,-0.9443342804908752,-0.12263325611129401,0.2815739676356316,0.20811164556071163
2019-05-11 11:00:00,-2.2136683344841006,-8.4288170337677,0.6469751328229905,5.616876435279846,1.687348520755768,0.1384172153659165,1.5286975502967834,0.03556940443813801,-0.5269755244255065,-0.6274181976914407,0.9614187598228454,0.33623227700591085,3.1363990306854252,-0.7690423339605331,0.09626016337424513,-0.8911250531673431,-0.9061947107315064,0.15329030980356043,0.5406874179840088,0.31532593630254274
2019-05-11 12:00:00,6.646816968917847,-5.637777423858642,1.423939287662506,4.335101437568666,0.38208186216652396,0.1249052649363875,-0.9098852515220642,0.0017860373482108337,-0.5901697605848313,-0.7176594465970995,0.582088029384613,0.5617131620645524,3.229458045959473,-0.9035286664962768,0.22672513648867598,-0.23185027204453945,-0.8756831288337708,-1.4102765321731567,-0.5605450242757797,0.24384975815191864
2019-05-11 13:00:00,17.476299667358397,-4.441618251800537,1.890117871761322,2.7517319917678833,-1.0102026104927062,0.17219715286046264,-2.5981348276138307,-0.062026900611817835,-0.642831626534462,-0.9131824791431427,0.3924227118492127,0.661926831305027,3.3225172996520995,-1.07163645029068,0.39632954634726053,0.3038104756735265,-0.8146597802639007,-1.1343528926372528,0.9293577134609222,0.1723735892563127
2019-05-11 14:00:00,2.708823537826538,-1.5176722943782806,3.133260107040406,2.073145353794098,-2.1414336442947386,0.23300100024789566,-4.6615509510040285,-0.14085485157556832,-0.5375078916549683,-0.7026192814111709,0.29759000837802885,0.6368733450770379,3.6947535037994386,-1.1725010871887207,0.4615620579570532,0.6746525689959527,-0.7994039714336395,0.3372393786907196,-0.30143150091171267,-0.04205491319298742
2019-05-11 15:00:00,3.6933216571807863,-1.5176722943782806,3.754831552505493,0.41437738239765165,-2.924593830108642,0.33434079289436347,-1.8478017330169678,-0.17463819207623602,-0.4005868759006262,-0.5522169873118401,-0.2714060649275779,0.661926831305027,3.7878127336502074,-1.4414736926555634,0.5528874561190605,1.1279038608074188,-0.7307527482509613,-0.766454941034317,-0.5605450242757797,-0.5781261712312699
2019-05-11 16:00:00,-2.2136683344841006,-4.0428976774215695,2.200903224945068,0.41437738239765165,-3.881789374351502,0.44243658185005186,-2.0353850126266484,-0.25721970573067665,-0.4005868759006262,-0.23637222722172738,-0.6507368326187134,0.6869802579283715,2.9502809762954714,-1.5759596824646,0.6050734832882881,0.5098338618874549,-0.7002411484718323,-0.4905313223600386,0.21679552644491196,-0.613864241540432
2019-05-22 14:00:00,-12.058652973175048,-8.561724138259887,-0.7515601396560669,4.335101437568666,0.8171708911657334,0.1654411878436804,2.0914476633071897,-0.039504756499081875,-0.54804025888443,0.4705184519290924,-1.5990634799003598,-0.9665458686649799,-3.0985610485076904,-0.5000699022784829,0.565933933109045,-0.8087156355381012,-0.8985667645931243,-0.21460775882005695,1.0589145898818968,0.5297544687986374
2019-05-23 12:00:00,-12.058652973175048,-7.498470163345337,1.2685465216636658,4.18430461883545,1.687348520755768,-0.003458473738282905,2.2790307760238653,-0.024490027397405377,-0.6322993814945221,-0.2664526171982289,0.29759000837802885,0.03559118332341312,1.7405122756958007,-0.9707716882228852,0.422422587685287,-0.6851017177104949,-0.8909388422966004,-0.9504040479660034,1.447584629058838,0.7084449715912343
2019-05-23 13:00:00,-5.1671641826629635,-3.7770846128463744,1.734724998474121,3.80731167793274,-0.05300707463175056,0.0641013488173485,0.9659476518630982,-0.06953439973294735,-0.5164431065320968,-0.371734132245183,0.48725533187389375,0.18591173067688943,0.7168622136116027,-1.038014930486679,0.5398410193622112,-0.3966689676046372,-0.8070318400859833,-0.9504040479660034,0.4759090572595596,0.6727068036794663
2019-05-23 14:00:00,-4.182665157318115,-3.7770846128463744,1.423939287662506,1.6961527109146115,-0.6621315091848373,0.1451732089743018,-0.347135378792882,-0.08830303698778151,-0.54804025888443,-0.4469353139400482,-0.5559041231870652,0.31117883175611494,-0.21372887007892133,-1.1388794839382173,0.6442129798233509,-0.10823624394834039,-0.7765202760696411,-0.8584294080734253,1.2532497406005858,-0.04205491319298742
2019-05-23 15:00:00,0.7398266971111298,-1.9163920283317566,1.890117871761322,1.6961527109146115,-1.2712559461593629,0.23300100024789566,-0.5347186774015427,-0.1934066850692034,-0.6322993814945221,-0.3115733049809933,-0.36623873710632326,0.2610719881951809,-1.3304381728172299,-1.07163645029068,0.6703059561550618,0.18019646853208543,-0.6926132798194885,-1.318302035331726,0.9293577134609222,-0.1850072514265776
2019-05-23 16:00:00,5.6623182773590095,-3.2454582214355474,1.734724998474121,0.6405730903148651,-1.8803802132606506,0.36812071651220324,-1.4726351976394656,-0.1934066850692034,-0.5164431065320968,0.03435191586613656,-0.8404020845890046,-0.014515685103833645,-1.8887926459312439,-1.1725010871887207,0.7746778838336468,0.22140112966299058,-0.6849853917956352,-1.5022510647773744,0.9293577134609222,-0.2207453303039074
2019-05-23 17:00:00,13.538306140899659,-4.175804853439331,1.5793320417404175,1.3945584177970887,-1.9673980832099915,0.41541263461112976,-2.4105515599250795,-0.24595859721302987,-0.4743136078119278,0.32011623680591583,-1.7887288928031921,-0.26504995450377467,-1.7957332968711852,-1.1388794839382173,0.8007708780467511,0.42742450125515463,-0.6697295278310775,-0.5825058281421661,-0.49576663672924043,-0.11353107336908579
2019-05-23 18:00:00,9.60031337738037,-7.365564060211182,1.1131535410881042,1.9223480343818664,-2.402487075328827,0.4627044528722763,-3.9112180709838866,-0.20842158645391465,-0.4743136078119278,0.4554782927036284,-1.7887288928031921,-0.5656910361722112,-2.4471471548080443,-1.1052579045295716,0.5789805054664611,0.6334478452801705,-0.6468457773327827,-0.9504040479660034,0.8645793318748474,0.029421248810831434
2019-05-24 16:00:00,-15.996647167205811,0.21011384343728423,2.356296348571777,-0.716600525379181,-1.0102026104927062,0.3816327184438706,1.1535311222076416,-0.29100304692983625,-0.5164431065320968,-0.40181473791599276,-1.1249000549316404,0.8373008012771607,1.1821576833724978,-1.5759596824646,0.4746084775775671,-0.10823624394834039,-0.6392178870737554,-0.9504040479660034,1.7714768767356872,-0.07779299898538736
2019-05-24 17:00:00,20.429794120788575,-1.251858901977539,2.045510494709015,-0.5658037424087524,-1.2712559461593629,0.4491925835609436,1.716280746459961,-0.3135252833366394,-0.5691049665212631,-0.11605037972331048,-0.935234808921814,0.7370871290564537,0.7168622136116027,-1.2733658730983732,0.5007015027105808,-0.14944093823432925,-0.5934504188597203,-1.8701489090919494,0.5406874179840088,-0.3636977076530457
2019-05-24 18:00:00,3.6933216571807863,-3.3783650398254395,2.356296348571777,0.2635804247111082,-1.184238201379776,0.4491925835609436,-5.224300765991211,-0.30601786598563196,-0.5269755244255065,0.06443233862519263,-0.8404020845890046,0.2861254192888737,0.25156666110269726,-1.206122702360153,0.26586462594568727,-0.27305490970611573,-0.5629387822002172,-1.5022510647773744,-0.5605450242757797,-0.2207453303039074
2019-05-24 19:00:00,-4.182665157318115,-5.37196455001831,2.045510494709015,1.46995707154274,-0.9231847822666168,0.44243658185005186,-2.0353850126266484,-0.2647271364927292,-0.54804025888443,0.16971396156586707,-1.5042309761047363,0.11075146384537216,-0.3067880138754845,-1.2733658730983732,0.01798122599720957,1.251518115401268,-0.5553109291940928,-1.6861999630928033,0.4759090572595596,0.10089741777628658
2019-05-25 10:00:00,-23.87263278961182,-1.9163920283317566,1.734724998474121,2.3747394680976868,2.8185795068740833,0.08436936549842357,6.218279504776,-0.039504756499081875,-0.642831626534462,-1.0335043787956237,1.5304149150848385,0.13580488935112953,1.4613350570201877,-0.9035286664962768,-0.425599592505023,-1.7152184724807742,-0.9290784895420074,-2.3300215363502503,0.7350225806236268,0.565492495149374
2019-05-25 11:00:00,-3.1981671333312987,1.4062731862068178,2.6670819520950313,0.6405730903148651,2.1224374890327455,0.09788135141134262,3.2169470310211175,-0.15962333604693413,-0.54804025888443,-1.0936651825904842,0.29759000837802885,0.13580488935112953,1.3682760655879975,-1.1388794839382173,-0.29513468726072467,-1.2619674086570742,-0.8985667645931243,-0.5825058281421661,-0.10709635401144621,0.6727068036794663
2019-05-25 12:00:00,8.615814113616944,1.1404603123664858,2.9778673648834237,-1.244390457868576,1.1652418553829194,0.043833420053124475,-0.7223019033670426,-0.24595859721302987,-0.5585726737976074,-1.1989467322826386,0.013091970514506102,0.11075146384537216,1.0890986382961274,-1.3406089544296262,-0.15162324551492928,-0.602692312002182,-0.7917760908603669,0.9810609340667724,0.8645793318748474,0.9228733882308007
2019-05-25 13:00:00,10.584810161590575,3.5327797889709474,3.4440459966659547,-1.093593430519104,-0.227042618393898,0.1451732089743018,-2.9733013868331906,-0.33980124481022356,-0.4743136078119278,-1.2891880333423615,0.9614187598228454,0.18591173067688943,4.532285380363464,-1.4078521430492401,0.10930668041110037,0.26260583065450194,-0.7460086315870286,-0.4905313223600386,0.022460405481979206,0.3510640252381563
2019-05-25 14:00:00,18.460797119140626,4.463125419616699,2.6670819520950313,-2.4507668375968934,-2.0544159173965455,0.1992210959084332,-3.348467969894409,-0.33229386303573843,-0.6322993814945221,-1.2591076850891114,0.29759000837802885,0.16085832174867393,2.9502809762954714,-1.5087166249752042,0.18758563660085198,0.7570620015263557,-0.7002411484718323,0.15329030980356043,1.382806432247162,-0.14926915243268013
2019-05-25 15:00:00,36.18176689147949,2.8682464361190796,2.5116889715194706,-2.978556919097901,-3.0986293554306035,0.2735369376838207,-4.849134302139282,-0.3998605340719223,-0.3795221792533994,-1.0936651825904842,0.013091970514506102,0.08569802474230526,2.205807888507843,-1.3406089544296262,0.14844614919275043,0.8394712120294571,-0.6468457773327827,-0.30658228918910024,0.6702441990375518,-0.3636977076530457
2019-05-25 16:00:00,7.631314992904663,1.804993462562561,2.356296348571777,-2.073774099349975,-3.2726648569107057,0.3816327184438706,-8.225634002685547,-0.426136539131403,-0.36898977980017655,-0.8530214190483093,-0.935234808921814,1.0126748204231262,1.8335714697837822,-1.306987315416336,0.2789111129939556,1.1691086798906325,-0.6010783270001412,-0.6744802892208099,0.15201714504510164,-0.2564834110438824
2019-05-25 17:00:00,2.708823537826538,-0.5873257549479604,1.423939287662506,-1.4705860018730166,-3.968807411193848,0.523508358001709,-2.785718297958374,-0.3810919910669327,-0.39005456054583193,-0.6274181976914407,-1.3145654678344727,0.5867665350437165,0.809921270608902,-1.2733658730983732,0.3310970969498157,1.9107926905155181,-0.5858225196599961,0.06131578283384441,0.08723877314478158,-0.5423881411552429
2019-05-25 18:00:00,1.7243251323699955,-3.2454582214355474,0.4915823578834534,-0.11341220838949084,-5.535126829147339,0.6045802548527718,-1.8478017330169678,-0.3510623954236508,-0.3795221792533994,-0.46197564005851743,-1.4093982458114627,0.38633917421102526,-0.3067880138754845,-1.07163645029068,0.044074221699338535,0.7158571869134903,-0.5629387822002172,0.6131629347801208,-0.4309882715344429,-0.4351738430559635
2019-05-25 19:00:00,-2.2136683344841006,-5.504870986938476,-0.2853816919028759,1.3945584177970887,-3.0116111993789674,0.6180921480059623,-1.6602185249328614,-0.28349568247795104,-0.4005868759006262,-0.2664526171982289,-1.4093982458114627,0.2861254192888737,-1.4234971046447753,-0.8699071347713471,-0.29513468726072467,0.5098338618874549,-0.6010783270001412,-1.1343528926372528,0.022460405481979206,-0.29222152307629584
2019-05-25 20:00:00,-4.182665157318115,-7.365564060211182,-2.3054885864257817,2.676333498954773,-2.5765225648880006,0.6721400395035744,-0.9098852515220642,-0.20842158645391465,-0.5164431065320968,-0.08596989042125643,-1.5042309761047363,0.010537744034081701,-1.7026744723320004,-0.7017992615699769,-0.5169250483624638,0.46862917952239513,-0.6087063033133746,-1.4102765321731567,0.022460405481979206,-0.14926915243268013
2019-05-25 21:00:00,-8.120658731460571,-8.29591064453125,-3.704023838043213,3.7319130897521973,-2.489504945278168,0.7937477096915245,-0.5347186774015427,-0.14460856188088655,-0.5585726737976074,0.06443233862519263,-1.5042309761047363,-0.290103330090642,-2.5402063608169554,-0.26471893340349195,-0.9344129044562578,0.3038104756735265,-0.6163341341540217,-0.21460775882005695,-0.9492153286933899,-0.39943571165204056
2019-05-26 09:00:00,-17.965643692016602,-3.7770846128463744,-0.12998895989730955,3.5811159133911135,3.7757754564285277,0.1857091361656785,5.092780351638793,-0.02824367128778249,-0.7060259744524956,-1.3944700062274933,-0.17657338380813598,-0.11472935751080512,3.6016940832138054,-0.5000699022784829,-0.6082505651051179,-1.5503997266292568,-1.012985360622406,-0.766454941034317,-0.04231799896806477,0.24384975815191864
2019-05-26 10:00:00,-0.2446718730032444,-0.32151233255863193,1.1131535410881042,1.6961527109146115,1.7743660449981689,0.15868516955524684,2.0914476633071897,-0.09956408627331256,-0.5901697605848313,-1.3643894493579862,0.10792465135455132,0.4113925501704216,4.346166968345642,-0.7354208439588547,-0.4125530901364982,-1.0147391974925997,-0.9901016533374787,-0.03065872695297004,-0.3662098720669746,0.2795878371223808
2019-05-26 11:00:00,14.522804164886475,3.5327797889709474,1.890117871761322,-0.2642092887312174,0.6431353360414505,0.1384172153659165,-1.2850518047809603,-0.1934066850692034,-0.6744288086891175,-1.6351133108139038,0.2027573138475418,0.7120336696505547,6.021231317520142,-1.0043933868408201,-0.3603671186487191,-0.3554643124341965,-0.9290784895420074,0.06131578283384441,-0.690101796388626,0.3510640252381563
2019-05-26 12:00:00,17.476299667358397,4.7289396047592165,2.356296348571777,-2.4507668375968934,-0.7491493105888367,0.07085737064480783,-4.0988009691238405,-0.29100304692983625,-0.5691049665212631,-1.7403953790664672,0.29759000837802885,0.7621404960751533,3.3225172996520995,-1.1725010871887207,-0.22990222657099366,0.3862197993323207,-0.8527993738651276,0.7971120357513428,0.21679552644491196,0.42254023179411887
2019-05-26 13:00:00,15.507301902770996,5.925098896026611,2.822474646568298,-3.129353642463684,-2.3154693365097043,0.2262450226582587,-4.6615509510040285,-0.3998605340719223,-0.5796374559402466,-1.5599120914936067,1.245916885137558,0.9625679612159729,2.8572213530540465,-1.2733658730983732,-0.04725125040858983,1.004289850592613,-0.7917760908603669,0.15329030980356043,0.6054658472537995,-0.006316823139786712
2019-05-26 14:00:00,11.56930809020996,8.0516047000885,2.6670819520950313,-3.807941055297852,-3.620735740661621,0.3140728197991848,-4.2863844871521,-0.4336438935250044,-0.54804025888443,-1.4395902574062347,-0.08174071088433263,1.413529595732689,2.764162528514862,-1.3742304146289825,-0.04725125040858983,1.1279038608074188,-0.7383806616067887,0.15329030980356043,-0.4309882715344429,-0.47091192901134493
2019-05-26 15:00:00,18.460797119140626,5.659285736083984,2.5116889715194706,-5.014316821098328,-3.881789374351502,0.422168605029583,-3.5360512256622316,-0.4674272583797574,-0.46378121674060824,-1.1688662827014924,-0.2714060649275779,0.6869802579283715,2.3919260501861572,-1.3406089544296262,0.044074221699338535,1.0454946368932725,-0.6773574262857438,1.532908058166504,-0.3662098720669746,-0.8640308648347854
2019-05-26 16:00:00,9.60031337738037,4.0644062042236335,2.5116889715194706,-3.6571439504623413,-3.707753825187683,0.5437762930989265,-4.849134302139282,-0.5274865984916687,-0.4532488211989403,-0.8680617928504943,-0.6507368326187134,0.5617131620645524,2.205807888507843,-1.306987315416336,0.14844614919275043,0.880675983428955,-0.6392178870737554,1.1650101602077485,0.6054658472537995,-0.613864241540432
2019-05-26 17:00:00,1.7243251323699955,1.0075537651777267,1.1131535410881042,-2.7523610830307,-3.3596826076507567,0.6451161459088326,-3.1608848094940187,-0.459919903986156,-0.4427164509892464,-0.6123779103159904,-1.1249000549316404,0.5366596832871438,1.8335714697837822,-1.306987315416336,0.1614926532609388,1.1691086798906325,-0.6163341341540217,1.3489589929580688,0.6702441990375518,-0.7925546035170555
2019-05-26 18:00:00,-1.2291702449321746,-2.1822054028511046,-0.12998895989730955,-1.018194705247879,-3.968807411193848,0.6653840482234954,-1.6602185249328614,-0.4148753397166729,-0.42165169641375544,-0.40181473791599276,-0.8404020845890046,0.43644600212574,1.9266304969787598,-1.0043933868408201,-0.17771620005369188,0.7982665717601777,-0.5934504188597203,1.808831548690796,0.2815739676356316,-0.8282927826046944
2019-05-27 10:00:00,-15.012146759033204,0.07720733252353969,0.18079665824770927,2.073145353794098,2.7315615415573125,0.05734539777040483,4.530029964447022,-0.11457891706377266,-0.6638963282108308,-1.7704753041267396,0.582088029384613,0.8623542323708534,3.6947535037994386,-0.668177741765976,-0.5952039199997671,-1.344376564025879,-1.0434970125555991,-0.6744802892208099,-0.49576663672924043,-0.006316823139786712
2019-05-27 11:00:00,6.646816968917847,1.804993462562561,0.9577607810497284,-0.4904051125049591,1.33927743434906,0.03707745708525183,1.5286975502967834,-0.17463819207623602,-0.6217668771743774,-1.9058374166488647,1.0562514901161193,0.9375145494937897,4.346166968345642,-0.8026639461517334,-0.5169250483624638,-0.8911250531673431,-0.9367063939571381,-0.766454941034317,-0.8844368934631348,-0.2207453303039074
2019-05-27 12:00:00,19.445296478271484,6.190911865234375,2.356296348571777,-1.4705860018730166,0.38208186216652396,0.043833420053124475,-2.5981348276138307,-0.3022641889750957,-0.6322993814945221,-2.146481013298035,2.1942435264587403,0.8874076664447784,3.508635401725769,-0.9707716882228852,-0.399506591935642,-0.23185027204453945,-0.8756831288337708,-0.21460775882005695,-0.5605450242757797,0.1723735892563127
2019-05-27 13:00:00,33.22827415466308,7.652884387969971,1.734724998474121,-3.95873818397522,-1.0102026104927062,0.151929185166955,-5.036717510223388,-0.3510623954236508,-0.5691049665212631,-1.8757569074630738,2.289076054096222,0.7871939599514007,2.764162528514862,-1.2733658730983732,-0.26904164440929884,0.6746525689959527,-0.8222877144813537,0.9810609340667724,-0.04231799896806477,-0.2564834110438824
2019-05-27 14:00:00,42.088758087158205,6.456724739074707,1.2685465216636658,-4.788121747970582,-2.924593830108642,0.26002494730055337,-7.662883806228637,-0.47493466548621655,-0.4427164509892464,-1.6952741622924805,0.29759000837802885,0.9625679612159729,2.4849851131439205,-1.1388794839382173,-0.2038091978058219,1.2103132456541061,-0.7536365032196045,1.9008062601089477,0.08723877314478158,-0.6496023654937744
2019-05-27 15:00:00,4.677819919586181,5.127658748626709,1.423939287662506,-4.109535002708435,-4.055825114250183,0.33434079289436347,-9.351133251190186,-0.5162254452705384,-0.36898977980017655,-1.3493490874767304,-0.36623873710632326,0.7370871290564537,1.8335714697837822,-1.038014930486679,-0.04725125040858983,1.7871789693832398,-0.7231248915195465,3.004500436782837,-0.10709635401144621,-0.8282927826046944
2019-05-27 16:00:00,2.708823537826538,3.9314988613128663,1.1131535410881042,-3.3555494070053102,-5.274073839187624,0.44243658185005186,-2.222968351840973,-0.4824420683085918,-0.18993935734033585,-0.9883835136890413,-0.36623873710632326,0.5366596832871438,0.9029804289340972,-1.07163645029068,-0.08639074433594943,2.1580206513404847,-0.6849853917956352,1.808831548690796,0.41113068461418145,-0.7925546035170555
2019-05-27 17:00:00,6.646816968917847,0.7417405605316163,0.4915823578834534,-2.6769628524780273,-6.057234144210816,0.591068197786808,-1.8478017330169678,-0.4449050838127732,-0.274198417365551,-0.7477399557828903,-0.7455694139003753,0.46149941235780717,0.06544846291653812,-1.0043933868408201,-0.04725125040858983,0.5922431886196137,-0.6163341341540217,2.1767296314239504,-0.8844368934631348,-0.8282927826046944
2019-05-27 18:00:00,4.677819919586181,-1.5176722943782806,-0.4407747119665146,-0.8673977196216583,-2.750558137893677,0.6788960084319114,-2.5981348276138307,-0.4111216738820076,-0.2426012795418501,-0.5822974234819412,-0.8404020845890046,0.2861254192888737,-0.39984709918498995,-0.8699071347713471,-0.399506591935642,0.5098338618874549,-0.6468457773327827,3.464372968673706,-0.9492153286933899,-0.613864241540432
2019-06-01 13:00:00,-16.981142425537108,-5.903590869903565,-1.5285243034362792,3.128724813461304,1.9484020709991454,0.10463727191090584,3.029363870620728,-0.06953439973294735,-0.4321840524673462,-0.17621125802397727,-0.7455694139003753,-0.39031706340610983,-0.9582016825675964,-0.2983404699712992,-0.060297753848135474,-1.0147391974925997,-1.0587528467178344,-1.4102765321731567,0.6054658472537995,0.38680208511650566
2019-06-01 14:00:00,-7.1361603260040285,-4.441618251800537,-1.0623459756374358,2.9025290250778193,0.6431353360414505,0.09788135141134262,1.903864073753357,-0.12208631346002219,-0.42165169641375544,-0.07092971056699755,-1.2197327971458436,-0.41537055680528284,-1.1443199217319489,-0.43282681331038475,0.057120680902153255,-0.5614877074956894,-0.9824738293886185,-0.30658228918910024,0.5406874179840088,0.3510640252381563
2019-06-02 15:00:00,-16.981142425537108,-6.435217237472534,-2.4608813285827638,3.128724813461304,-0.05300707463175056,0.23300100024789566,2.2790307760238653,-0.07328804358839988,-0.6954935267567635,-0.32661357736215,-1.1249000549316404,0.21096517369151116,-0.3067880138754845,-0.16385424574837087,0.01798122599720957,-0.4790782883763313,-0.9824738293886185,0.15329030980356043,0.5406874179840088,0.3510640252381563
2019-06-04 13:00:00,-13.043151473999021,-1.650578773021698,-0.2853816919028759,1.3945584177970887,0.9041885137557983,0.03032148815691471,0.7783644318580627,-0.17839190773665906,-0.4743136078119278,-0.9282226741313935,0.48725533187389375,0.03559118332341312,0.3756457328796387,-0.4664483442902565,-0.09943723836913705,-0.7263063758611679,-0.9824738293886185,-0.9504040479660034,-0.3662098720669746,0.5297544687986374
2019-06-06 15:00:00,-12.058652973175048,4.861845779418945,2.5116889715194706,-1.7721802115440368,-1.184238201379776,0.23300100024789566,0.7783644318580627,-0.36607713699340827,-0.4532488211989403,-0.6725388407707215,-0.36623873710632326,-0.36526362467557194,-1.1443199217319489,-1.4414736926555634,0.00493477452546359,-0.06703157145529984,-0.7307527482509613,-1.2263275146484376,0.41113068461418145,-0.47091192901134493
2019-06-06 16:00:00,2.708823537826538,2.8682464361190796,1.734724998474121,-3.204752731323243,-1.358273684978485,0.3546087473630905,0.9659476518630982,-0.36607713699340827,-0.5164431065320968,-0.3566940277814865,-0.6507368326187134,-0.36526362467557194,-1.5165563344955442,-1.306987315416336,0.09626016337424513,-0.06703157145529984,-0.6849853917956352,0.06131578283384441,0.21679552644491196,-0.4351738430559635
2019-06-06 17:00:00,14.522804164886475,-0.05569944814778867,-0.4407747119665146,-2.073774099349975,-1.358273684978485,0.422168605029583,-1.8478017330169678,-0.4373976353555918,-0.49537838995456696,-0.22133198902010917,-0.5559041231870652,-0.41537055680528284,-1.8887926459312439,-1.1388794839382173,0.00493477452546359,-0.10823624394834039,-0.6621016502380371,-0.12263325611129401,0.4759090572595596,-0.4351738430559635
2019-06-06 18:00:00,6.646816968917847,-1.783485627174377,-1.3731317162513732,-0.4150064289569855,-1.2712559461593629,0.4559485003352165,-4.0988009691238405,-0.3810919910669327,-0.2952631115913391,-0.13109061084687706,-1.3145654678344727,-0.5155841720290482,-1.981851875782013,-0.668177741765976,-0.08639074433594943,0.5098338618874549,-0.6315899584442377,-1.2263275146484376,0.08723877314478158,-0.3279595457017422
2019-06-06 19:00:00,9.60031337738037,-4.0428976774215695,-2.3054885864257817,0.5651745676994324,-2.5765225648880006,0.46946052014827727,-2.5981348276138307,-0.298510491847992,-0.39005456054583193,-0.02580903358757497,-1.0300675868988036,-0.6157979071140289,-2.1679700493812564,-0.4664483442902565,-0.29513468726072467,1.004289850592613,-0.5781946279108524,0.6131629347801208,0.4759090572595596,-0.04205491319298742
2019-06-19 13:00:00,-12.058652973175048,-0.4544193558394909,-0.4407747119665146,0.7913701355457305,0.46909963712096214,0.1789531301707029,1.903864073753357,-0.12208631346002219,-0.5796374559402466,-0.9883835136890413,-1.2197327971458436,0.13580488935112953,-0.39984709918498995,-0.43282681331038475,-0.021158263273537137,-0.6851017177104949,-1.0511248990893365,-0.12263325611129401,0.21679552644491196,0.494016345590353
2019-06-19 14:00:00,-4.182665157318115,0.7417405605316163,-0.4407747119665146,-0.18881081287981943,-0.05300707463175056,0.2059770677704364,0.9659476518630982,-0.23845119364559655,-0.5691049665212631,-0.8530214190483093,-1.1249000549316404,-0.064622522611171,-0.5859651923179626,-0.668177741765976,0.00493477452546359,-0.31425961852073675,-0.9901016533374787,-1.1343528926372528,1.2532497406005858,0.24384975815191864
2019-06-20 14:00:00,-12.058652973175048,-4.441618251800537,-2.4608813285827638,2.3747394680976868,1.6003308415412902,0.1992210959084332,2.0914476633071897,-0.12208631346002219,-0.6217668771743774,-1.0485445976257324,-0.935234808921814,0.4113925501704216,-0.39984709918498995,-0.16385424574837087,-0.12553020846098664,-1.0559438228607179,-1.0892645776271819,2.1767296314239504,-0.8844368934631348,0.42254023179411887
2019-06-20 15:00:00,-6.151662015914917,-2.049298584461212,-1.8393101692199707,2.073145353794098,0.7301529645919801,0.19246511552482842,0.9659476518630982,-0.15962333604693413,-0.5691049665212631,-0.8229410648345947,-0.935234808921814,0.08569802474230526,-0.8651424914598465,-0.2310974038206041,-0.09943723836913705,-0.3554643124341965,-1.0587528467178344,1.992780673503876,-0.7548802018165589,0.06515934113413094
2019-06-20 16:00:00,-5.1671641826629635,-1.3847655892372133,-1.3731317162513732,0.7159715175628663,-0.7491493105888367,0.2059770677704364,-0.15955210328102112,-0.17463819207623602,-0.5901697605848313,-0.6274181976914407,-1.3145654678344727,-0.13978281654417513,-1.0512606978416443,-0.3655836779624224,-0.09943723836913705,-0.10823624394834039,-1.0206134229898454,0.3372393786907196,-0.8844368934631348,-0.006316823139786712
2019-06-20 17:00:00,-6.151662015914917,-3.2454582214355474,-2.3054885864257817,0.33897884739562867,-1.2712559461593629,0.23975698929280037,-0.347135378792882,-0.2422048881649971,-0.49537838995456696,-0.4770158216357232,-0.8404020845890046,-0.3151567911729216,-1.5165563344955442,-0.4664483442902565,-0.11248371126130223,0.13899175636470318,-0.9061947107315064,0.9810609340667724,-1.1435505092144012,-0.14926915243268013
2019-06-25 14:00:00,-11.074154472351074,-2.713831853866577,-1.6839173793792725,1.6961527109146115,0.46909963712096214,0.010053534433245642,1.903864073753357,-0.18965301252901554,-0.5059107810258865,0.1997943906113505,0.10792465135455132,-0.9915995061397552,-2.8193840265274046,-0.3655836779624224,0.12235316708683966,-0.5614877074956894,-1.0892645776271819,-2.421995973587036,1.2532497406005858,0.42254023179411887
2019-06-25 15:00:00,-5.1671641826629635,-2.315111780166626,-1.8393101692199707,1.0929642260074615,-0.31406039744615555,0.07085737064480783,0.7783644318580627,-0.1934066850692034,-0.54804025888443,0.09451282366644587,0.582088029384613,-0.8663321129977704,-3.2846795082092286,-0.39920521005988124,0.14844614919275043,-0.31425961852073675,-0.9977297157049179,-1.2263275146484376,1.1884711921215056,0.31532593630254274
2019-07-31 11:00:00,-19.93464012145996,6.190911865234375,-2.4608813285827638,-3.95873818397522,2.4705087423324583,-0.023726461827754976,4.154863905906677,-0.3998605340719223,-0.6112345397472382,-1.9359176635742188,-0.17657338380813598,0.010537744034081701,0.7168622136116027,-0.1302326897159219,-1.299714694172144,-1.344376564025879,-1.1274042394012214,0.5211884349584579,-0.3662098720669746,0.7441829331219196
2019-07-31 12:00:00,-6.151662015914917,10.311017322540284,-1.8393101692199707,-3.95873818397522,1.33927743434906,0.010053534433245642,2.4666138887405396,-0.47493466548621655,-0.5796374559402466,-2.2668030738830565,-0.08174071088433263,0.18591173067688943,-0.21372887007892133,-0.2310974038206041,-1.117063745111227,-0.8087156355381012,-1.0587528467178344,0.3372393786907196,-0.6253233939409256,0.7441829331219196
2019-07-31 15:00:00,-13.043151473999021,8.317416954040528,-2.150095558166504,-1.9983757734298706,-1.7933626770973206,0.26002494730055337,0.9659476518630982,-0.5612698510289192,-0.6112345397472382,-1.8005560040473938,-0.4610714167356491,-0.26504995450377467,-2.1679700493812564,0.2059829130768776,-0.9735524177551268,0.5510385036468506,-0.8756831288337708,2.8205513954162598,-2.30956107378006,-0.4351738430559635
2019-07-31 16:00:00,-3.1981671333312987,8.317416954040528,-1.6839173793792725,-5.165114402770996,-2.6635403394699093,0.3478527694940567,1.1535311222076416,-0.3773382872343063,-0.4321840524673462,-1.650153636932373,-0.5559041231870652,-0.41537055680528284,-3.005501699447632,-0.2983404699712992,-0.9605058439075946,-0.10823624394834039,-0.8527993738651276,0.7971120357513428,-0.8844368934631348,-0.5781261712312699
2019-08-01 11:00:00,-13.043151473999021,5.393472194671632,-3.393238401412964,-2.6769628524780273,3.0796332359313965,0.023565464280545727,4.154863905906677,-0.36232348978519446,-0.6112345397472382,-2.2818429946899417,0.6769207894802094,0.33623227700591085,1.3682760655879975,0.10511830300092699,-1.286668316274881,-1.4679904937744142,-1.1197762042284012,2.3606787085533143,-0.8844368934631348,0.2795878371223808
2019-08-01 12:00:00,-1.2291702449321746,6.058005475997925,-2.4608813285827638,-3.506346344947815,1.6003308415412902,0.0032974888687021865,1.1535311222076416,-0.4111216738820076,-0.642831626534462,-1.5448719203472137,1.0562514901161193,0.5867665350437165,2.2988670110702514,-0.02936797942966223,-1.156203094124794,-0.8087156355381012,-1.0892645776271819,2.452653324604035,-0.8844368934631348,0.38680208511650566
2019-08-01 13:00:00,6.646816968917847,6.988351678848266,-1.6839173793792725,-3.8833393812179566,0.20804624482989312,0.03707745708525183,-1.0974686086177825,-0.45241241278126837,-0.6007021754980088,-2.1765612125396725,0.9614187598228454,0.18591173067688943,1.8335714697837822,-0.2310974038206041,-1.1692497216165065,-0.14944093823432925,-1.0358692824840547,2.2687044143676753,-0.7548802018165589,0.06515934113413094
2019-08-01 14:00:00,28.305780982971193,8.0516047000885,-2.150095558166504,-4.41112916469574,-1.184238201379776,0.1249052649363875,-2.5981348276138307,-0.47118100300431254,-0.642831626534462,-2.1765612125396725,1.1510839879512786,0.16085832174867393,0.15850754287093874,-0.39920521005988124,-1.1301102921366692,0.3450151858851313,-0.9748457849025727,3.556347441673279,-1.1435505092144012,-0.14926915243268013
2019-08-01 15:00:00,58.82523651123047,8.0516047000885,-2.3054885864257817,-5.014316821098328,-2.228451478481293,0.23975698929280037,-6.724967765808105,-0.4974568754434586,-0.5269755244255065,-2.0712799310684207,0.29759000837802885,0.4113925501704216,-1.609615433216095,-0.2983404699712992,-1.0518312998116017,0.6746525689959527,-0.9290784895420074,1.808831548690796,-2.698231720924378,-0.7925546035170555
2019-08-01 16:00:00,53.90273818969727,4.463125419616699,-3.704023838043213,-5.014316821098328,-2.924593830108642,0.3478527694940567,-12.540049743652343,-0.5274865984916687,-0.5691049665212631,-1.7855155706405639,0.10792465135455132,0.2861254192888737,-2.1679700493812564,-0.26471893340349195,-1.0257382526993752,1.5811554551124567,-0.8985667645931243,3.64832193851471,-2.6334533214569094,-0.8640308648347854
2019-08-02 10:00:00,-29.779622268676757,3.1340594530105594,-3.8594167470932006,-1.6967814922332765,4.471917128562927,0.03707745708525183,10.157528495788572,-0.2872493177652359,-0.6217668771743774,-1.9208776354789734,-0.8404020845890046,0.16085832174867393,5.276757931709289,0.37409081757068635,-1.2344822317361832,-2.4569023370742804,-1.1274042394012214,3.924245738983154,-1.7265560507774353,0.38680208511650566
2019-08-02 11:00:00,-3.1981671333312987,5.792192363739013,-3.8594167470932006,-2.2245714664459224,3.688757061958313,-0.037238404899835584,4.3424471616744995,-0.36232348978519446,-0.5901697605848313,-2.0261592984199526,-0.36623873710632326,0.46149941235780717,8.161589622497559,0.071496595442295,-1.2083894886076452,-2.127265179157257,-1.1350320100784301,2.3606787085533143,-1.9856694221496582,0.3510640252381563
2019-08-02 12:00:00,15.507301902770996,6.722538661956787,-2.4608813285827638,-3.7325421571731567,2.992615270614624,-0.023726461827754976,-0.7223019033670426,-0.3885993897914887,-0.6533640325069427,-2.146481013298035,0.2027573138475418,0.661926831305027,7.696295118331909,0.071496595442295,-1.1431567721068858,-0.8499204337596893,-1.096892226859927,-0.21460775882005695,-1.1435505092144012,0.1723735892563127
2019-08-02 13:00:00,19.445296478271484,10.311017322540284,-1.2177387714385988,-4.260332345962524,0.2950640987604856,0.016809494793415057,-4.2863844871521,-0.4636735555715859,-0.6217668771743774,-2.146481013298035,0.6769207894802094,1.2131022334098818,3.3225172996520995,-0.2310974038206041,-1.117063745111227,0.26260583065450194,-1.0434970125555991,4.016219925880432,-1.2731070935726165,-0.1850072514265776
2019-08-02 14:00:00,30.274775886535643,9.114857578277588,-1.3731317162513732,-6.296092176437378,-2.0544159173965455,0.07761334329843521,-5.036717510223388,-0.48994945883750923,-0.6007021754980088,-1.7403953790664672,0.6769207894802094,1.9897584736347198,0.809921270608902,-0.5000699022784829,-1.1040173217654228,1.0454946368932725,-0.9901016533374787,4.843991088867187,-1.0139937162399293,-0.5781261712312699
2019-08-02 15:00:00,51.93374481201172,7.785792016983033,-2.4608813285827638,-5.617505693435668,-3.707753825187683,0.13166120792739094,-7.10013337135315,-0.5912995666265488,-0.5375078916549683,-0.7176594465970995,0.29759000837802885,1.8644914299249649,-1.981851875782013,-0.4664483442902565,-1.064877811819315,1.2103132456541061,-0.9214505314826965,0.8890864610671997,-1.2731070935726165,-0.7568165928125382
2019-08-02 16:00:00,19.445296478271484,7.519977235794068,-2.4608813285827638,-4.863520526885987,-4.055825114250183,0.3410967886447907,-11.226965236663819,-0.5575161665678025,-0.33739266842603693,-1.1237456440925597,-0.2714060649275779,0.6869802579283715,-2.0749107956886297,-0.2310974038206041,-0.9605058439075946,1.6635645270347594,-0.9214505314826965,-0.39855679869651794,-2.957345128059387,-0.9712450161576272
2019-08-03 11:00:00,-18.950142097473144,5.127658748626709,-2.4608813285827638,-2.2999698638916017,3.9498108863830566,-0.037238404899835584,6.218279504776,-0.30601786598563196,-0.6954935267567635,-2.4021648645401,-0.4610714167356491,0.8874076664447784,7.5101768493652346,-0.02936797942966223,-1.2214357547461987,-2.1684698581695554,-1.1274042394012214,1.624882447719574,-0.3662098720669746,0.7084449715912343
2019-08-03 12:00:00,-6.151662015914917,5.925098896026611,-1.3731317162513732,-3.3555494070053102,3.0796332359313965,-0.030482386797666537,2.2790307760238653,-0.39235314577817915,-0.6217668771743774,-2.2668030738830565,0.10792465135455132,0.9876213073730469,4.43922634124756,-0.2310974038206041,-1.1822963096201422,-1.2619674086570742,-1.0740087077021598,2.2687044143676753,0.21679552644491196,0.5297544687986374
2019-08-03 13:00:00,7.631314992904663,8.317416954040528,-1.0623459756374358,-3.807941055297852,1.1652418553829194,-0.003458473738282905,-0.15955210328102112,-0.4449050838127732,-0.642831626534462,-2.116400969028473,0.9614187598228454,1.2632089018821717,3.415576386451721,-0.4664483442902565,-1.1301102921366692,-0.3966689676046372,-1.0434970125555991,1.808831548690796,-0.690101796388626,0.4582782905548811
2019-08-03 14:00:00,14.522804164886475,9.912298011779786,-1.6839173793792725,-5.165114402770996,-0.6621315091848373,0.05734539777040483,-2.785718297958374,-0.4674272583797574,-0.5269755244255065,-2.086319983005523,0.9614187598228454,1.8143844842910763,0.530744007229805,-0.5336914673447609,-1.012691753357649,0.13899175636470318,-0.9824738293886185,1.3489589929580688,-1.4674423336982727,0.029421248810831434
2019-08-04 14:00:00,-9.105157852172852,8.716137552261353,-0.7515601396560669,-3.95873818397522,1.1652418553829194,0.05734539777040483,2.4666138887405396,-0.44865878522396085,-0.6217668771743774,-2.0411995291709895,-1.2197327971458436,0.31117883175611494,-1.1443199217319489,-0.4664483442902565,-1.0257382526993752,-0.9323296248912811,-0.9748457849025727,0.15329030980356043,0.7998009443283081,0.42254023179411887
2019-08-04 15:00:00,-8.120658731460571,8.0516047000885,-0.4407747119665146,-5.391309928894042,0.46909963712096214,0.1654411878436804,0.40319778919219973,-0.47493466548621655,-0.4005868759006262,-1.8155960321426392,-1.3145654678344727,-0.13978281654417513,-2.1679700493812564,-0.6009345456957818,-0.9735524177551268,-0.4378736212849617,-0.8909388422966004,0.24526488035917282,-0.04231799896806477,-0.2564834110438824
2019-08-08 10:00:00,-26.82612838745117,7.1212585926055905,-2.9270599603652956,-1.621383130550384,4.819988203048706,-0.037238404899835584,8.656863117218018,-0.29100304692983625,-0.6112345397472382,-2.1013605833053592,-0.6507368326187134,0.010537744034081701,1.4613350570201877,0.071496595442295,-1.299714694172144,-2.5393120884895324,-1.1045203961431977,-0.6744802892208099,0.2815739676356316,0.8156591191887855
2019-08-08 11:00:00,-1.2291702449321746,7.519977235794068,-1.6839173793792725,-4.486527252197266,3.862792801856995,-0.037238404899835584,3.77969708442688,-0.3585698232054711,-0.6322993814945221,-2.221682178974152,0.29759000837802885,0.11075146384537216,0.06544846291653812,-0.1302326897159219,-1.260575281828642,-1.7976280927658084,-1.0892645776271819,-0.39855679869651794,-1.4674423336982727,0.7084449715912343
2019-08-09 11:00:00,-15.996647167205811,4.861845779418945,-2.150095558166504,-2.375368249416351,3.9498108863830566,-0.016970322467386723,4.7176131248474125,-0.3698309347033501,-0.5796374559402466,-2.342004215717316,-0.7455694139003753,0.6869802579283715,-1.0512606978416443,-0.1302326897159219,-1.2214357547461987,-2.003651297092438,-1.0663808912038801,0.15329030980356043,0.7350225806236268,0.8156591191887855
2019-08-09 12:00:00,-5.1671641826629635,6.323818635940553,-1.3731317162513732,-3.204752731323243,2.7315615415573125,-0.016970322467386723,1.716280746459961,-0.39610680639743806,-0.6322993814945221,-1.9960787653923036,-1.0300675868988036,0.2610719881951809,-1.7957332968711852,-0.2983404699712992,-1.3258077524602412,-0.9323296248912811,-1.0511248990893365,-0.30658228918910024,-0.5605450242757797,0.9943496063351631
2019-08-09 13:00:00,5.6623182773590095,8.317416954040528,-0.7515601396560669,-4.034136199951172,0.46909963712096214,0.010053534433245642,-0.347135378792882,-0.4373976353555918,-0.642831626534462,-1.8306362986564637,-0.935234808921814,-0.3402102677151561,-2.354088294506073,-0.4664483442902565,-1.1953427448868752,-0.27305490970611573,-0.9901016533374787,-0.30658228918910024,0.21679552644491196,0.8871353268623352
2019-08-09 14:00:00,14.522804164886475,7.38707160949707,-1.0623459756374358,-5.165114402770996,-0.9231847822666168,0.05734539777040483,-2.4105515599250795,-0.4786883968859911,-0.6217668771743774,-1.7554351449012757,-0.6507368326187134,-0.49053080882877104,-2.354088294506073,-0.6009345456957818,-1.1040173217654228,0.18019646853208543,-0.9443342804908752,1.0730354487895966,-0.30143150091171267,0.029421248810831434
2019-08-10 12:00:00,-15.996647167205811,4.861845779418945,-1.8393101692199707,-2.2245714664459224,2.4705087423324583,-0.030482386797666537,4.154863905906677,-0.3885993897914887,-0.5691049665212631,-2.0712799310684207,-0.17657338380813598,0.6368733450770379,-0.3067880138754845,-0.09661115035414694,-1.2214357547461987,-1.1795577108860016,-1.0434970125555991,-0.21460775882005695,-0.7548802018165589,0.7799209855496884
2019-08-24 13:00:00,-15.012146759033204,2.203713059425354,-2.150095558166504,-0.7919991374015808,2.2964731931686404,-0.010214511677622818,3.592113757133484,-0.2759882807731628,-0.6007021754980088,-0.7928606271743774,-0.36623873710632326,-1.292240251600742,-4.494447875022889,-0.2310974038206041,-0.6734829876571895,-1.1795577108860016,-1.096892226859927,-0.9504040479660034,0.6702441990375518,0.6727068036794663
2019-08-24 14:00:00,-4.182665157318115,2.7353395104408267,-2.4608813285827638,-1.6967814922332765,0.9912063002586364,0.023565464280545727,1.5286975502967834,-0.31727903876453645,-0.5901697605848313,-0.7176594465970995,-0.4610714167356491,-1.3172938898205757,-4.401388692855836,-0.2983404699712992,-0.6473900131881237,-0.6851017177104949,-1.0206134229898454,-0.30658228918910024,-0.6253233939409256,0.4582782905548811
2019-08-24 15:00:00,-1.2291702449321746,3.001153087615967,-1.8393101692199707,-1.9983757734298706,-0.05300707463175056,0.09112534038722515,-0.5347186774015427,-0.36232348978519446,-0.5059107810258865,-0.7627801179885865,-0.36623873710632326,-1.4175075098872185,-3.8430338144302367,-0.2310974038206041,-0.5560645576100797,-0.23185027204453945,-0.9519621878862381,-1.5942254543304442,0.21679552644491196,0.20811164556071163
2019-08-25 15:00:00,-12.058652973175048,1.5391801059246064,-1.3731317162513732,-2.601564145088196,-0.227042618393898,0.3005608953535557,2.8417805433273315,-0.3247864584933269,-0.6007021754980088,-1.3343089282512666,-1.5042309761047363,0.38633917421102526,0.06544846291653812,-0.668177741765976,-0.21685566315427424,-0.602692312002182,-0.9443342804908752,0.7971120357513428,0.022460405481979206,-0.04205491319298742
2019-08-25 16:00:00,6.646816968917847,1.2733667731285097,-1.3731317162513732,-1.3197887063026428,-0.227042618393898,0.3410967886447907,0.9659476518630982,-0.4073679931461811,-0.49537838995456696,-1.1387861132621766,-0.935234808921814,0.21096517369151116,-0.6790244460105896,-0.4664483442902565,-0.1385767199099064,-0.5202829957008361,-0.9061947107315064,2.544627809524536,0.41113068461418145,-0.3636977076530457
2019-08-27 14:00:00,-12.058652973175048,-0.7202324792742729,-3.393238401412964,0.9421672046184539,1.4262951970100404,0.08436936549842357,2.8417805433273315,-0.20466781184077268,-0.642831626534462,-0.7026192814111709,0.582088029384613,-0.11472935751080512,-1.0512606978416443,0.10511830300092699,-0.45169248869642614,-0.9735344827175141,-1.0358692824840547,-1.318302035331726,0.15201714504510164,0.494016345590353
2019-08-27 15:00:00,-8.120658731460571,-1.783485627174377,-3.393238401412964,-0.038013859838247274,0.5561173662543297,0.1384172153659165,0.9659476518630982,-0.2309437658637762,-0.6533640325069427,-0.73269984126091,1.6252476930618287,-0.21494305972009897,-1.3304381728172299,-0.02936797942966223,-0.3603671186487191,-0.5202829957008361,-1.005357524752617,-0.4905313223600386,0.4759090572595596,0.565492495149374
2019-08-29 12:00:00,-14.027650070190429,3.1340594530105594,-3.237845540046692,-0.9427961826324462,3.5147218227386476,-0.04399440139532091,6.218279504776,-0.25721970573067665,-0.6007021754980088,-0.4168549303431064,0.013091970514506102,-0.9665458686649799,-2.865913438796997,0.2059829130768776,-0.5691110452637076,-2.003651297092438,-1.1731714248657226,0.42921389639377594,0.6702441990375518,0.8871353268623352
2019-08-29 13:00:00,-0.2446718730032444,2.7353395104408267,-3.8594167470932006,-2.2245714664459224,2.7315615415573125,-0.023726461827754976,1.3411142230033877,-0.3247864584933269,-0.6217668771743774,-0.40181473791599276,0.582088029384613,-1.0166527688503266,-2.8193840265274046,-0.06298957653343677,-0.5560645576100797,-1.2619674086570742,-1.1274042394012214,1.1650101602077485,-0.5605450242757797,0.7799209855496884
2019-08-29 14:00:00,5.6623182773590095,3.798592948913574,-3.393238401412964,-1.9983757734298706,1.1652418553829194,0.03032148815691471,-1.2850518047809603,-0.3885993897914887,-0.6007021754980088,-0.3566940277814865,1.5304149150848385,-0.9915995061397552,-3.377738523483276,0.071496595442295,-0.5299715735018253,-0.19064554506912826,-1.0511248990893365,0.24526488035917282,-0.49576663672924043,0.06515934113413094
2019-09-02 11:00:00,-25.8416316986084,-1.650578773021698,-4.325595355033874,1.2437614023685455,3.340686297416686,0.010053534433245642,5.655529785156249,-0.18965301252901554,-0.6638963282108308,-1.2891880333423615,-0.5559041231870652,-0.26504995450377467,0.9029804289340972,0.3404692366719246,-0.9865987744182346,-1.674013900756836,-1.0892645776271819,-0.03065872695297004,-1.0787720799446108,0.6369687341153623
2019-09-02 12:00:00,-8.120658731460571,0.4759273171424866,-3.704023838043213,0.4897760063409806,2.035419464111328,0.010053534433245642,3.592113757133484,-0.21592898070812225,-0.6112345397472382,-1.3192687332630157,-0.17657338380813598,-0.08967593424022198,0.809921270608902,0.17236133962869643,-0.8952734719961881,-1.138353204727173,-1.0511248990893365,-0.39855679869651794,0.5406874179840088,0.6012306302785875
2019-09-10 15:00:00,-20.919137763977055,6.190911865234375,-1.8393101692199707,-3.807941055297852,0.12102854270488024,0.05058941170573237,2.4666138887405396,-0.426136539131403,-0.642831626534462,-1.650153636932373,0.10792465135455132,-1.1419197887182235,-3.9360932350158704,-0.39920521005988124,-0.8952734719961881,-0.5202829957008361,-0.9367063939571381,-1.2263275146484376,0.5406874179840088,0.10089741777628658
2019-09-10 16:00:00,0.7398266971111298,6.988351678848266,-2.6162740707397463,-3.95873818397522,-0.4010781433433294,0.17219715286046264,2.654197406768799,-0.4674272583797574,-0.6954935267567635,-1.4245501697063445,-0.36623873710632326,-1.0667594753205778,-4.308329343795776,-0.3655836779624224,-0.8430874217301607,-0.4378736212849617,-0.8833110094070434,-1.962123703956604,-0.7548802018165589,-0.14926915243268013
2019-09-11 13:00:00,-12.058652973175048,3.66568603515625,-3.393238401412964,-1.9229772329330443,1.4262951970100404,0.03032148815691471,2.8417805433273315,-0.29100304692983625,-0.5796374559402466,-1.9359176635742188,-0.5559041231870652,-0.014515685103833645,4.532285380363464,0.0042535488493740834,-0.6473900131881237,-0.8499204337596893,-1.0816366791725158,-0.766454941034317,0.5406874179840088,0.7799209855496884
2019-09-11 14:00:00,-0.2446718730032444,5.127658748626709,-3.237845540046692,-2.526165449619293,0.2950640987604856,0.09112534038722515,0.9659476518630982,-0.3735845938324928,-0.5796374559402466,-2.0261592984199526,-0.36623873710632326,-0.039569105580449085,0.9029804289340972,-0.02936797942966223,-0.6343435349408537,-0.5202829957008361,-1.012985360622406,0.15329030980356043,-0.49576663672924043,0.24384975815191864
2019-09-11 15:00:00,-6.151662015914917,3.3998731851577757,-3.548631453514099,-3.3555494070053102,-0.4010781433433294,0.151929185166955,-1.2850518047809603,-0.4036142505705357,-0.4743136078119278,-1.7103143095970155,-0.17657338380813598,0.5116063013672829,-1.5165563344955442,-0.06298957653343677,-0.6212969965767116,-0.10823624394834039,-0.9824738293886185,-0.12263325611129401,-1.6617774605751037,0.24384975815191864
2019-09-27 13:00:00,-13.043151473999021,-3.1125515460968014,-2.7716666698455805,2.223942446708679,1.861384212970734,-0.010214511677622818,4.3424471616744995,-0.14460856188088655,-0.6322993814945221,-0.7928606271743774,0.48725533187389375,-0.064622522611171,0.06544846291653812,0.0042535488493740834,-0.04725125040858983,-1.1795577108860016,-1.012985360622406,-0.8584294080734253,0.6702441990375518,0.7441829331219196
2019-09-27 15:00:00,-17.965643692016602,-2.846738505363464,-2.4608813285827638,0.8667686492204666,0.2950640987604856,0.11814926601946354,0.2156144805252552,-0.21217528358101836,-0.5901697605848313,-0.5522169873118401,-0.36623873710632326,0.08569802474230526,-2.0749107956886297,-0.3655836779624224,0.13539970219135283,-0.14944093823432925,-0.9748457849025727,0.9810609340667724,0.2815739676356316,0.13663551532663404
2019-10-01 12:00:00,-22.888133811950684,-3.7770846128463744,-1.5285243034362792,2.6009351253509516,3.340686297416686,-0.037238404899835584,6.218279504776,-0.15586969293653966,-0.6849612042307853,-1.2591076850891114,0.6769207894802094,-0.3151567911729216,-1.3304381728172299,-0.2983404699712992,-0.46473903292790053,-1.7976280927658084,-1.0206134229898454,-1.0423783481121063,-0.23665311038494113,0.5297544687986374
2019-10-01 13:00:00,-6.151662015914917,-2.979645276069641,-1.2177387714385988,1.6961527109146115,2.2964731931686404,-0.016970322467386723,3.029363870620728,-0.14836224177852272,-0.54804025888443,-1.0034239292144775,0.6769207894802094,-0.189889667450916,-1.7026744723320004,-0.43282681331038475,-0.399506591935642,-1.2619674086570742,-0.9595900148153305,-1.6861999630928033,-0.49576663672924043,0.565492495149374
2019-10-01 14:00:00,-0.2446718730032444,-1.783485627174377,-0.5961674153804779,1.2437614023685455,1.1652418553829194,0.03707745708525183,-0.15955210328102112,-0.1934066850692034,-0.6217668771743774,-0.9733433187007904,0.10792465135455132,-0.3402102677151561,-2.5402063608169554,-0.5000699022784829,-0.22990222657099366,-0.5614877074956894,-0.8985667645931243,-0.766454941034317,0.5406874179840088,0.6727068036794663
2019-10-01 15:00:00,5.6623182773590095,-1.5176722943782806,-0.7515601396560669,0.5651745676994324,-0.31406039744615555,0.10463727191090584,-1.2850518047809603,-0.21592898070812225,-0.6007021754980088,-0.8379813194274902,-0.2714060649275779,-0.5656910361722112,-3.0985610485076904,-0.634556095302105,-0.21685566315427424,0.13899175636470318,-0.8604272961616516,0.6131629347801208,-0.4309882715344429,0.3510640252381563
2019-10-01 16:00:00,8.615814113616944,-1.3847655892372133,-0.2853816919028759,0.41437738239765165,-1.7933626770973206,0.1857091361656785,-2.4105515599250795,-0.24971229508519172,-0.6217668771743774,-0.6424583777785301,0.2027573138475418,-0.6659047659486532,-3.6569159507751463,-0.6009345456957818,-0.17771620005369188,0.3862197993323207,-0.8375435292720794,-1.5942254543304442,0.21679552644491196,0.029421248810831434
2019-10-02 12:00:00,-14.027650070190429,-3.5112714529037476,-2.7716666698455805,2.9025290250778193,3.166650557518005,-0.037238404899835584,4.7176131248474125,-0.06953439973294735,-0.6744288086891175,-1.0335043787956237,0.582088029384613,0.33623227700591085,3.415576386451721,-0.06298957653343677,-0.22990222657099366,-1.5916043996810914,-1.1731714248657226,1.1650101602077485,-0.8844368934631348,0.3510640252381563
2019-10-02 13:00:00,-1.2291702449321746,-2.448018407821656,-2.150095558166504,1.5453555941581725,1.861384212970734,-0.023726461827754976,1.3411142230033877,-0.13334744656458497,-0.5796374559402466,-1.0635846734046934,0.48725533187389375,0.4865528270602226,2.578044092655182,-0.16385424574837087,-0.1385767199099064,-0.9323296248912811,-1.1045203961431977,-0.21460775882005695,-0.3662098720669746,0.31532593630254274
2019-10-02 14:00:00,9.60031337738037,-1.251858901977539,-0.4407747119665146,0.9421672046184539,0.46909963712096214,0.023565464280545727,-1.0974686086177825,-0.2009141452610493,-0.6322993814945221,-1.0786249279975892,0.771753466129303,0.6368733450770379,1.4613350570201877,-0.2983404699712992,-0.04725125040858983,-0.19064554506912826,-1.012985360622406,-0.39855679869651794,-0.3662098720669746,0.24384975815191864
2019-10-02 15:00:00,8.615814113616944,-1.3847655892372133,-1.0623459756374358,0.2635804247111082,-1.0972204744815826,0.11814926601946354,-3.1608848094940187,-0.2309437658637762,-0.6217668771743774,-0.9131824791431427,0.3924227118492127,0.7120336696505547,1.3682760655879975,-0.668177741765976,-0.08639074433594943,0.3450151858851313,-0.9367063939571381,0.24526488035917282,0.41113068461418145,-0.006316823139786712
2019-10-02 16:00:00,14.522804164886475,-1.251858901977539,-0.12998895989730955,0.33897884739562867,-2.228451478481293,0.21948902709409596,-2.9733013868331906,-0.2647271364927292,-0.5901697605848313,-0.777820485830307,-0.17657338380813598,0.4865528270602226,1.5543940246105195,-0.5336914673447609,0.03102774010039865,0.7982665717601777,-0.8909388422966004,0.8890864610671997,-0.8196585834026336,-0.2207453303039074
