,SHAP_TEMP_24,SHAP_OX_22,SHAP_OX_19,SHAP_OX_18,SHAP_TEMP_01,SHAP_SPM_01,SHAP_TEMP_21,SHAP_TEMP_22,SHAP_TEMP_23,SHAP_OX_03,SHAP_OX_17,SHAP_TEMP_02,SHAP_OX_01,SHAP_OX_04,SHAP_TEMP_03,SHAP_TEMP_05,SHAP_OX_16,SHAP_TEMP_06,SHAP_HUM_03,SHAP_SPM_14,SHAP_TEMP_04,SHAP_OX_20,SHAP_OX_02,SHAP_HUM_02,SHAP_SPM_17,SHAP_HUM_01,SHAP_TEMP_18,SHAP_WS_01
2019-04-06 12:00:00,1.3451417505741121,-0.9543838441371921,0.3702376142144203,0.1635397747159004,-22.84679126739502,-0.18752816915512086,0.6257299050688744,0.40940170288085936,-0.6895965605974197,0.25239202054217463,0.2840784158557653,4.650418269634247,-10.899110984802245,-0.8034415602684021,2.47353588938713,4.76722526550293,0.6697727262973785,1.015498705767095,1.0587595947086812,1.4953022241592406,5.137051749229431,0.4004621677100658,1.4885709524154664,-0.9775009915232659,-1.291544646024704,2.174990689754486,-3.806142973899841,0.8911790257319808
2019-04-06 13:00:00,1.4958322107791902,-0.8734209716320038,0.35541546419262887,0.13649163544178006,-20.941310691833493,-0.11512684803456068,0.9062333039939403,0.48773794323205955,-0.7667009130120277,-0.21303223744034766,0.2840784158557653,3.97399617433548,-5.899960374832153,-0.7536693841218949,2.193814212083817,3.9414114117622376,0.6697727262973785,0.8741966739296914,1.0587595947086812,1.4953022241592406,4.346432065963745,0.30156221240758896,0.9079483628273011,-1.0617464289069174,-1.1653025507926942,2.276985228061676,-4.1096426963806145,0.26572030596435076
2019-04-06 14:00:00,1.7972128808498382,-0.9543838441371921,0.3405933082103729,0.13649163544178006,-20.941310691833493,0.029675866127945483,1.2632379397749898,0.6313544079661371,-0.8245292007923126,-0.44574436619877816,0.2840784158557653,3.6097687602043154,-1.734002983570099,-0.45503673404455186,1.863234144449234,3.322051453590393,0.6622039556503296,0.7171943590044976,1.1908305749297141,1.3493041872978206,3.7666438937187197,0.20266232267022133,-0.25329707730561496,-1.1038691267371177,-1.1653025507926942,2.174990689754486,-4.311975312232971,-0.3597384884953499
2019-04-06 15:00:00,2.023248332738876,-1.1163093090057372,0.3405933082103729,0.13649163544178006,-19.5802490234375,0.3192812472581864,1.4672403529286389,0.814139050245285,-0.9305475652217865,-0.9111686229705811,0.135951023735106,3.6097687602043154,-1.734002983570099,-0.3057204514741898,1.685229378938675,2.8678538441658015,0.654635202884674,0.5994425263255835,1.2568660736083983,1.4953022241592406,3.081440198421478,0.10376236028969288,-1.2210016012191773,-1.0617464289069174,-1.0390605390071868,1.3590316057205198,-4.615474581718445,-1.4021697223186496
2019-04-18 16:00:00,3.530152142047882,-1.844973862171173,0.11826112344861033,-0.24218231439590454,-17.402557659149174,-0.47713357508182525,2.0537477314472197,1.1927642464637755,-1.2678791850805282,-0.9887392103672028,-0.9009405165910721,2.152859961986542,-5.066769647598266,0.0924563362263143,1.2020735800266267,1.629133141040802,0.6092224985361099,0.34823875809088356,1.3229016691446307,1.9332964956760406,1.8164480865001678,-1.3302863948047159,-0.25329707730561496,-0.5562738850712776,-1.4177865862846375,0.7470623910427093,-5.424806118011475,-1.4021697223186496
2019-04-19 11:00:00,1.947903335094452,0.17909464947879314,0.4962258905172348,0.4610693313181401,-19.035828590393063,-0.47713357508182525,0.1157234608544968,0.3441214926540852,-0.7377867445349693,1.7262354969978335,0.7778362985700369,3.7138340950012205,-11.73230209350586,-2.1970602154731753,2.1683848023414614,4.478190469741821,0.6798644512891769,0.9055970847606659,-1.1864478923380375,1.641300344467163,4.926219749450683,1.092761564254761,2.8433574438095093,-0.008678750693798098,-1.1653025507926942,0.2370880676433444,-3.4014772176742554,-0.7767110526561737
2019-04-19 12:00:00,1.6841952681541446,0.09813189711421726,0.5184590816497803,0.27173234671354296,-13.319383335113525,-0.549534858763218,0.49822832494974134,0.22661719126044771,-0.718510664999485,0.3299627099186182,0.48158158995211126,3.2455418586730955,-5.066769647598266,-1.6993391156196593,1.736087793111801,3.7762490630149843,0.6622039556503296,0.8192457754164935,-0.46005707383155825,1.3493041872978206,3.7139361023902895,1.1422115325927735,1.1014892280101776,-0.2614149199798703,-1.0390605390071868,0.543072697520256,-3.9073095321655273,-0.5682247012853623
2019-04-22 11:00:00,2.4376471042633057,0.34102010875940325,0.4591704972088337,0.29878048300743104,-14.408229541778564,0.4640840023756027,0.3452263198792934,0.3571775548160076,-0.7763389527797699,1.415952640771866,0.7778362985700369,3.3496070384979246,-11.73230209350586,-1.9979719877243043,1.888663125038147,3.4046323537826537,0.6773415535688401,0.7093442395329476,-1.4505896769464015,-1.424658977985382,3.9247677087783814,0.8949616819620132,3.8110620260238646,0.3283029422163963,0.9808119535446167,-0.782860454916954,-2.693312013149262,-0.15125219468027354
2019-04-22 12:00:00,1.834885436296463,0.017169116996228685,0.42952623032033443,0.27173234671354296,-11.958325099945066,0.24687987193465233,0.5237286195158959,0.3441214926540852,-0.7281486809253692,0.7178162306547164,0.4322058089077473,2.3609898447990414,-5.899960374832153,-1.5002507925033566,1.5580830693244934,2.9917257785797116,0.647066456079483,0.61514283567667,-0.9883412525057793,-0.256674411892891,3.134148025512695,0.8949616819620132,1.1014892280101776,0.15981217510998247,1.107054054737091,-0.17089142873883248,-2.895645201206207,0.8911790257319808
2019-04-22 14:00:00,1.608849936723709,-0.14475634945556523,0.3628265418112278,0.01477497909218072,-5.425246143341065,0.3916826218366623,0.9062333039939403,0.46162584573030474,-0.7859769552946091,-0.9111686229705811,-0.604685877263546,1.1642431110143663,5.764721345901489,-0.3554925754666329,0.8460641130805016,1.8355866193771362,0.6218371674418449,0.418889843672514,-0.32798613160848616,0.18131977841258048,1.447492206096649,0.5982619926333428,-1.6080833792686466,-0.3035376388579607,1.4857801258563996,0.3390829026699066,-3.3508943557739257,-0.9851972401142122
2019-04-22 15:00:00,1.8725579619407653,-0.4686073511838913,0.2738936603069305,-0.10694164410233498,-8.963997173309327,0.8260906994342804,1.0082346964627504,0.6313544079661371,-0.8052530363202095,-1.4541635215282438,-0.654061672091484,0.6439184475690126,-3.400385856628418,-0.007087829336524019,0.49005470499396325,1.05106360912323,0.6218371674418449,0.316838339343667,0.002191458828747242,0.18131977841258048,0.9731201976537704,0.2521122947335243,-2.962869548797607,-0.3035376388579607,0.4758437842130661,0.1350931782275438,-3.6038100481033326,-1.4021697223186496
2019-05-10 10:00:00,2.3623018026351916,-1.9259366631507873,0.3183600947260856,0.1229675866663456,-11.686113834381102,-0.7667389556765556,0.7532315343618393,0.5269060924649238,-0.9016335517168045,3.2000789403915406,0.2840784158557653,2.8292820930480955,-14.231875801086426,-2.893869781494141,1.9395218789577489,5.056259989738464,0.6596810162067414,0.9762482283636927,-0.5921280682086945,1.9332964956760406,5.137051749229431,-0.04458745121955869,5.5529303550720215,-0.6405193313956261,-1.4177865862846375,2.174990689754486,-2.4403958439826967,0.474206455796957
2019-05-10 11:00:00,2.324629175662994,-2.00689936876297,0.3331822499632835,0.13649163544178006,-9.508420276641846,-0.47713357508182525,0.7787318691611291,0.5530181378126144,-0.8534432202577591,1.415952640771866,0.08657524436712265,1.840665239095688,-5.066769647598266,-2.645009076595306,1.3037906885147093,3.9414114117622376,0.654635202884674,0.9291474232450128,0.5304754942655563,1.9332964956760406,3.2395638942718508,-0.04458745121955869,1.682111954689026,-1.0617464289069174,-1.4177865862846375,2.3789799213409424,-2.5921456098556517,0.0572339855134487
2019-05-10 12:00:00,2.1362662315368652,-1.683048391342163,0.3405933082103729,0.08239536490291358,-4.880822038650513,-0.33233088031411173,0.8042321041226387,0.5660742908716203,-0.8727193623781204,-0.13546152915805582,-0.012176365777850173,1.4244053632020948,0.7655719280242921,-1.5002507925033566,0.8206349149346351,2.4549470067024233,0.6268829971551895,0.7171943590044976,1.1908305749297141,1.3493041872978206,1.9218641698360444,0.05431242287158964,-0.44683798402547836,-1.1459917336702345,-1.670270812511444,2.3789799213409424,-3.047394561767578,0.26572030596435076
2019-05-10 13:00:00,2.2116114437580108,-1.683048391342163,0.31094904839992515,0.05534722674638032,-5.697457504272461,-0.33233088031411173,0.7787318691611291,0.5791302651166916,-0.8823574215173722,-0.9887392103672028,-0.5553100392222404,0.5398535586893558,8.264296674728394,-0.5048088392242789,0.6172009371221066,1.4226797759532928,0.5940849626436829,0.4345900766551495,1.3229016691446307,1.7872985303401947,0.9204120516777039,0.10376236028969288,-1.8016242146492005,-1.1459917336702345,-1.4177865862846375,2.7869597196578972,-3.755559802055359,-0.15125219468027354
2019-05-10 14:00:00,2.2492839813232424,-1.5211229383945466,0.29612689316272733,-0.09341753199696542,-4.064187598228455,-0.18752816915512086,0.8552328556776047,0.5660742908716203,-0.8919955193996429,-1.5317343115806583,-1.1971953511238096,0.6959509684471413,9.930679321289062,0.04268422359600663,0.18490372523665427,0.6381567537784576,0.5915620103478432,0.23833716958761214,1.3229016691446307,1.641300344467163,0.49874817822128537,-0.09403740242123604,-3.5434924602508544,-1.3144826963543894,-1.4177865862846375,2.684964740276336,-4.362558722496033,-0.9851972401142122
2019-05-10 15:00:00,2.2869565725326537,-1.4401601910591124,0.21460506618022918,-0.26923047080636026,-7.058515548706055,-0.18752816915512086,1.0847356656799092,0.6052422389388085,-0.8823574215173722,-2.229870581626892,-1.2465710282325744,0.3837561113759875,5.764721345901489,0.3910889785736798,0.26119150281883774,0.3078312689438462,0.5865162175148726,0.08918499127030373,1.5870435625314712,1.641300344467163,-0.3972877681255341,-0.19293733015656472,-3.930574083328247,-1.2723598778247833,-0.9128185272216797,1.869005846977234,-4.4131420135498045,-1.6106559991836549
2019-05-10 16:00:00,2.2492839813232424,-1.764011061191559,0.11826112344861033,-0.28275454267859457,-8.147362470626831,-0.04272549105808138,1.4417403154075146,0.7227466106414795,-0.9112715631723404,-2.385011947154999,-1.3453227579593654,0.9561132401227951,6.597912549972534,0.8390379036776722,0.10861599184572698,-0.39411044567823417,0.5940849626436829,0.026383967697620386,1.521008166670799,1.9332964956760406,-0.2391637682914733,-0.7368869468569755,-2.962869548797607,-0.9353782042860985,-1.291544646024704,2.174990689754486,-4.514308381080628,-2.2361145615577707
2019-05-10 17:00:00,2.3623018026351916,-1.9259366631507873,0.11085008978843688,-0.3098027348518372,-10.325055789947509,-0.04272549105808138,1.7477439932525158,0.9055313736200334,-0.9980139285326004,-1.9971583962440491,-1.1971953511238096,1.1642431110143663,14.096637725830078,0.9385820552706718,0.38833773955702783,-0.2702383728697896,0.5940849626436829,-0.10706792706623673,0.9927241072058678,1.9332964956760406,-0.5554117266088723,-1.3797362999990581,-3.156410431861878,-1.0617464289069174,-1.1653025507926942,1.767011082172394,-4.362558722496033,-0.7767110526561737
2019-05-10 18:00:00,2.7013553857803343,-2.8165266156196593,0.09602791890501976,-0.26923047080636026,-14.68044204711914,-0.18752816915512086,1.7732442788779732,1.06220390945673,-1.1329463720321655,-2.0747292995452877,-1.1971953511238096,1.580502909421921,13.263445091247558,0.6897216103971004,0.49005470499396325,-0.5179824698716402,0.5915620103478432,-0.08351761261001227,1.1908305749297141,2.0792944252491,0.02437615618109703,-1.4291862938553097,-4.8982789516448975,-0.8932555347681046,-1.1653025507926942,1.1550417900085448,-4.817807412147522,-0.7767110526561737
2019-05-10 19:00:00,3.2287714004516603,-3.8690425395965575,0.11826112344861033,-0.26923047080636026,-18.491405391693114,-0.33233088031411173,1.8242448098957538,1.0752597257494927,-1.2486029386520385,-2.772865557670593,-1.2465710282325744,2.413022464513779,8.264296674728394,0.7394936148077249,0.6934886611998081,-0.0637849251739681,0.5764244943857193,-0.13061839584261178,0.9266885776072741,2.2252926588058477,0.23520817384123793,-1.5280862100422383,-4.704738068580626,-0.6405193313956261,-1.4177865862846375,0.44107780754566195,-5.323639822006227,-0.7767110526561737
2019-05-11 09:00:00,1.043761059641838,0.7458338111639022,0.5851587586104869,0.5963100507855416,-18.491405391693114,-0.04272549105808138,-0.5982855290174485,-0.17812014203518628,-0.49683571932837367,2.5795132160186767,2.4072374165058137,4.13009386062622,-20.06421566009521,-2.396148657798767,2.3972484052181247,4.065283572673797,0.7757356271147728,0.7642949290573597,-0.9223056688904763,1.057308131456375,4.978927946090698,1.9828608155250549,6.327093935012817,-0.05080142775550485,0.09711770671419798,0.8490572869777679,-0.16415075473487378,0.6826927393674851
2019-05-11 10:00:00,0.7423803329467773,1.4744986712932586,0.5925697981845588,0.7180266827344896,-13.86380729675293,0.24687987193465233,-0.751287505030632,-0.1389519894495606,-0.3329890245571732,1.7262354969978335,2.3578613400459285,3.1414767622947695,-2.56719434261322,-2.246832323074341,1.9395218789577489,3.817539727687836,0.7605982035398484,0.7407446175813674,-0.39402160942554476,0.9113100677728653,4.188307881355286,1.7356109142303466,3.036898303031921,-0.5141511633992195,-0.15536637380719187,1.0530469596385956,-0.5688165225088596,0.8911790257319808
2019-05-11 11:00:00,0.101946235075593,1.6364240229129792,0.6592694789171218,0.704502560943365,-9.508420276641846,0.10207719739992172,-0.47078391034156086,-0.21728823706507683,-0.36190317654982207,0.4075333833694457,2.0616068243980408,2.256924951076508,9.097487640380859,-1.6993391156196593,1.456366074085236,3.198179292678833,0.7404146425426006,0.6936438992619515,0.33236898407340043,0.6193138957023621,3.2395638942718508,1.7850611448287972,-1.0274607300758363,-0.5983965873718262,-0.40785042345523836,1.1550417900085448,-1.3781481742858888,0.474206455796957
2019-05-11 12:00:00,0.21496396772563459,1.2316101789474487,0.6518584124743938,0.623358179628849,-6.241880655288696,0.10207719739992172,-0.36878258287906646,-0.07367179766297338,-0.3040749214589596,-1.2214514791965485,1.6666005223989486,1.4244053632020948,16.596211910247803,-0.8532136768102646,1.0240688771009445,2.4549470067024233,0.735368762165308,0.5758920671418309,0.46443999037146566,0.3273178212344646,2.2381121098995207,2.2301104426383977,-3.737033176422119,-0.6405193313956261,-0.6603344917297364,1.869005846977234,-2.0863134264945984,-0.3597384884953499
2019-05-11 13:00:00,-0.011071500182151816,1.3125730216503144,0.60739203132689,0.5151656024158002,-4.608611011505127,-0.11512684803456068,-0.16478012427687644,-0.021447659283876413,-0.41009338926523925,-2.3074414372444148,1.56784892976284,0.8000158585608006,18.26259651184082,0.19200055729597804,0.6172009371221066,1.6704239904880525,0.7202312353998424,0.4345900766551495,0.5304754942655563,0.9113100677728653,1.3420761346817016,2.180660676956177,-5.478901386260986,-0.9353782042860985,-0.5340924739837647,1.869005846977234,-2.4403958439826967,-0.5682247012853623
2019-05-11 14:00:00,0.4033269450068474,2.041237533092499,0.5481034547090531,0.48811749294400214,-2.1587061285972595,0.10207719739992172,0.24322505649179224,0.08300068452954293,-0.4486455261707306,-3.0055777192115785,1.2715942606329915,0.48782102540135386,15.763021755218507,0.8888100396841765,0.3120500080287457,0.9684822380542755,0.7050937250256538,0.2854378208518028,0.9927241072058678,0.7653120547533036,0.49874817822128537,1.8839608669281005,-5.8659836769104015,-0.9353782042860985,-0.2816084071993828,2.4809749484062196,-2.8450618028640746,-1.4021697223186496
2019-05-17 14:00:00,0.7800529330968857,-0.7114955425262451,0.236838348954916,-0.02579719517379996,-8.691785287857055,-0.983943036198616,0.3452263198792934,0.21356109902262688,-0.5257498703896999,0.4851041156798601,-0.3578068746253848,1.2162754893302918,-8.399536037445069,-1.0025298953056336,0.9477811604738235,1.5465517342090607,0.6268829971551895,0.2618875280022621,-0.06384406685829161,1.641300344467163,1.0785361379384995,-0.24238732010126113,1.682111954689026,-0.4720284670591354,-1.9227548360824585,0.3390829026699066,-2.8450618028640746,-1.6106559991836549
2019-05-23 12:00:00,1.2321240425109863,-0.2257190995849669,0.4814037442207336,0.10944350224453954,-7.058515548706055,-0.49929722398519516,-0.06277875341475012,0.05688861273229122,-0.5643020102754235,-0.3681736785219981,-0.5059342592954635,1.4764378905296325,-5.066769647598266,-1.5500230193138123,0.7952055230736732,1.8768771886825562,0.6294059962034225,0.48954093917272995,0.7946175654564286,1.683014154434204,1.3420761346817016,0.8949616819620132,0.13378471825271845,-0.8511328041553498,-1.3173082709312438,1.4610263347625732,-2.1368966817855837,0.474206455796957
2019-05-23 13:00:00,1.0060884654521942,-0.06379361096769572,0.3257711470127106,-0.07989347130060195,-5.425246143341065,-0.47713357508182525,0.09022316858172416,0.13522483706474306,-0.5064737481996417,-0.756027215719223,-0.5059342592954635,0.9561132401227951,-2.56719434261322,-0.3554925754666329,0.6426301248371601,0.9684822380542755,0.6142684429883957,0.32468845956027514,0.8606530736200512,1.6383206248283386,0.8677041679620743,1.0433116376399993,-0.44683798402547836,-0.7668874263763428,-1.2786626994609833,1.6650161385536193,-2.693312013149262,0.26572030596435076
2019-05-23 14:00:00,0.7800529330968857,-0.14475634945556523,0.22201612442731858,-0.07989347130060195,-3.2475526571273803,-0.40473221987485886,0.3197260290384292,0.21356109902262688,-0.5643020102754235,-0.9887392103672028,-0.8021890714764595,0.6439184475690126,3.265146803855896,-0.10663206800818444,0.38833773955702783,0.5968660652637482,0.5991308146622032,0.15198593448731118,0.7285820212215185,1.593627429008484,0.5514561291784048,0.00486246955697423,-1.0274607300758363,-0.8511328041553498,-1.24001727104187,1.5630213499069217,-2.996811354160309,0.26572030596435076
2019-05-23 15:00:00,1.0060884654521942,0.09813189711421726,0.22201612442731858,-0.16103790067136287,-4.064187598228455,-0.2599295371212066,0.6257299050688744,0.3310653887689114,-0.6221302658319473,-1.2214514791965485,-1.0984436184167863,0.22765873186290264,8.264296674728394,0.04268422359600663,0.23576221810653805,0.3491219118237496,0.581470374017954,0.08133484199643137,0.8606530736200512,1.54893439412117,0.02437615618109703,-0.6874369084835052,-2.3822469472885133,-0.8090101614594459,-1.2013718724250793,1.4610263347625732,-3.300310730934143,-2.0276287317276003
2019-05-23 16:00:00,1.2321240425109863,-1.6020855426788334,0.17754970085807142,-0.24218231439590454,-5.425246143341065,-0.33233088031411173,0.9062333039939403,0.48773794323205955,-0.7088727086782456,-1.7644463419914245,-1.4440742909908293,0.3837561113759875,12.430254077911377,0.19200055729597804,0.032328253611922236,-0.0637849251739681,0.580208970606327,0.0342341348528862,0.7946175654564286,1.5042409121990203,-0.2918719425797463,-0.6874369084835052,-3.5434924602508544,-0.7668874263763428,-1.1627261102199555,1.2570366203784942,-3.6038100481033326,-0.15125219468027354
2019-05-24 10:00:00,0.7800529330968857,0.42198282927274705,0.6444473832845687,0.6368822447955609,-8.691785287857055,-0.40473221987485886,-0.8277883619070053,-0.1520080590620637,-0.41009338926523925,2.269230329990387,1.4690972864627843,2.100827497243881,-18.397835350036623,-2.396148657798767,1.5580830693244934,3.322051453590393,0.7126625329256058,0.6543933585286141,-0.5260925695300103,1.2033062577247622,3.292271912097931,1.8839608669281005,5.165848255157471,-0.17716953307390212,-1.0390605390071868,0.6450675040483475,-0.21473396504297854,1.099665388464928
2019-05-24 11:00:00,0.4033269450068474,0.9887220144271851,0.6148030910640955,0.4610693313181401,-2.4309176445007328,-0.40473221987485886,-0.751287505030632,-0.25645637763664125,-0.35226513091474765,1.260811221599579,1.1234668761491773,1.2683080971240999,-4.23357801437378,-2.0477438330650326,0.9477811604738235,2.496237587928772,0.69752496778965,0.5994425263255835,-0.1959150834009051,0.6193138957023621,2.4489439368247994,2.131210684776306,2.6498164653778082,-0.4299057811498642,-0.9128185272216797,0.9510520994663239,-0.9734823048114777,-0.5682247012853623
2019-05-24 12:00:00,0.17729140128940346,1.4744986712932586,0.5184590816497803,0.3664008617401123,1.1078338742256164,-0.47713357508182525,-0.6237858414649964,-0.21728823706507683,-0.2751607846468687,0.25239202054217463,0.8272121131420136,0.07156128762289879,4.931529998779298,-1.400706911087036,0.5409132208675146,1.8355866193771362,0.6924791008234025,0.44244015887379645,0.2002979638054967,0.9113100677728653,1.1839521080255508,1.9334109425544739,-0.6403788626194,-0.5562738850712776,-0.786576509475708,2.276985228061676,-1.8333972573280335,0.26572030596435076
2019-05-24 13:00:00,-0.1240893367677927,1.8793120980262756,0.4665815830230713,0.28525643721222876,1.6522571682929992,-0.549534858763218,-0.34328231737017634,-0.1520080590620637,-0.3040749214589596,-1.06630996465683,0.728460516408086,-0.6048608362674713,4.09833824634552,-0.7536693841218949,-0.04395947288721801,0.8446101486682892,0.6874332338571549,0.316838339343667,0.3984044715762138,0.9113100677728653,0.3406241893768311,1.2905614078044891,-2.76932864189148,-1.1038691267371177,-0.786576509475708,2.7869597196578972,-2.2886463403701782,-1.4021697223186496
2019-05-24 14:00:00,-0.011071500182151816,1.5554612398147585,0.42211515083909035,0.25820826813578607,1.9244686365127563,-0.33233088031411173,0.039222524501383346,-0.008391576260328291,-0.35226513091474765,-1.9195875525474548,0.629708912735805,-0.7089257776737212,7.431104230880737,0.0924563362263143,-0.374539715051651,0.1839591760654002,0.6748185604810715,0.12843550108373164,1.2568660736083983,0.18131977841258048,-0.8716598063707351,0.9444117069244384,-2.575787878036499,-1.3144826963543894,-0.2816084071993828,1.0530469596385956,-2.389812779426575,0.26572030596435076
2019-05-24 15:00:00,0.17729140128940346,0.5029455959796906,0.4072930005961098,0.23116015531122686,0.8356218233704567,0.029675866127945483,0.4727279059588909,0.18744902480393652,-0.4582835741341114,-1.8420172095298768,0.3828299835324288,-0.7609581828117371,13.263445091247558,0.6399494566023349,-0.42539815455675123,-0.7657266385853291,0.647066456079483,0.002833624184131625,1.5870435625314712,0.4733158886432648,-1.5568640232086182,0.6477119520306588,-3.3499515056610107,-0.5983965873718262,-0.5340924739837647,1.1550417900085448,-2.5921456098556517,-1.193683445453644
2019-05-24 16:00:00,0.591689932346344,-0.06379361096769572,0.39247085526585584,0.1635397747159004,-1.3420711159706114,0.029675866127945483,0.7022308155894279,0.40940170288085936,-0.6028542138636113,-2.152299928665161,-0.16030372981913385,-0.5528283908963203,19.09578800201416,0.5901773735880852,-0.4508274167776108,-1.3025056093931195,0.6218371674418449,-0.1777189992368221,0.46443999037146566,0.03532171696424481,-1.6622799217700959,0.5488120280206205,-4.704738068580626,-0.6405193313956261,-0.5340924739837647,1.4610263347625732,-2.693312013149262,-1.8191422402858735
2019-05-24 17:00:00,1.1567787855863574,-0.5495700389146805,0.35541546419262887,0.01477497909218072,-2.975341176986695,-0.18752816915512086,0.7532315343618393,0.5269060924649238,-0.7667009130120277,-2.695294773578644,-0.654061672091484,-0.13656858801841731,9.097487640380859,0.7892657309770584,-0.3491105124354363,-1.3850868374109269,0.6142684429883957,-0.2797705508768559,0.5304754942655563,0.6193138957023621,-1.7149875998497008,0.4499121023342013,-6.059524202346802,-0.7668874263763428,0.09711770671419798,1.5630213499069217,-2.8450618028640746,-1.4021697223186496
2019-05-25 08:00:00,1.2321240425109863,0.2600573569536209,0.5999808883294463,0.704502560943365,-12.23053712844849,-0.11512684803456068,-1.235793399810791,-0.295624515786767,-0.4679216153919697,2.8897960901260378,2.703491967916489,3.6618017673492433,-30.895707130432122,-2.1970602154731753,2.244672763347626,3.1568885803222657,0.7631209522485733,0.5837422778829933,-1.9128384988754987,0.7653120547533036,4.451848244667053,1.6367111563682557,8.26250319480896,0.5810392893850803,0.22335974499583244,-0.5788708552718163,1.505095425248146,0.8911790257319808
2019-05-25 09:00:00,0.6293625414371491,1.1506475567817689,0.6518584124743938,0.7991710387170314,-4.608611011505127,-0.33233088031411173,-1.2867940962314608,-0.46535301953554153,-0.24624669468030325,2.501942205429077,2.1109826922416692,1.9447301268577575,-13.398684310913087,-2.4459207415580755,1.7106585144996642,3.4046323537826537,0.755552189797163,0.5680420796386898,-1.3845543064177037,0.3273178212344646,3.872059786319732,1.834510862827301,5.5529303550720215,0.07556672617793081,-0.15536637380719187,0.6450675040483475,1.1004299357533456,0.8911790257319808
2019-05-25 10:00:00,-0.2371070901863277,1.069684809446335,0.7037359401583672,0.6368822447955609,0.29119876995682714,-0.18752816915512086,-1.3122945725917816,-0.49146512001752873,-0.12095212042331696,1.415952640771866,1.962855264544487,0.48782102540135386,1.5987634420394892,-2.1970602154731753,0.8714934095740319,2.950435161590576,0.7429375551640988,0.61514283567667,-0.5921280682086945,-0.256674411892891,2.76519193649292,2.180660676956177,1.4885709524154664,-0.4299057811498642,-0.40785042345523836,0.7470623910427093,0.796930543333292,0.474206455796957
2019-05-25 11:00:00,-0.7268508732318878,1.3935357511043551,0.6148030910640955,0.5963100507855416,4.10216155052185,0.17447853460907933,-1.210293126106262,-0.5045211687684059,-0.10167606696486473,-0.21303223744034766,1.7159763157367707,-0.44876340627670286,8.264296674728394,-1.5002507925033566,0.15947450334206223,2.0833306550979613,0.7177084065973757,0.5287915186956524,0.2002979638054967,-0.5486705064773559,1.0258281737565995,2.5268102645874024,-1.9951652050018307,-0.4720284670591354,-0.40785042345523836,1.4610263347625732,0.4934311309363693,-0.3597384884953499
2019-05-25 12:00:00,-0.8021960347890854,1.9602749943733215,0.5925697981845588,0.5286896675825118,8.18533673286438,-0.11512684803456068,-1.0062905848026276,-0.45229689702391623,-0.09203799813985827,-1.6093050360679624,1.2222184866666792,-1.177217847108841,9.930679321289062,-0.45503673404455186,-0.29825195074081423,0.7207380801439285,0.6874332338571549,0.3639390382915736,0.2663334826531355,-0.256674411892891,-0.4499957989901304,1.9334109425544739,-3.5434924602508544,-0.7668874263763428,-0.029124321183189722,2.3789799213409424,-0.26531723476946356,-1.8191422402858735
2019-05-25 13:00:00,-0.8398684382438659,2.5270141124725343,0.5555144742131233,0.393448995053768,8.457548093795776,-0.11512684803456068,-0.8532887488603592,-0.347848616540432,-0.13059015721082687,-2.229870581626892,0.629708912735805,-1.957705122232437,15.763021755218507,0.44086112827062607,-0.6542614132165909,-0.43540109395980836,0.6773415535688401,0.10488513335585595,0.7285820212215185,0.3273178212344646,-1.3987399518489838,1.7850611448287972,-3.930574083328247,-1.1459917336702345,0.4758437842130661,1.869005846977234,-0.4676500886678695,-0.5682247012853623
2019-05-25 14:00:00,-0.6891781747341156,1.5554612398147585,0.4814037442207336,0.23116015531122686,5.735431051254273,-0.04272549105808138,-0.7002868264913559,-0.26951235125306994,-0.20769447423517703,-2.385011947154999,0.4322058089077473,-2.009737646579742,12.430254077911377,0.8390379036776722,-1.0357000827789307,-1.1786334812641144,0.667249807715416,-0.11491804004181176,1.3229016691446307,-0.5486705064773559,-2.1366516351699834,1.5378111362457274,-5.285360670089721,-0.9353782042860985,0.7283278644084931,1.869005846977234,-1.2769817233085634,-3.2785462021827696
2019-05-25 15:00:00,-0.3877974055707455,1.3125730216503144,0.39247085526585584,0.1770638518850319,4.10216155052185,0.029675866127945483,-0.3177819967269897,-0.19117611423134803,-0.2655227206647396,-2.9280069708824152,0.2347026113420725,-1.4894127428531645,8.264296674728394,0.9385820552706718,-1.061129283905029,-1.7567029029130936,0.6420205444097519,-0.25622016265988357,0.9927241072058678,-0.256674411892891,-2.927271783351898,1.0433116376399993,-4.51119749546051,-0.9353782042860985,0.4758437842130661,1.3590316057205198,-1.934563672542572,-0.7767110526561737
2019-05-25 16:00:00,-0.16176187619566917,0.9077593088150024,0.3628265418112278,0.1229675866663456,0.29119876995682714,0.17447853460907933,-0.2157807160168886,0.004664446203969416,-0.323351020552218,-2.6177240610122676,-0.25905527472496037,-1.177217847108841,8.264296674728394,1.2869868218898775,-0.8068369150161743,-2.376063370704651,0.6218371674418449,-0.3661218896508217,0.9927241072058678,-0.256674411892891,-2.979980123043061,0.4499121023342013,-3.5434924602508544,-0.7247646987438202,-0.029124321183189722,0.9510520994663239,-2.4403958439826967,-2.444601225852966
2019-05-25 17:00:00,0.06427360996603966,0.09813189711421726,0.3331822499632835,-0.012273117527365662,-1.6142829298973083,0.10207719739992172,0.19222441166639329,0.05688861273229122,-0.4679216153919697,-2.229870581626892,-0.654061672091484,-0.44876340627670286,7.431104230880737,1.0878984406590462,-0.6542614132165909,-2.417354053258896,0.6117454707622529,-0.4838737234473228,0.6625465666875243,0.18131977841258048,-2.452899700403213,0.2521122947335243,-3.5434924602508544,-0.5562738850712776,0.7283278644084931,0.9510520994663239,-2.8450618028640746,-1.4021697223186496
2019-05-25 18:00:00,0.6293625414371491,-0.8734209716320038,0.2590715229511261,-0.12046566680073738,-4.064187598228455,0.17447853460907933,0.5237286195158959,0.2657852401956916,-0.5064737481996417,-2.229870581626892,-0.8515647679567337,-0.08453605361282826,5.764721345901489,0.8390379036776722,-0.29825195074081423,-2.0044470489025117,0.6066996246576309,-0.4917235031723976,0.3984044715762138,0.3273178212344646,-2.1366516351699834,0.05431242287158964,-3.3499515056610107,-0.5562738850712776,0.4758437842130661,-0.06889652926474811,-3.452060413360596,-1.6106559991836549
2019-05-25 19:00:00,0.7800529330968857,-1.1972719073295592,0.19978290563449264,-0.17456196807324886,-8.147362470626831,0.3916826218366623,0.7787318691611291,0.4355138272047043,-0.6606824234127998,-2.152299928665161,-0.9503162980079651,0.3837561113759875,3.265146803855896,0.8390379036776722,-0.12024723440408706,-1.7567029029130936,0.5991308146622032,-0.41322248578071596,0.3984044715762138,0.03532171696424481,-1.3987399518489838,-0.4401871502399445,-2.962869548797607,-0.1350468836724758,0.4758437842130661,-0.782860454916954,-3.5532272100448608,-1.193683445453644
2019-05-25 20:00:00,1.3828143656253817,-1.5211229383945466,0.17013867804780608,-0.20161012895405292,-13.047172546386719,0.8984920859336853,0.9827342968434095,0.5660742908716203,-0.7859769552946091,-1.9971583962440491,-1.0984436184167863,1.1642431110143663,-0.9008113488554954,0.7892657309770584,0.10861599184572698,-1.1786334812641144,0.6066996246576309,-0.3661218896508217,-0.26195057705044744,0.18131977841258048,-1.02978375852108,-0.8357867853716016,-2.3822469472885133,0.15981217510998247,0.09711770671419798,-2.0067987024784086,-4.008476066589355,-0.5682247012853623
2019-05-26 08:00:00,0.06427360996603966,1.4744986712932586,0.6444473832845687,0.623358179628849,-8.147362470626831,0.3192812472581864,-1.898801815509796,-0.6089694373309612,-0.14986622594296928,3.2000789403915406,2.0616068243980408,2.100827497243881,-26.729748916625976,-2.296604609489441,1.914092463254929,2.5375283718109123,0.7580752365291119,0.44244015887379645,-2.2430158756673335,-0.694668534398079,3.819351887702942,2.32901064157486,7.875420761108399,0.3283029422163963,0.4758437842130661,-0.6808656722307206,2.1120942950248716,0.6826927393674851
2019-05-26 09:00:00,-0.6138331055641174,1.6364240229129792,0.60739203132689,0.623358179628849,-0.7976475715637207,0.10207719739992172,-1.924302244186401,-0.8048101484775543,-0.014933661231771058,2.346801161766052,2.0122311115264893,1.1642431110143663,-16.731451129913328,-2.645009076595306,0.9477811604738235,2.9091444849967956,0.7530293460935354,0.4502903565764426,-0.9883412525057793,-1.7166550159454346,3.186855900287628,2.131210684776306,4.585225319862365,0.11768940947949887,0.3496018156409264,0.1350931782275438,1.4039292097091676,0.0572339855134487
2019-05-26 10:00:00,-1.1412492930889129,2.2031633615493775,0.60739203132689,0.6098341122269632,3.013315665721893,0.17447853460907933,-1.6692990243434906,-0.8178663898259402,0.12963693635538223,1.0280990213155747,1.9134794533252717,-0.24063351191580296,-0.9008113488554954,-2.097516393661499,0.49005470499396325,2.413656032085419,0.7454605706967413,0.5209413219243288,-0.6581636607646942,-2.3006472826004023,1.1839521080255508,1.8839608669281005,2.262734687328339,-0.2192922543734312,0.4758437842130661,0.7470623910427093,1.0498468048870562,-0.15125219468027354
2019-05-26 11:00:00,-1.7063382685184478,1.8793120980262756,0.5999808883294463,0.5827859468758106,7.096489572525025,0.17447853460907933,-1.51629695892334,-0.6873056706041097,0.13927504904568194,0.09725060425698759,1.7653521567583084,-0.9690879285335541,11.597062873840331,-1.2513905107975005,-0.19653500346466896,0.8446101486682892,0.7328459218144416,0.42673992440104486,-0.12987962765619157,-3.3226338028907776,0.23520817384123793,1.8839608669281005,-1.414542603492737,-0.4720284670591354,0.8545698791742324,1.3590316057205198,0.5945977762341499,-0.3597384884953499
2019-05-26 12:00:00,-1.744010579586029,1.4744986712932586,0.5851587586104869,0.5422137439250945,10.907454013824465,0.3916826218366623,-1.1592926621437072,-0.6089694373309612,0.042894614022225164,-1.376592946052551,1.5184732109308245,-1.7495751082897186,15.763021755218507,-0.6541251763701439,-0.5525444239377976,0.10137785673141479,0.7328459218144416,0.12843550108373164,0.2663334826531355,-3.030637693405151,-1.1879077315330506,1.834510862827301,-4.317656159400939,-0.7247646987438202,1.7382642030715942,1.869005846977234,-0.16415075473487378,-0.7767110526561737
2019-05-26 13:00:00,-1.3672847867012023,1.4744986712932586,0.5629254888743163,0.47459340319037435,10.635241889953614,0.24687987193465233,-0.9807903647422791,-0.42618494257330897,-0.014933661231771058,-2.5401532292366027,1.5184732109308245,-2.4780300259590153,12.430254077911377,0.2915447464212774,-0.9339831054210663,-1.013470683991909,0.7303229961544275,-0.012866577878594392,0.6625465666875243,-3.030637693405151,-1.9258195757865906,1.7356109142303466,-5.285360670089721,-0.9353782042860985,2.243232309818268,1.767011082172394,-1.0746487915515899,-2.0276287317276003
2019-05-26 14:00:00,-1.1412492930889129,1.3935357511043551,0.5258702233433724,0.47459340319037435,9.001971101760864,0.3916826218366623,-0.751287505030632,-0.3347926571965218,-0.14986622594296928,-2.9280069708824152,1.4690972864627843,-2.4259971618652343,14.096637725830078,1.0381263524293898,-1.2899925768375395,-1.5915403217077253,0.7151854321360588,-0.2248197264299961,0.9927241072058678,-1.132662796974182,-2.716439533233643,1.587261152267456,-4.51119749546051,-0.8932555347681046,3.1269264936447145,1.5630213499069217,-1.3781481742858888,-1.193683445453644
2019-05-26 15:00:00,-0.6138331055641174,1.2316101789474487,0.5258702233433724,0.4610693313181401,7.640913486480713,0.3192812472581864,-0.36878258287906646,-0.21728823706507683,-0.21733255498111248,-2.6177240610122676,1.1728426456451415,-2.113802325725556,15.763021755218507,1.2869868218898775,-1.2645633399486542,-2.210900419950485,0.6924791008234025,-0.33472130969166763,0.9266885776072741,-1.8626530587673187,-3.4543519735336305,1.3400113224983214,-4.8982789516448975,-0.8090101614594459,2.8744424104690545,1.4610263347625732,-1.6816475510597229,-0.9851972401142122
2019-05-26 16:00:00,-0.3501248974353075,0.9887220144271851,0.5184590816497803,0.37992488592863083,3.5577386140823366,0.6812879711389541,0.09022316858172416,-0.021447659283876413,-0.3040749214589596,-2.772865557670593,0.728460516408086,-1.8536399900913239,10.763870716094972,1.0878984406590462,-1.1119877576828001,-2.7889703094959257,0.6495893746614456,-0.4524731427431107,0.7946175654564286,-1.424658977985382,-3.4016436457633974,1.3400113224983214,-5.285360670089721,-0.7668874263763428,2.8744424104690545,0.44107780754566195,-1.9851469039916996,-0.9851972401142122
2019-05-27 09:00:00,-0.9905589342117309,2.2031633615493775,0.6740916021168232,0.6639304146170616,0.8356218233704567,-0.11512684803456068,-2.128304672241211,-0.9353704666718841,0.09108478873968126,3.277649664878846,1.864103651046753,0.6959509684471413,-30.062517356872565,-2.893869781494141,0.7697764798998834,2.3310747385025024,0.735368762165308,0.37963924854993825,-1.120412289351225,-3.1766352772712705,2.7124840140342714,2.2301104426383977,5.746470928192139,-0.2192922543734312,1.9907480239868165,0.8490572869777679,2.0109277963638306,0.0572339855134487
2019-05-27 10:00:00,-1.5556478261947633,1.8793120980262756,0.6296251833438874,0.5692619137465954,5.19100844860077,0.3192812472581864,-1.9753028810024262,-0.9223143981769681,0.2260173531249165,1.4935232937335967,1.56784892976284,-0.5528283908963203,-8.399536037445069,-2.6947813630104065,0.26119150281883774,2.0420400619506838,0.7050937250256538,0.4110398031771183,-0.12987962765619157,-4.052624189853669,0.8149961233139038,2.32901064157486,5.359389686584473,-0.5141511633992195,2.748200249671936,0.44107780754566195,1.1004299357533456,0.26572030596435076
2019-05-27 11:00:00,-2.0830639362335206,2.041237533092499,0.5777476692572237,0.48811749294400214,8.729759120941162,0.6088865891098976,-1.8478014886379241,-0.8439780604094267,0.21637932751327754,1.3383818686008455,0.9753395408391953,-1.3853479087352751,15.763021755218507,-1.5500230193138123,-0.3491105124354363,0.5555753648281098,0.6874332338571549,0.35608891770243645,0.33236898407340043,-3.906625759601593,-0.2391637682914733,2.0323107957839968,0.327325651794672,-0.3456603556871414,2.748200249671936,1.0530469596385956,0.6957641445100308,-0.3597384884953499
2019-05-27 12:00:00,-2.0453914999961853,2.2031633615493775,0.5332812823355197,0.32582863420248026,12.268510913848877,0.5364853054285049,-1.4652964174747467,-0.778697970137,0.1585510774049908,-0.6784565031528473,0.629708912735805,-2.061769938468933,23.26174583435058,-1.4504787921905518,-0.755978274345398,-0.2702383728697896,0.6722957015037536,0.07348478734493255,0.0682269380893558,-3.906625759601593,-1.5041557282209395,1.6861610293388367,-5.285360670089721,-0.5983965873718262,3.000684154033661,1.3590316057205198,0.03818207290023566,-0.7767110526561737
2019-05-27 13:00:00,-1.819355809688568,1.7173865377902984,0.44434837698936464,0.23116015531122686,11.724089431762696,0.5364853054285049,-1.0062905848026276,-0.5828573562204837,0.11036085616797212,-2.9280069708824152,0.33345422297716143,-2.738191914558411,11.597062873840331,-0.15640413835644723,-1.086558574438095,-1.2612147599458694,0.6571581721305847,-0.08351761261001227,0.46443999037146566,-3.614629805088044,-2.3474835574626924,1.3894613087177277,-7.027228689193725,-0.7247646987438202,3.7581363916397095,1.0530469596385956,-0.6193997949361801,-1.8191422402858735
2019-05-27 14:00:00,-1.6309930503368377,1.1506475567817689,0.39247085526585584,0.15001571662724014,7.640913486480713,0.8984920859336853,-0.8022879451513291,-0.347848616540432,-0.03420973420143128,-3.626143527030945,0.037199451262131304,-2.6341269493103026,14.096637725830078,1.2869868218898775,-1.4171388387680053,-1.9218655824661255,0.6394976854324341,-0.2719203643500805,0.6625465666875243,-2.154649257659912,-3.0326881170272824,0.7960618138313293,-4.317656159400939,-0.5983965873718262,3.631894612312317,0.7470623910427093,-0.7205662965774537,-3.0700597763061523
2019-05-27 15:00:00,-1.065904152393341,0.6648711055517198,0.34800440892577167,0.06887129358947275,4.918796730041504,1.3329002588987353,-0.47078391034156086,-0.24340030215680594,-0.20769447423517703,-2.5401532292366027,-0.3084311082959175,-1.8536399900913239,9.097487640380859,1.7349358201026917,-1.3662802934646605,-2.4586446881294246,0.6167912915349006,-0.39752228409051893,0.46443999037146566,-2.0086511373519897,-3.7178918361663817,0.4499121023342013,-4.8982789516448975,-0.4720284670591354,3.631894612312317,0.543072697520256,-1.1758153021335602,-3.0700597763061523
2019-05-27 16:00:00,-0.3877974055707455,-0.30668180137872697,0.3035379946231843,-0.02579719517379996,5.19100844860077,1.2604986995458605,-0.13927970901131628,-0.07367179766297338,-0.28479882068932055,-2.772865557670593,-0.7528131663799286,-1.333315336704254,7.431104230880737,1.0381263524293898,-0.9848415672779083,-2.9954236686229705,0.6066996246576309,-0.49957375377416613,0.2663334826531355,-2.0086511373519897,-3.6124756693840028,0.15321238860487937,-3.737033176422119,-0.3877830639481544,3.3794103860855103,0.1350931782275438,-1.3781481742858888,-2.0276287317276003
2019-06-01 12:00:00,1.420486807823181,-2.168824815750122,0.24424937665462493,-0.07989347130060195,-10.597266960144044,-0.40473221987485886,0.29422571182949464,0.2657852401956916,-0.6317683391273021,1.8813768208026886,-0.45655847415328027,1.8926975846290588,-17.564644241333006,-2.1970602154731753,1.049498149752617,1.9594585537910465,0.6193142727017402,0.4110398031771183,-1.7147318311035633,1.4953022241592406,2.4489439368247994,-0.4401871502399445,5.359389686584473,0.5389164738357067,-1.670270812511444,-1.394829848408699,-1.8333972573280335,-1.6106559991836549
2019-06-02 13:00:00,0.5540173172950744,-0.4686073511838913,0.4072930005961098,0.1905879262834787,-10.325055789947509,0.24687987193465233,-0.011778176948428174,0.09605672191828492,-0.4679216153919697,0.4851041156798601,0.2347026113420725,1.684567779302597,-15.065067386627197,-1.2513905107975005,0.8460641130805016,1.2575169563293456,0.6647268980741501,0.2854378208518028,-1.5166251625865697,-0.1106763496994972,1.3420761346817016,0.30156221240758896,2.069193840026856,0.5810392893850803,0.09711770671419798,-1.5988194376230243,-1.9851469039916996,1.3081514909863468
2019-06-02 14:00:00,0.6293625414371491,-0.8734209716320038,0.3702376142144203,0.1229675866663456,-8.963997173309327,0.3192812472581864,0.16672414131462573,0.16133688464760781,-0.5353878300637007,0.01967987939715385,0.18532681968063117,1.580502909421921,-12.565494060516357,-0.9029856026172638,0.744347120821476,0.9684822380542755,0.667249807715416,0.2069367252290249,-1.3845543064177037,-0.256674411892891,0.9731201976537704,0.5488120280206205,1.8756527781486512,0.49679381027817726,0.22335974499583244,-1.4968244731426243,-2.2380629658699034,-0.3597384884953499
2019-06-03 14:00:00,0.9684158831834793,0.2600573569536209,0.39247085526585584,0.10944350224453954,-3.7919756889343263,-1.0563443124294278,0.21772477254271508,0.2527291843667626,-0.5932161688804627,0.25239202054217463,-0.06155212968587877,1.3203406125307084,-12.565494060516357,-0.9527577459812164,0.46462545450776827,0.7207380801439285,0.6420205444097519,0.1833863459527493,-0.6581636607646942,0.9113100677728653,0.3406241893768311,0.49936207868158816,1.2950301229953765,0.2861802577972412,0.4758437842130661,-0.782860454916954,-1.934563672542572,-0.9851972401142122
2019-06-06 11:00:00,0.8177254736423493,-1.9259366631507873,0.2738936603069305,0.028299083933234215,5.735431051254273,-0.33233088031411173,-0.3177819967269897,0.030776517093181598,-0.5064737481996417,1.1832406014204024,-0.40718264812603594,-0.39673092812299726,-5.899960374832153,-2.1472882628440857,0.15947450334206223,1.2988076984882357,0.6243600875139237,0.340388647216605,-0.9883412525057793,2.8092847108840937,0.8149961233139038,-0.3412872254848481,1.4885709524154664,-0.1350468836724758,-2.1752390027046205,1.6650161385536193,-0.7711494863033295,-1.4021697223186496
2019-06-06 12:00:00,0.7800529330968857,-2.00689936876297,0.28130472600460055,-0.05284534338861704,7.368701791763305,-0.549534858763218,-0.4452835572883488,0.004664446203969416,-0.48719770354218783,-0.21303223744034766,-0.604685877263546,-1.4894127428531645,-3.400385856628418,-1.3509344398975371,-0.27282268851995467,0.5555753648281098,0.6167912915349006,0.21478683203458787,-0.26195057705044744,2.3712908148765566,-0.4499957989901304,-0.3412872254848481,-0.25329707730561496,-0.8511328041553498,-2.3014809489250183,1.6650161385536193,-1.1758153021335602,-0.15125219468027354
2019-06-06 13:00:00,0.704707705974579,-2.168824815750122,0.236838348954916,-0.10694164410233498,8.18533673286438,-0.40473221987485886,-0.24128097407519816,-0.060615748027339565,-0.4679216153919697,-0.9111686229705811,-0.7528131663799286,-1.801607596874237,-0.06761968794744462,-0.45503673404455186,-0.8068369150161743,-0.43540109395980836,0.6142684429883957,0.07348478734493255,0.8606530736200512,2.0792944252491,-1.3460318207740785,-0.2918372809886932,-0.8339198350906372,-0.8511328041553498,-2.3014809489250183,1.767011082172394,-1.4793145895004272,-1.6106559991836549
2019-06-06 14:00:00,0.6293625414371491,-2.168824815750122,0.2071939697489143,-0.14751385375857354,10.36302890777588,-0.07892617750912902,-0.06277875341475012,0.0438325546681881,-0.41973140370100737,-1.1438806533813475,-0.8021890714764595,-1.957705122232437,1.5987634420394892,-0.007087829336524019,-0.9594124555587769,-1.1373427256941795,0.6092224985361099,-0.11491804004181176,0.8606530736200512,2.3712908148765566,-2.452899700403213,-0.5885370016098024,-1.6080833792686466,-0.8932555347681046,-2.1752390027046205,1.9710006594657898,-1.5804811596870423,0.6826927393674851
2019-06-06 15:00:00,0.4409995973110199,-2.087862026691437,0.18496076026931402,-0.16103790067136287,7.368701791763305,0.24687987193465233,0.14122376907616854,0.13522483706474306,-0.49683571932837367,-1.4541635215282438,-0.9009405165910721,-2.373964726924896,18.26259651184082,0.1422284420579672,-1.0357000827789307,-2.0044470489025117,0.5940849626436829,-0.2483700629323721,0.9266885776072741,2.2252926588058477,-2.7691477298736573,-0.7863367855548858,-1.9951652050018307,-0.9775009915232659,-1.7965126633644104,0.03309831963852047,-1.7828140377998352,0.0572339855134487
2019-06-06 16:00:00,0.7423803329467773,-2.5736385703086855,0.17754970085807142,-0.1880860526114702,6.007643127441407,0.6088865891098976,0.29422571182949464,0.23967316942289468,-0.5643020102754235,-1.6093050360679624,-1.1971953511238096,-1.801607596874237,37.42599983215332,0.34131686370819797,-1.2391341865062713,-2.2521911680698397,0.581470374017954,-0.41322248578071596,1.0587595947086812,2.2252926588058477,-2.927271783351898,-0.9346868269145489,-5.8659836769104015,-0.17716953307390212,-1.544028675556183,0.2370880676433444,-1.9851469039916996,-0.9851972401142122
2019-06-06 17:00:00,1.0060884654521942,-2.897489452362061,0.16272757705301047,-0.26923047080636026,2.741103792190552,0.6088865891098976,0.3452263198792934,0.3180094126611947,-0.6414063557982445,-3.1607193589210505,-1.4440742909908293,-1.5414451599121093,34.92642726898193,0.44086112827062607,-0.9594124555587769,-2.376063370704651,0.5638098493218423,-0.46032328605651857,-0.1959150834009051,1.9332964956760406,-3.3489357829093933,-0.9841366700828076,-10.317423820495604,-0.2614149199798703,-1.7965126633644104,-0.06889652926474811,-2.1368966817855837,-1.6106559991836549
2019-06-20 13:00:00,-0.4254700616002083,-0.8734209716320038,0.3183600947260856,0.04182314742356539,-3.7919756889343263,0.8984920859336853,-0.6747865229845047,-0.3086804941296577,-0.21733255498111248,1.260811221599579,-0.20967952236533166,0.6439184475690126,-10.899110984802245,-1.6495672821998597,0.6680594094097614,1.1749355852603913,0.6319288849830628,0.21478683203458787,-1.7807674523442985,-1.132662796974182,1.1312440484762192,0.00486246955697423,3.2304391622543336,0.6231620302423835,2.3694742798805235,-1.088845033198595,-0.5688165225088596,0.474206455796957
2019-06-20 14:00:00,-0.3501248974353075,-1.4401601910591124,0.2887157961726189,0.0012509355321526777,-2.975341176986695,1.0070940375328064,-0.5217845275998115,-0.17812014203518628,-0.23660863912664348,0.4851041156798601,-0.45655847415328027,0.33172354437410834,-5.899960374832153,-1.400706911087036,0.23576221810653805,0.8033195436000824,0.6294059962034225,0.1912364773452282,-1.4505896769464015,1.057308131456375,0.6041640400886535,-0.04458745121955869,0.9079483628273011,0.2861802577972412,1.8645061373710632,-1.4968244731426243,-0.7205662965774537,-0.3597384884953499
2019-06-20 16:00:00,0.101946235075593,-1.683048391342163,0.22942723110318183,-0.07989347130060195,-2.975341176986695,1.622505509853363,-0.16478012427687644,0.004664446203969416,-0.39081730754114685,-0.9111686229705811,-0.8021890714764595,-0.39673092812299726,1.5987634420394892,-0.3057204514741898,0.0068990085273980765,-0.3115289483219385,0.6319288849830628,0.04208426401019098,-1.1864478923380375,1.2033062577247622,-0.6081197496503592,-0.39073716104030615,-1.414542603492737,0.3283029422163963,1.233295851945877,-1.7008141040802003,-1.0240654945373535,-0.15125219468027354
2019-08-01 10:00:00,-2.6481530189514157,-1.9259366631507873,0.3331822499632835,0.08239536490291358,11.724089431762696,1.9845121026039116,-2.816813600063324,-1.248715724050999,0.3995021767914296,2.346801161766052,-0.3084311082959175,-2.321932196617127,-10.06591863632202,-2.794325590133667,-0.8068369150161743,-1.2199242562055586,0.6243600875139237,-0.25622016265988357,-2.309051170013845,-0.986664617061615,-1.9785277903079987,-0.14348740950226785,4.778766655921936,0.918020773679018,1.359537923336029,-2.3127833127975466,3.7813403725624086,0.474206455796957
2019-08-01 11:00:00,-2.7611709594726563,-1.5211229383945466,0.31094904839992515,-0.02579719517379996,13.357358264923096,1.5501042246818544,-2.689311838150025,-1.2748276218771935,0.45733038485050204,1.105669656395912,-0.604685877263546,-2.6341269493103026,-3.400385856628418,-2.097516393661499,-1.2137048244476318,-1.6328309148550033,0.6016536898911,-0.26407029181718833,-1.9128384988754987,-0.256674411892891,-2.452899700403213,0.05431242287158964,0.7144075244665146,0.7916527032852172,1.6120220065116881,-1.9048039793968201,3.4778417587280273,1.099665388464928
2019-08-01 12:00:00,-2.9872061252593998,-1.844973862171173,0.2516604222357273,-0.10694164410233498,15.807264041900634,1.4777028501033782,-2.459808945655822,-1.209547047317028,0.4766065239906311,-0.5233150437474251,-1.0490678876638413,-2.946321797370911,1.5987634420394892,-1.301162588596344,-1.3662802934646605,-2.0044470489025117,0.5764244943857193,-0.3425715491175652,-1.7147318311035633,0.03532171696424481,-3.2962278723716736,-0.09403740242123604,-0.8339198350906372,0.6231620302423835,1.6120220065116881,-1.2928348273038863,2.870842635631561,0.26572030596435076
2019-08-01 13:00:00,-3.062551939487457,-1.5211229383945466,0.2071939697489143,-0.2286582544445992,16.623896408081055,3.1429340124130247,-2.357807338237762,-1.0920428156852722,0.4284161850810051,-1.1438806533813475,-1.5428258001804354,-3.414614224433899,7.431104230880737,-0.25594838075339793,-1.5188556551933288,-2.665098065137863,0.5688557460904121,-0.41322248578071596,-1.4505896769464015,-0.8406667113304138,-3.6124756693840028,-0.4896371573209765,-1.9951652050018307,0.37042558789253244,1.107054054737091,-1.7008141040802003,2.5673432767391207,-1.8191422402858735
2019-08-01 14:00:00,-2.874188411235809,-1.764011061191559,0.1404943447560072,-0.3638989428058267,17.44053344726563,2.853328329324722,-2.204805767536163,-1.039818716049194,0.3416739493608475,-1.6093050360679624,-1.6909531891345977,-3.5707114696502686,12.430254077911377,0.1422284420579672,-1.7477190256118775,-2.9128420889377593,0.5663328438997268,-0.5388243213295938,-1.0543765068054198,-0.5486705064773559,-3.928723430633545,-0.7863367855548858,-3.3499515056610107,0.5389164738357067,0.4758437842130661,-1.8028093099594116,2.0109277963638306,-0.3597384884953499
2019-08-01 15:00:00,-2.5351348638534548,-2.411713063716889,0.06638365574181083,-0.40447123907506477,16.623896408081055,2.708525758981705,-1.898801815509796,-0.9614825557917357,0.30312173441052437,-2.152299928665161,-1.7403288722038268,-3.7268088698387145,9.930679321289062,0.44086112827062607,-1.8240068554878235,-3.1605860114097597,0.5612871043384076,-0.5859252482652664,-1.3185188867151738,0.03532171696424481,-4.403095614910126,-1.2313865665346386,-4.51119749546051,0.5810392893850803,0.22335974499583244,-1.7008141040802003,1.7580116182565688,-1.6106559991836549
2019-08-02 09:00:00,-2.196081817150116,0.8267965853214264,0.6222141433507204,0.5963100507855416,8.18533673286438,1.6949069499969482,-2.689311838150025,-1.1703791707754136,0.31275973841547966,3.7430736422538757,1.962855264544487,-1.333315336704254,-36.728048706054686,-3.3418184995651243,-0.501685905456543,-1.1373427256941795,0.710139548778534,-0.26407029181718833,-2.309051170013845,-1.2786608815193177,-1.3460318207740785,2.131210684776306,8.456044244766236,1.1286346003413201,3.3794103860855103,-2.7207630276679993,4.2365900635719305,0.6826927393674851
2019-08-02 10:00:00,-2.4221174240112306,1.3935357511043551,0.5925697981845588,0.5963100507855416,12.268510913848877,1.8397095799446106,-2.7658126711845403,-1.209547047317028,0.3995021767914296,2.5795132160186767,1.0740910902619363,-1.957705122232437,-15.065067386627197,-2.9934138298034667,-0.730549231171608,-1.1373427256941795,0.654635202884674,-0.2483700629323721,-2.2430158756673335,-2.0086511373519897,-1.8204035818576814,1.9828608155250549,6.907716417312622,0.9601435050368311,2.6219582557678223,-2.210788488388062,3.9836731791496276,0.26572030596435076
2019-08-02 11:00:00,-2.7611709594726563,1.8793120980262756,0.5925697981845588,0.3528767637908458,16.623896408081055,2.129315054416656,-2.689311838150025,-1.248715724050999,0.4284161850810051,1.9589473724365234,-0.012176365777850173,-2.738191914558411,-0.06761968794744462,-2.246832323074341,-1.0357000827789307,-1.5089588820934297,0.6319288849830628,-0.2483700629323721,-1.9788737865164876,-1.5706568956375122,-2.2947756528854373,1.7850611448287972,1.8756527781486512,0.7495300418231636,1.8645061373710632,-1.7008141040802003,3.6801742792129515,0.8911790257319808
2019-08-02 12:00:00,-2.874188411235809,1.6364240229129792,0.4591704972088337,0.05534722674638032,19.618227672576907,1.8397095799446106,-2.58731039762497,-1.209547047317028,0.45733038485050204,-0.05789083698764441,-0.45655847415328027,-3.5707114696502686,5.764721345901489,-1.8486556529998779,-1.4171388387680053,-1.8805751025676727,0.6041767753660678,-0.31902112290263174,-1.6486963439732787,-1.7166550159454346,-2.927271783351898,1.7850611448287972,-1.6080833792686466,0.5389164738357067,1.359537923336029,-0.782860454916954,3.022592699527741,-0.15125219468027354
2019-08-02 13:00:00,-2.9872061252593998,1.3125730216503144,0.29612689316272733,-0.06636943761259317,19.34601402282715,1.622505509853363,-2.459808945655822,-1.1573229894042014,0.4284161850810051,-1.4541635215282438,-0.99969222843647,-4.14306880235672,8.264296674728394,-0.5545808881521225,-1.8240068554878235,-2.376063370704651,0.5940849626436829,-0.38967215120792387,-1.3185188867151738,-1.7166550159454346,-3.7178918361663817,0.8949616819620132,-2.962869548797607,0.15981217510998247,1.9907480239868165,-0.8848554618656636,2.5673432767391207,-0.5682247012853623
2019-08-11 11:00:00,-2.6481530189514157,-3.1403778910636904,0.07379467710852623,-0.40447123907506477,10.635241889953614,-0.40473221987485886,-2.153804981708527,-0.9745386421680451,0.3898641303181648,3.7430736422538757,-1.789704698324203,-1.801607596874237,-31.72889862060547,-3.242274594306946,-0.4762567192316055,-1.013470683991909,0.5562411323189735,-0.18556917607784276,-2.375086759030819,2.5172887563705446,-1.5568640232086182,-1.4291862938553097,10.197912406921388,0.9601435050368311,-1.9227548360824585,-1.8028093099594116,2.5167601823806764,0.0572339855134487
2019-08-18 15:00:00,-2.874188411235809,-1.844973862171173,0.21460506618022918,-0.13398979939520358,14.99062805175781,0.10207719739992172,-2.2303056597709654,-1.0920428156852722,0.37058800384402274,-0.5233150437474251,-0.8515647679567337,-3.414614224433899,-6.733152914047241,-0.3554925754666329,-1.7477190256118775,-2.9954236686229705,0.5713786989450454,-0.5074238702654839,-0.6581636607646942,-3.906625759601593,-4.244971513748169,-0.5885370016098024,-0.25329707730561496,0.11768940947949887,2.116990327835083,-0.8848554618656636,2.466177350282669,-0.7767110526561737
2019-08-21 12:00:00,-1.6309930503368377,-1.9259366631507873,0.18496076026931402,-0.2286582544445992,5.735431051254273,-1.0563443124294278,-1.5672975957393644,-0.778697970137,0.10072290394455194,2.036518430709839,-1.1971953511238096,-1.0731531202793123,-29.22932529449463,-2.296604609489441,-0.5779737144708633,-0.6418544210959226,0.5940849626436829,-0.05996720548719168,-2.2430158756673335,2.8092847108840937,-1.3460318207740785,-0.39073716104030615,5.359389686584473,0.9601435050368311,-1.4177865862846375,-2.210788488388062,0.6451807722449304,-1.193683445453644
2019-08-25 13:00:00,-1.5179751217365265,-0.2257190995849669,0.3405933082103729,-0.012273117527365662,4.10216155052185,-0.33233088031411173,-1.694799041748047,-0.8048101484775543,0.12963693635538223,0.09725060425698759,-0.604685877263546,-0.9170557022094726,-12.565494060516357,-0.9527577459812164,-0.374539715051651,-0.3115289483219385,0.6167912915349006,0.026383967697620386,-1.0543765068054198,-0.256674411892891,-1.0824918746948242,0.49936207868158816,1.682111954689026,0.20193479172885415,0.4758437842130661,-0.782860454916954,1.6568455964326858,-0.7767110526561737
2019-08-25 14:00:00,-1.7063382685184478,-0.30668180137872697,0.2590715229511261,-0.10694164410233498,6.007643127441407,-0.40473221987485886,-1.4142957448959348,-0.7003616716712713,0.12963693635538223,-0.13546152915805582,-0.7528131663799286,-1.177217847108841,-5.899960374832153,-0.6541251763701439,-0.5271151244640351,-0.9308893620967865,0.6319288849830628,-0.09136775806546213,-0.7902346894145011,-0.986664617061615,-1.5568640232086182,0.10376236028969288,1.2950301229953765,0.15981217510998247,0.09711770671419798,-0.6808656722307206,1.4545122087001803,-0.7767110526561737
2019-08-25 15:00:00,-1.7063382685184478,-0.7924582660198212,0.2071939697489143,-0.14751385375857354,4.10216155052185,0.6812879711389541,-1.3887954771518711,-0.5567453235387803,0.05253265579231085,-0.2906029798090458,-0.45655847415328027,-1.5414451599121093,10.763870716094972,-0.5048088392242789,-0.6542614132165909,-1.3025056093931195,0.6344517529010772,-0.20911952592432498,-0.7241991877555847,-0.1106763496994972,-1.8731116771697998,-0.4401871502399445,-0.25329707730561496,0.11768940947949887,0.09711770671419798,-0.9868502313271165,0.8980970887467266,-0.7767110526561737
2019-09-01 15:00:00,-1.5556478261947633,-2.24978756904602,0.13308324106037614,-0.26923047080636026,8.18533673286438,0.10207719739992172,-1.4652964174747467,-0.6481375372968614,0.08144678547978398,-0.21303223744034766,-1.2465710282325744,-1.957705122232437,-13.398684310913087,-0.7038972616195678,-0.755978274345398,-1.5502495586872098,0.5915620103478432,-0.2483700629323721,-1.2524831898510453,-0.1106763496994972,-2.3474835574626924,-0.9841366700828076,0.7144075244665146,0.4125483721494675,-0.15536637380719187,-1.4968244731426243,1.252179430425167,1.3081514909863468
2019-09-02 11:00:00,-1.2919396221637727,-0.30668180137872697,0.5629254888743163,0.23116015531122686,6.007643127441407,0.17447853460907933,-1.898801815509796,-0.8048101484775543,0.023618391156196593,2.269230329990387,0.18532681968063117,-0.865023186802864,-15.898260688781738,-2.4956929206848146,-0.14567646980285645,0.10137785673141479,0.6445434808731079,0.04993435442447665,-1.6486963439732787,-0.402672478556633,-0.5027038179337978,0.9938616514205932,4.778766655921936,0.6652846684679389,-0.786576509475708,-1.9048039793968201,2.466177350282669,0.26572030596435076
2019-09-10 14:00:00,-2.949533772468567,-2.24978756904602,0.05156146325170996,-0.48561562346294523,18.257167720794676,-0.2599295371212066,-2.30680730342865,-1.1573229894042014,0.4476922430098057,-0.600885769724846,-1.9378321290016174,-3.674776792526246,-5.066769647598266,-0.9527577459812164,-1.6460020124912262,-2.4586446881294246,0.5612871043384076,-0.41322248578071596,-0.8562700361013412,1.2033062577247622,-3.7706000089645384,-1.5775361888110637,-0.8339198350906372,0.2861802577972412,-1.291544646024704,-0.4768759682774544,2.3144272565841675,0.6826927393674851
2019-09-11 11:00:00,-2.6104801654815675,0.17909464947879314,0.3776487037539482,-0.012273117527365662,6.552066993713379,-0.04272549105808138,-2.5108092784881584,-1.2878836333751678,0.4476922430098057,2.19165962934494,-0.45655847415328027,-1.0731531202793123,-20.06421566009521,-2.4956929206848146,-0.374539715051651,-0.3115289483219385,0.6268829971551895,-0.04426706545054915,-2.1769803536124526,1.057308131456375,-0.8716598063707351,1.2905614078044891,5.359389686584473,1.086511844396591,-0.029124321183189722,-2.618768066167832,2.5673432767391207,0.8911790257319808
2019-09-11 12:00:00,-2.949533772468567,0.2600573569536209,0.2590715229511261,-0.06636943761259317,8.457548093795776,0.17447853460907933,-2.30680730342865,-1.118155038356781,0.4862445190548897,1.3383818686008455,-0.5553100392222404,-1.6455101549625397,-12.565494060516357,-1.9979719877243043,-0.6034028768539429,-0.7657266385853291,0.6041767753660678,-0.09136775806546213,-2.1769803536124526,1.641300344467163,-1.5568640232086182,0.3510121928527951,3.036898303031921,0.918020773679018,0.22335974499583244,-2.4147784888744352,2.41559385061264,-0.15125219468027354
2019-09-27 14:00:00,0.06427360996603966,-1.6020855426788334,0.13308324106037614,-0.336850818991661,-1.8864942908287048,-0.04272549105808138,-0.36878258287906646,-0.11283989921212192,-0.31371297016739846,-0.13546152915805582,-1.1971953511238096,0.01952881058678033,-6.733152914047241,-1.0523019790649415,0.1340452393051237,0.1839591760654002,0.5865162175148726,0.10488513335585595,-1.1864478923380375,2.0792944252491,-0.18645580634474754,-0.7863367855548858,-0.44683798402547836,0.3283029422163963,-1.544028675556183,-1.1908399403095244,-1.3275649547576904,0.26572030596435076
2019-10-01 12:00:00,-0.8398684382438659,-1.4401601910591124,0.3035379946231843,-0.02579719517379996,-0.7976475715637207,-0.47713357508182525,-1.1592926621437072,-0.42618494257330897,-0.12095212042331696,1.9589473724365234,-1.2959470689296724,0.01952881058678033,-13.398684310913087,-2.1472882628440857,0.1340452393051237,0.8033195436000824,0.5663328438997268,0.2618875280022621,-0.5921280682086945,0.4733158886432648,0.3933321457356215,-0.19293733015656472,4.778766655921936,0.07556672617793081,-0.40785042345523836,-0.37488122954964637,0.3416814617812634,-0.15125219468027354
2019-10-01 13:00:00,-0.7268508732318878,-2.00689936876297,0.2516604222357273,-0.2962786614894867,1.3800456762313842,-0.7667389556765556,-1.0062905848026276,-0.42618494257330897,-0.14986622594296928,1.105669656395912,-1.7403288722038268,-0.24063351191580296,-3.400385856628418,-1.8486556529998779,-0.06938868844881654,0.2252499032765627,0.5587639145553113,0.12058544773608446,-0.5921280682086945,1.3493041872978206,-0.5027038179337978,-0.14348740950226785,1.4885709524154664,-0.008678750693798098,-0.40785042345523836,0.2370880676433444,-0.11356766521930695,0.474206455796957
2019-10-01 14:00:00,-0.6138331055641174,-1.9259366631507873,0.10343894809484482,-0.417995135858655,2.4688921213150032,-0.40473221987485886,-0.7767876774072647,-0.347848616540432,-0.14986622594296928,-0.21303223744034766,-1.8884565234184265,-0.6568932265043259,6.597912549972534,-1.301162588596344,-0.19653500346466896,-0.47669174559414385,0.5587639145553113,0.010683722048997887,-0.46005707383155825,1.641300344467163,-0.9243676707148551,-0.4896371573209765,-0.8339198350906372,-0.2614149199798703,-0.15536637380719187,0.2370880676433444,-0.16415075473487378,0.26572030596435076
2019-10-01 15:00:00,-0.6138331055641174,-1.844973862171173,0.03673926219344141,-0.4585674699395895,3.5577386140823366,-0.40473221987485886,-0.6237858414649964,-0.2303442794829607,-0.20769447423517703,-1.1438806533813475,-1.8884565234184265,-0.865023186802864,12.430254077911377,-0.45503673404455186,-0.39996896088123324,-0.8070172920823098,0.5789474792778492,-0.122768199024722,-0.06384406685829161,2.2252926588058477,-1.1879077315330506,-1.478636276721954,-3.156410431861878,-0.2614149199798703,-0.15536637380719187,-0.06889652926474811,-0.26531723476946356,-0.3597384884953499
2019-10-01 16:00:00,-0.3877974055707455,-2.411713063716889,0.014506080001592637,-0.4585674699395895,1.9244686365127563,-0.11512684803456068,-0.3942828945815563,-0.1520080590620637,-0.2944368720054627,-2.0747292995452877,-1.4934499442577363,-1.0731531202793123,10.763870716094972,0.1422284420579672,-0.501685905456543,-1.013470683991909,0.5865162175148726,-0.18556917607784276,-0.06384406685829161,2.3712908148765566,-1.6095716953277588,-1.9236858814954758,-4.51119749546051,-0.1350468836724758,-0.9128185272216797,-0.17089142873883248,-0.6193997949361801,-0.3597384884953499
2019-10-01 17:00:00,-0.048744111787527834,-4.030967926979065,0.014506080001592637,-0.35037493444979184,-1.6142829298973083,0.10207719739992172,-0.36878258287906646,-0.034503693133592604,-0.35226513091474765,-2.6177240610122676,-1.3453227579593654,-0.7609581828117371,12.430254077911377,0.7394936148077249,-0.6034028768539429,-1.3437961369752884,0.5966078763827681,-0.2248197264299961,-0.26195057705044744,2.3712908148765566,-1.8204035818576814,-2.0720355719327928,-4.124115300178528,-0.09292411319911478,-1.1653025507926942,-0.6808656722307206,-1.1758153021335602,0.474206455796957
2019-10-02 10:00:00,-0.2747796390205622,0.34102010875940325,0.6296251833438874,0.6909785710275174,-8.691785287857055,0.24687987193465233,-1.3632951498031618,-0.4784090407192706,-0.18841843120753762,3.665503180027008,2.505988895893097,2.152859961986542,-30.062517356872565,-3.292046308517456,1.3292198538780213,2.00074942111969,0.7580752365291119,0.35608891770243645,-2.8373354353010662,-0.5486705064773559,2.554360175132751,2.131210684776306,9.230207014083863,1.1286346003413201,0.4758437842130661,-2.4147784888744352,1.0498468048870562,0.8911790257319808
2019-10-02 11:00:00,-0.4631426319479942,1.3125730216503144,0.6444473832845687,0.7450748324394226,-5.425246143341065,0.24687987193465233,-1.4652964174747467,-0.5306333176791669,-0.11131415143609044,2.8897960901260378,2.0122311115264893,1.2683080971240999,-12.565494060516357,-2.94364173412323,0.9732104152441027,1.918168044090271,0.7252771085128188,0.34823875809088356,-2.2430158756673335,-0.402672478556633,1.9745721817016602,2.0323107957839968,5.359389686584473,0.8337754245847464,0.7283278644084931,-1.394829848408699,0.6451807722449304,0.8911790257319808
2019-10-02 12:00:00,-0.7645234018564224,1.8793120980262756,0.6740916021168232,0.6098341122269632,-0.525436133146286,0.3192812472581864,-1.3122945725917816,-0.5828573562204837,-0.072761932015419,1.3383818686008455,1.370345765352249,0.6439184475690126,1.5987634420394892,-2.4459207415580755,0.5409132208675146,1.4639704108238223,0.7025708451867103,0.33253860222175713,-1.7807674523442985,-0.5486705064773559,1.2366601049900054,2.131210684776306,1.2950301229953765,0.4125483721494675,0.7283278644084931,-0.782860454916954,0.13934859745204448,-0.15125219468027354
2019-10-02 13:00:00,-0.9152138531208038,1.7173865377902984,0.5999808883294463,0.43402123227715494,1.6522571682929992,0.24687987193465233,-0.9807903647422791,-0.5045211687684059,-0.03420973420143128,-0.2906029798090458,0.9259636469185353,-0.2926660161465407,4.09833824634552,-1.4504787921905518,0.23576221810653805,0.8859008848667145,0.6622039556503296,0.246187287569046,-1.120412289351225,-0.256674411892891,0.3406241893768311,2.32901064157486,-1.9951652050018307,0.15981217510998247,0.7283278644084931,-0.17089142873883248,-0.36648366749286654,0.0572339855134487
2019-10-02 14:00:00,-1.065904152393341,1.8793120980262756,0.5036369293928147,0.31230456754565245,2.4688921213150032,0.17447853460907933,-0.7767876774072647,-0.3347926571965218,-0.09203799813985827,-1.6093050360679624,0.135951023735106,-0.7089257776737212,13.263445091247558,-0.4052646592259407,-0.22196422899141907,0.1839591760654002,0.6193142727017402,0.13628561645746234,-0.7241991877555847,-0.256674411892891,-0.2918719425797463,1.834510862827301,-2.575787878036499,-0.09292411319911478,0.6020858347415925,-0.17089142873883248,-0.7205662965774537,-0.9851972401142122
2019-10-02 15:00:00,-0.8398684382438659,2.2031633615493775,0.4369372919201851,0.09591944348067044,2.196680545806885,0.3192812472581864,-0.5217845275998115,-0.2303442794829607,-0.21733255498111248,-1.8420172095298768,-0.7034374520182609,-0.865023186802864,6.597912549972534,0.44086112827062607,-0.42539815455675123,-0.3115289483219385,0.6041767753660678,0.002833624184131625,-0.32798613160848616,-0.402672478556633,-1.2406158119440083,1.1916614711284637,-4.704738068580626,-0.09292411319911478,0.7283278644084931,0.1350931782275438,-1.1758153021335602,0.0572339855134487
2019-10-02 16:00:00,-0.3501248974353075,1.3935357511043551,0.3183600947260856,-0.13398979939520358,1.1078338742256164,0.029675866127945483,-0.26678135250695045,-0.09978386126458644,-0.2944368720054627,-2.695294773578644,-0.99969222843647,-0.8129905641078949,9.097487640380859,0.5901773735880852,-0.501685905456543,-1.0547611609101295,0.6016536898911,-0.09136775806546213,-0.32798613160848616,-0.402672478556633,-1.6622799217700959,0.7466118872165681,-3.156410431861878,-0.2192922543734312,0.4758437842130661,0.543072697520256,-1.4287314414978025,-0.9851972401142122
