,SHAP_OX_01,SHAP_TEMP_01,SHAP_HUM_01,SHAP_OX_03,SHAP_WS_02,SHAP_TEMP_06,SHAP_TEMP_22,SHAP_TEMP_02,SHAP_WS_01,SHAP_NO2_02,SHAP_OX_02,SHAP_TEMP_04,SHAP_TEMP_03,SHAP_TEMP_23,SHAP_OX_07,SHAP_OX_04,SHAP_WD_04,SHAP_TEMP_21,SHAP_OX_18,SHAP_OX_20,SHAP_SPM_05,SHAP_NOX_02,SHAP_TEMP_24,SHAP_WS_05,SHAP_SPM_21,SHAP_NOX_15,SHAP_NO2_11,SHAP_NO2_17,SHAP_NO2_01,SHAP_TEMP_07
2019-04-22 12:00:00,-18.782567405700682,-11.602702713012697,-0.9160106778144836,-0.188520235568285,0.12874859012663364,5.934915351867676,-1.6012280881404877,4.640435004234314,0.857295748591423,-0.18612308129668234,5.499460983276368,3.3404979944229125,0.4611282467842102,-2.14779806137085,0.7037804260849952,-1.7438145518302914,-0.7941887080669403,-0.7398890368640424,0.25611485242843635,-0.2907830201089382,0.08048054294195024,-0.19544433206319808,2.862744402885437,-0.07939835619181393,0.4752183496952057,-0.671990129351616,0.4916870802640914,-0.8903041899204254,-0.017961283493787013,-0.15740260668098927
2019-04-22 13:00:00,-7.3107527732849125,-9.80483694076538,-0.3513656422495842,0.041689988970756535,0.08124100843269844,5.253334093093872,-1.8233696550130845,3.481476104259491,0.40268574729561823,-0.18612308129668234,2.5154001951217646,2.6010202407836913,0.35048975944519045,-2.062232345342636,0.9514323860406876,-1.1271673738956451,-0.6731727898120881,-0.7398890368640424,0.16274360418319705,-0.1671294982545078,0.3289960265159607,-0.12827055267989634,2.8957554340362543,0.3840928629040718,0.20164698883891105,-0.9244253873825073,0.5183265760540963,-0.7569049835205078,-0.0651951443403959,-0.10093082264065742
2019-05-10 11:00:00,-10.439429759979246,-9.625050926208496,1.4366769790649414,-0.10219133906066417,-0.5363577038049698,6.44610071182251,-1.2983078122138978,3.9965689182281503,-0.23376819714903832,0.07564089708030222,3.892659044265747,3.004371535778046,0.3366599727422,-1.7770127356052399,0.7656934022903441,-1.3514026641845702,-0.6731727898120881,-0.5874599099159241,0.5362284183502197,-0.1671294982545078,-0.665065860748291,0.07325074234977363,2.598655605316162,-0.2647948369383812,-0.3112992197275162,-0.35644607096910474,-0.5472509674727918,-0.7569049835205078,-0.18327976651489736,-0.18160488680005074
2019-05-10 12:00:00,-5.224968481063843,-8.5463312625885,1.4366769790649414,0.1424069819971919,-0.4888500839471817,5.082939100265504,-1.3386971995234491,2.7732233285903933,0.6754517167806625,0.4246595799922943,0.6790553390979767,1.9959929466247561,0.28134067840874205,-1.634403109550476,0.7037804260849952,-0.7908143430948258,-0.7941887080669403,-0.6192160114645958,0.4739809572696686,-0.14810586981475354,-0.19909934997558593,0.3419457882642746,2.4666112899780273,-0.17209659740328792,-0.7558525979518891,0.33775083869695666,-0.3074960213154555,-0.623505774140358,-0.18327976651489736,-0.13723407238721846
2019-05-10 13:00:00,-1.0533986508846283,-7.108038377761841,2.0954294085502623,0.3438409537076951,-0.013774182647466614,3.776575708389282,-1.4396705254912376,2.3869037628173833,0.5845297247171402,0.4246595799922943,-0.46866031885147097,1.7270918130874633,0.14995744097977876,-1.691447114944458,0.022737470082938683,0.1621856736019254,1.0210498511791228,-0.6509720236063006,0.41173345744609835,-0.15761769656091928,-0.3854859694838525,0.3419457882642746,2.3015559196472166,-0.35749307274818415,-0.790049022436142,1.2843829989433289,-0.2808565624058247,-0.2900077685713768,-0.18327976651489736,-0.04042514637112615
2019-05-10 14:00:00,3.1181705713272097,-5.849533414840698,1.9072143793106076,0.41578164249658583,-0.061281772702932336,2.072623527050019,-1.540643991529942,1.8718107283115386,0.4936076834797859,0.4246595799922943,-1.386832880973816,1.0884519577026368,0.10846798121929166,-1.8340566992759704,-0.3487405151128769,0.9470092982053757,0.77901811003685,-0.676376873254776,0.16274360418319705,-0.13859406281262635,-0.2922926738858223,0.4091195911169052,2.3675780653953558,-1.1917773187160492,-0.3112992197275162,2.6096679091453554,-0.12101995665580031,0.37698825299739835,-0.18327976651489736,0.05235017258673906
2019-05-10 15:00:00,3.1181705713272097,-4.950600147247313,2.0954294085502623,0.47333421409130094,-0.10878936983644964,1.6182363629341125,-1.6214228436350822,1.42110445946455,0.3117637469433248,0.4246595799922943,-2.3050052881240846,0.8867762744426727,0.05314875170588492,-1.976666390895844,-0.9678704619407654,1.2273034930229187,1.0210498511791228,-0.7208353832364083,-0.3041124038398266,-0.11957044936716557,-0.1680349141359329,0.4091195911169052,2.532633447647095,-1.0990790247917175,-0.6532633781433106,2.6096679091453554,-0.04110164269804954,1.3774823427200318,-0.15966286174952982,0.1733614314347505
2019-05-10 16:00:00,13.547095012664794,-7.2878256320953385,1.4366769790649414,0.5308867517858744,-0.2038045465946198,0.5390666753053666,-1.7627856954932213,1.0991714227944613,-2.1431300401687623,0.337404902279377,-2.3050052881240846,0.6178752541542053,0.004744392633438105,-2.0907542288303373,-2.0203914761543276,1.4515387296676634,-0.6731727898120881,-0.7398890368640424,-0.8332158401608467,-0.04347596764564514,-0.1680349141359329,0.2747720271348953,2.6976888895034787,-0.17209659740328792,-0.5164777159690856,1.4106005847454073,-0.14765939125791194,2.0444783568382263,0.029272574326023437,0.20563106136396528
2019-05-10 17:00:00,3.1181705713272097,-11.422916603088378,0.11917184591293335,0.5308867517858744,-1.4865094542503354,0.19827622696757316,-1.8233696550130845,1.9361974239349364,-2.1431300401687623,-0.3606324255466461,-4.600436592102051,0.38258694410324096,-0.029830135777592658,-2.290407764911651,-2.887173163890839,1.6757740378379822,0.5369862884283065,-0.8224547564983368,-1.0822057843208313,0.09920115843415263,-0.1680349141359329,-0.26261807829141615,2.829733204841614,-0.2647948369383812,-0.2771028123795986,1.3474918246269225,0.06545610986649988,1.91107919216156,-0.017961283493787013,0.28227155851200225
2019-05-10 20:00:00,-15.653891277313232,-15.198433399200436,-0.3513656422495842,0.47333421409130094,-0.9639260530471802,-0.9376919627189636,-2.5705731093883513,4.511661791801453,0.1299197761807591,-2.0184709548950197,0.6790553390979767,1.4245782673358915,0.26059596936684104,-3.0890219271183006,-3.692041850090027,1.6757740378379822,-0.06809325581416487,-1.0129911868236376,-1.0822057843208313,0.34175230171531445,0.11154497051611541,-1.5389195561408995,3.5889885425567627,-3.045742154121399,-0.14031712748110292,1.0319477021694183,0.4916870802640914,0.8438854515552521,0.5016111373901366,0.3669794520072174
2019-05-10 21:00:00,-1.0533986508846283,-16.097367382049562,-0.4454732000827789,0.3438409537076951,-0.2988197460770607,-0.19931261166930198,-2.6917413473129272,4.769208216667176,0.5845297247171402,-2.1057258367538454,1.826770961284638,1.6262539803981777,0.3366599727422,-3.43128525018692,-3.692041850090027,1.4515387296676634,0.05292264968156811,-1.0765032663941383,-0.8020920978859067,0.34650822300463924,0.11154497051611541,-1.6060933828353883,3.9851217746734613,-3.045742154121399,-0.20870996564626693,0.590186083316803,0.5982448384165765,0.6437866866588593,0.05288950558751817,0.38714791333768517
2019-05-11 11:00:00,-10.439429759979246,-10.703769779205324,-0.2572582304477692,-0.10219133906066417,-0.2513121426105499,5.878116941452026,-0.36935200095176696,4.189728844165802,0.6754517167806625,-0.709651091694832,5.040374374389648,3.138822269439697,0.4472984313964844,-0.5220476146787405,1.8182143330574037,-1.4635204017162322,1.0210498511791228,-0.25084567032754423,1.4699402421712877,-0.5761372655630111,0.5775114387273789,-0.6656606912612915,1.2782119750976562,-0.17209659740328792,-0.24290636405348778,-0.35644607096910474,0.22529274374246597,0.9105850696563721,0.07650642357766624,-0.12109932824969291
2019-05-11 12:00:00,1.032385915517807,-7.647398185729981,0.7779244422912598,0.07046628799289464,-0.013774182647466614,5.253334093093872,-0.26837854925543075,3.1595429778099064,0.4936076834797859,-0.5351417839527131,0.6790553390979767,2.5337948203086853,0.302085336484015,-0.32239402066916234,1.5086493015289306,-0.7908143430948258,-0.5521568894386291,-0.33341142535209656,1.1898267567157745,-0.4810192003846169,-0.04377719550393519,-0.46413938105106356,1.0141232848167419,-0.5428895831108095,0.20164698883891105,-0.4195548415184021,0.09209553031250835,0.9772846758365631,-0.017961283493787013,-0.0968970540910959
2019-05-11 13:00:00,6.246847581863403,-6.388892745971679,1.7189994692802428,0.3438409537076951,-0.10878936983644964,4.0037691116333,-0.5309095308184624,2.06497066617012,-1.0520660817623138,-0.18612308129668234,-1.8459191560745238,1.8279298424720765,0.1914468590170145,-0.1797843724489212,0.7656934022903441,-0.11810847669839859,-0.43114096820354464,-0.4794893264770508,1.034208133816719,-0.44297195971012115,0.23580268993973733,-0.12827055267989634,0.7830456137657166,0.10599813517183063,0.20164698883891105,0.8426212787628173,-0.3074960213154555,-0.2900077685713768,0.029272574326023437,-0.05252618342638018
2019-05-11 14:00:00,-5.224968481063843,-5.310173845291138,2.0954294085502623,0.5021104373037815,-0.9164184629917145,2.9813981294631957,-0.9953873839229346,1.61426430940628,-1.2339100599288941,-0.3606324255466461,-2.9936347961425787,1.2901278078556058,0.07389346733689306,-0.5505695171654225,-0.2249145183712244,0.9470092982053757,-0.06809325581416487,-0.5175965815782547,1.4699402421712877,-0.35736571103334425,0.29793158173561096,-0.26261807829141615,0.6179900765419006,-0.6355878710746766,-0.0719243066385388,0.21153320297598838,-0.5738904468715191,-0.3567073807120323,-0.08881207183003423,0.03621534388512373
2019-05-11 15:00:00,-4.1820759773254395,-4.591027641296387,1.1543543815612793,0.5740511830896139,-1.0114336550235747,1.7886315941810609,-1.1165555708110335,1.2279446244239807,-0.3246901720762253,0.07564089708030222,-0.46866031885147097,0.7187131375074387,0.025489120185375212,-1.2065740928053856,-0.9678704619407654,1.5636563301086426,-0.18910918384790418,-0.5874599099159241,1.2831980645656587,-0.3098066039383412,0.4532537147402763,0.07325074234977363,1.0471343815326688,-0.17209659740328792,0.20164698883891105,-0.10401083193719388,-0.5206114888191223,0.9105850696563721,-0.15966286174952982,0.10882208868861198
2019-05-11 16:00:00,12.50420207977295,-7.108038377761841,0.02506435152608899,0.41578164249658583,-0.5363577038049698,0.8798570811748505,-1.3386971995234491,0.9703981023281812,-0.8702221244573594,0.337404902279377,-0.6982034891843796,0.48342476338148116,-0.016000324860215177,-1.3777057528495784,-1.7108263611793517,1.843950629234314,-0.06809325581416487,-0.6128647364676,0.3183622986078263,-0.44297195971012115,-0.323357093334198,0.2747720271348953,1.806389534473419,-0.35749307274818415,0.40682552754879,0.27464203089475636,-0.3341354537755251,0.2435890644788742,-0.08881207183003423,0.1935299462638796
2019-05-11 17:00:00,10.41841707229614,-8.006971788406371,-0.4454732000827789,0.4301697790622711,-0.8214032709598541,-0.08571571297943589,-1.419475945830345,1.8718107283115386,-0.9611441552639007,0.07564089708030222,-4.370893621444702,0.2817490426823497,-0.04365993812680243,-1.691447114944458,-2.887173163890839,1.2273034930229187,0.05292264968156811,-0.6446208141744136,0.25611485242843635,-0.38590107411146163,-0.323357093334198,0.07325074234977363,2.004456043243408,-1.9333632349967949,-0.17451355792582035,1.2212742030620576,-0.014462208165787147,-0.023209356190636736,-0.0651951443403959,0.2580692822113633
2019-05-23 16:00:00,-17.739676856994627,-6.029320001602173,0.8720318913459778,0.28628839254379274,-1.0114336550235747,1.1638491868972778,-2.0051218658685688,1.8718107283115386,-0.8702221244573594,0.337404902279377,2.2858574509620664,0.5842626452445984,0.018574211746454218,-2.3189295470714564,-1.2774354338645935,0.7788327783346176,-0.5521568894386291,-0.8288059689104559,0.13161986768245695,-0.06249958765693011,-0.6029370129108429,0.2747720271348953,2.4996224403381344,-0.7282860517501831,-0.24290636405348778,-0.4195548415184021,-0.04110164269804954,-0.8236046195030212,-0.15966286174952982,0.2257996322587132
2019-05-24 17:00:00,-19.8254602432251,-0.276150107383728,2.189536952972412,0.19995956253260377,-0.8214032709598541,-2.1872565984725947,-1.4598651230335233,-1.2187466144561767,0.6754517167806625,0.5991689175367356,2.974486684799194,-0.8946928381919861,-0.27185186417773366,-1.634403109550476,-2.3918693900108337,0.49853864014148713,1.0210498511791228,-0.6890793316066265,-0.3663598655723036,-0.014940548874437807,-0.5718725621700287,0.5434670984745026,1.8724117040634158,-1.9333632349967949,-0.24290636405348778,0.27464203089475636,-0.09438051115721466,0.11018985882401466,-0.20689670629799367,0.3669794520072174
2019-05-24 18:00:00,4.161063146591188,-4.2314542055130016,1.0602469265460968,0.19995956253260377,-0.013774182647466614,-2.2440550446510317,-1.6618121519684788,-0.5748804688453675,-0.7793001860380173,0.5119142174720764,2.7449433326721193,-0.9619180738925934,-0.27876677792519333,-1.8625785171985627,-2.9490864396095278,0.3864209726452827,0.900033974647522,-0.7271866075694561,-0.4130454584956169,0.023106708005070704,-0.5718725621700287,0.47629334032535564,2.3015559196472166,-2.9530440330505368,-0.5848705232143403,0.9057301372289658,0.1720138393342495,-0.08990896716713905,0.14735719519667326,0.475889562536031
2019-05-25 11:00:00,-14.61099910736084,-2.9729484319686885,1.2484619319438937,-0.059026973228901644,0.17625618539750576,4.2309633016586305,0.3980462610721588,1.5498776942491532,0.5845297247171402,0.07564089708030222,4.581288385391234,1.9959929466247561,0.17070215810090303,0.47622026056051264,1.1990842640399935,-0.8468731641769409,0.900033974647522,-0.028553248569369305,1.6255589693784713,-0.26224761679768566,-0.5718725621700287,0.07325074234977363,-0.10825394917046652,-0.4501913249492645,-0.8584418177604676,1.1581653177738187,0.22529274374246597,-0.623505774140358,-0.08881207183003423,-0.024290298298001334
2019-05-25 12:00:00,-3.1391834974288946,1.1621421337127684,1.7189994692802428,0.09924254938960077,-0.061281772702932336,3.2653900623321532,0.43843567073345185,0.39091869443655014,0.5845297247171402,0.07564089708030222,1.5972278118133547,1.1892899036407472,0.018574211746454218,0.7614395529031753,1.1371714681386949,-0.6226379722356796,-0.7941887080669403,-0.02220202647149562,1.3765693038702014,-0.2717594116926193,-0.665065860748291,0.07325074234977363,-0.14126502387225628,-0.4501913249492645,-0.3796920344233513,1.5368181765079498,0.11873497888445853,0.11018985882401466,-0.0651951443403959,0.02008051034063101
2019-05-25 13:00:00,4.161063146591188,1.1621421337127684,1.6248919725418094,0.28628839254379274,-0.061281772702932336,2.072623527050019,0.45863023698329924,-1.0899734377861023,0.4936076834797859,-0.01161375828087326,-0.9277465641498566,0.44981213510036466,-0.10589410339016465,0.8184834867715836,-0.16300153210759163,-0.00599081765394659,-0.5521568894386291,-0.08571418561041355,0.7229707300662994,-0.4905309990048409,-0.1369704894721508,0.006076979497447633,-0.471375936185359,0.29139462411403655,-0.6190669536590576,1.663035809993744,0.03881666748784478,1.244083070755005,-0.017961283493787013,0.08865354955196383
2019-05-25 14:00:00,14.589987087249757,2.420647954940796,1.813106894493103,0.44455791264772415,-0.10878936983644964,0.7094619244337081,0.2566833883523941,-1.0899734377861023,-2.0522080898284907,-0.18612308129668234,-2.534548592567444,-0.15521511770784857,-0.26493698805570604,0.8470053136348724,-0.9059574246406555,0.7227739661931992,-0.3101250797510147,-0.22544082067906857,-0.086246261652559,-0.41443654149770737,-0.4165503799915314,-0.12827055267989634,-0.5373981729149818,0.19869638308882712,0.40682552754879,0.46396844238042834,-0.14765939125791194,1.6442807555198669,0.07650642357766624,0.1733614314347505
2019-05-25 15:00:00,23.97601890563965,3.319580817222595,2.0954294085502623,0.5452748961746694,-1.4390018522739412,-0.5401029661297798,-0.1875997979193926,-1.540679609775543,-1.5975980520248414,-0.5351417839527131,-4.82997989654541,-0.9283055305480957,-0.26493698805570604,0.5617859646677971,-1.1536094248294828,1.3394210338592527,-0.3101250797510147,-0.3143577948212623,-0.3041124038398266,-0.21468854546546937,-0.230163799226284,-0.3969656080007552,-0.570409282296896,-0.2647948369383812,-0.34549562484025953,-0.04090202860534188,-0.20093827331438657,1.777679991722107,-0.017961283493787013,0.2701703913044185
2019-05-25 16:00:00,3.1181705713272097,2.420647954940796,1.7189994692802428,0.6891563132405281,-1.2014640331268311,-1.562474364042282,-0.4703254647552968,-1.8626127123832703,-1.4157540857791902,-0.18612308129668234,-6.895867347717285,-0.9283055305480957,-0.3133413057774305,-0.06569660045206546,-1.8346525073051452,1.7318328320980072,0.5369862884283065,-0.5239477820694447,-0.4286073423922061,0.032618492096662524,-0.19909934997558593,-0.12827055267989634,-0.2402983069419861,-0.2647948369383812,0.2358434453606606,0.21153320297598838,-0.17429882862488738,0.510387459397316,-0.0651951443403959,0.3589120101358276
2019-05-26 09:00:00,-19.8254602432251,-6.928252172470093,0.11917184591293335,-0.2029083751142025,-0.013774182647466614,3.4357854604721068,0.41824093759059905,3.1595429778099064,0.40268574729561823,0.07564089708030222,5.040374374389648,2.6010202407836913,0.302085336484015,0.13395696049556136,-0.472566494345665,-1.5756378948688505,0.77901811003685,-0.03490445166826245,1.59443536400795,-0.5856490671634674,1.1988000690937044,0.07325074234977363,0.8490677416324616,0.7548858225345613,-0.17451355792582035,-0.29333727806806564,-0.09438051115721466,-0.5568061500787735,-0.13604593575000762,0.10075466753914952
2019-05-26 10:00:00,-1.0533986508846283,-2.9729484319686885,0.5897094279527664,0.07046628799289464,-0.15629693567752836,3.6629791021347047,0.41824093759059905,1.8074241936206819,1.0391396969556808,0.2501502089202404,2.7449433326721193,1.8279298424720765,0.1914468590170145,0.7899615079164505,-0.16300153210759163,-1.183226227760315,0.900033974647522,0.009554031444713479,1.4699402421712877,-0.6712554007768631,0.2668671257793903,0.20759828388690948,0.2548680666834116,0.3840928629040718,-0.14031712748110292,0.21153320297598838,-0.12101995665580031,-0.2900077685713768,-0.13604593575000762,0.07655241570901125
2019-05-26 11:00:00,12.50420207977295,0.6227823615074157,0.966139405965805,0.21434766678139566,0.17625618539750576,3.094995069503784,0.5596037417650223,0.39091869443655014,0.7663737446069717,0.2501502089202404,-1.386832880973816,1.2901278078556058,0.04623383656144142,0.7899615079164505,0.2084764452651143,-0.11810847669839859,0.900033974647522,0.04131008991971612,1.1275793582201004,-0.4810192003846169,-0.07484162645414469,0.20759828388690948,-0.5043870849534869,0.10599813517183063,-0.0035314793698489983,0.8426212787628173,0.14537442326545713,-0.2233081728219986,-0.15966286174952982,0.06041755545884373
2019-05-26 12:00:00,18.761557006835933,3.1397941112518315,1.2484619319438937,0.47333421409130094,0.03373339655809103,1.7886315941810609,0.6605771869421007,-0.8968134224414825,0.40268574729561823,0.337404902279377,-4.370893621444702,0.5842626452445984,-0.10589410339016465,0.9896151483058929,-0.1010885185562074,0.4424797907471657,0.77901811003685,0.009554031444713479,1.00308455824852,-0.44297195971012115,-0.5718725621700287,0.3419457882642746,-0.5043870849534869,-0.17209659740328792,-0.14031712748110292,0.8426212787628173,0.43840823024511344,0.3102886646986008,-0.15966286174952982,0.10075466753914952
2019-05-26 13:00:00,29.19047908782959,5.836592054367066,1.2484619319438937,0.6603800430893898,-0.15629693567752836,0.8798570811748505,0.5596037417650223,-1.7982260823249816,0.2208417667075991,0.337404902279377,-5.7481526851654055,-0.15521511770784857,-0.24419223871082069,1.1322247684001923,-0.5344794809818268,1.4515387296676634,-0.5521568894386291,-0.05395810157060623,0.6607233583927155,-0.33834206536412237,-0.323357093334198,0.3419457882642746,-0.7354646563529968,-0.4501913249492645,-0.0719243066385388,0.7164037108421326,0.2785716041922569,0.9105850696563721,-0.11242900043725967,0.1935299462638796
2019-05-26 14:00:00,47.962542724609385,5.836592054367066,1.4366769790649414,0.7467089138925076,-0.2513121426105499,-0.3129094332456589,0.3576568752527237,-2.7640253782272337,-0.41561219096183777,0.16289556398987765,-8.043583631515503,-0.8274675577878952,-0.3410009481012821,0.9896151483058929,-1.7108263611793517,2.1803035974502563,-0.06809325581416487,-0.15557752959430218,0.19386733025312425,-0.3002947866916657,-0.04377719550393519,0.20759828388690948,-0.900520133972168,0.19869638308882712,0.33843267858028414,0.7795125246047974,0.2785716041922569,0.9105850696563721,-0.017961283493787013,0.2580692822113633
2019-05-26 15:00:00,65.69170875549317,4.038726806640626,1.1543543815612793,0.8905902747064829,-0.5838652908802033,-1.562474364042282,0.034541818546131246,-2.7640253782272337,-1.688520085811615,-0.18612308129668234,-12.175360393524171,-1.2980442464351654,-0.4447245527524502,0.7043957814574242,-2.329956388473511,2.5166565656661986,0.05292264968156811,-0.27625052593648436,0.06937242075800894,-0.1956649238243699,-0.07484162645414469,-0.06109679256333037,-0.7354646563529968,-0.07939835619181393,0.03066493188962338,0.14842440411448476,0.2785716041922569,0.7771858513355255,0.05288950558751817,0.3427771510148887
2019-05-26 16:00:00,9.37552433013916,3.319580817222595,1.7189994692802428,1.1495768673717977,-1.2489716351032256,-2.6984422564506527,-0.3491573199629784,-2.120159411430359,-1.0520660817623138,-0.44788707196712496,-16.07759351730347,-1.8022338628768921,-0.4447245527524502,0.24804473090916873,-3.444390320777894,3.0772444963455206,-0.06809325581416487,-0.39692353904247285,0.038248682580888246,-0.052987777162343264,-0.07484162645414469,-0.26261807829141615,-0.40535378009080886,-0.4501913249492645,0.13325418382883072,-0.6088813304901123,0.30521101355552677,0.8438854515552521,-0.0651951443403959,0.4315186990890652
2019-05-27 10:00:00,-10.439429759979246,-1.5346561551094056,0.2132793739438057,-0.2460728608071804,0.2712713581509888,2.8110029697418213,0.9433029472827912,1.0991714227944613,0.948217710852623,-0.9714151203632355,5.729004192352295,1.559028786420822,0.12229781337082386,1.1037028133869171,1.6943883001804352,-2.1362261831760403,0.41597034186124804,0.13022702075541015,1.3454454600811006,-1.0517276763916015,0.7949625015258789,-0.867181932926178,-0.40535378009080886,0.3840928629040718,0.03066493188962338,-0.7350989341735841,-0.04110164269804954,-0.5568061500787735,0.07650642357766624,0.13302430566400286
2019-05-27 11:00:00,8.332632732391357,3.319580817222595,0.5897094279527664,0.027301837131381013,0.12874859012663364,2.4134140133857733,0.9433029472827912,-0.12417424586601555,0.857295748591423,-0.5351417839527131,0.6790553390979767,0.9540014863014221,-0.029830135777592658,1.5315319061279298,1.632475346326828,-1.3514026641845702,0.900033974647522,0.06671489197760821,1.034208133816719,-0.5380900293588639,0.049416105914860946,-0.3969656080007552,-0.8675091624259949,0.5694893211126327,0.2700398474931717,-0.4195548415184021,-0.014462208165787147,-0.7569049835205078,0.10012335909996177,0.1209232287481427
2019-05-27 12:00:00,4.161063146591188,4.398300004005432,0.5897094279527664,0.3438409537076951,0.08124100843269844,1.3342443287372592,0.741355937719345,-1.8626127123832703,-0.5974561542272567,-0.622396355867386,-3.4527209997177124,0.2145237870514393,-0.16121336817741394,1.5315319061279298,1.1990842640399935,-0.286284981109202,0.900033974647522,0.04131008991971612,1.1275793582201004,-0.40492469668388376,0.1736738298088312,-0.46413938105106356,-1.362675344944,0.10599813517183063,-0.0719243066385388,0.527077242732048,-0.3074960213154555,-0.6902053624391555,0.265441857278347,0.14915917646139865
2019-05-27 13:00:00,5.203955173492432,4.2185133934021,0.966139405965805,0.6028274402022362,-0.6788805007934571,0.3118730928748846,0.6605771869421007,-2.248932433128357,-1.2339100599288941,-1.2331791281700135,-2.534548592567444,-0.42411607056856154,-0.3479158848524094,1.2463126063346863,0.5180414550006389,0.9470092982053757,0.41597034186124804,0.06036370005458595,0.9097131490707397,-0.3098066039383412,0.08048054294195024,-1.0015295505523683,-1.362675344944,0.3840928629040718,-0.6874598056077958,1.0319477021694183,-0.38741433471441267,-0.3567073807120323,0.2890587642788887,0.2257996322587132
2019-06-02 14:00:00,-15.653891277313232,-10.34419755935669,-1.4806557059288026,0.11363073159009218,0.3662865418940783,2.356615626811981,-0.9751926444470882,3.0307697296142573,0.4936076834797859,0.4246595799922943,2.974486684799194,1.6598666071891788,0.20527669130824505,-0.9498766660690308,-0.28682752251625054,-0.286284981109202,-0.18910918384790418,-0.5175965815782547,0.10049612745642662,-0.08152320296503604,-0.1369704894721508,0.4091195911169052,1.3112230777740481,0.013299886183813198,-0.20870996564626693,-0.5457724660634994,0.5982448384165765,-0.2233081728219986,-0.18327976651489736,0.11285580750554798
2019-06-06 14:00:00,-10.439429759979246,2.6004344701766966,0.8720318913459778,0.3438409537076951,-0.5363577038049698,0.19827622696757316,-0.7328564744442702,-1.2831331670284274,-0.3246901720762253,0.4246595799922943,0.21996907237917185,-0.18882769057527188,-0.23727735448628665,-0.778745087236166,0.5180414550006389,0.5545974642038345,-0.7941887080669403,-0.46678691506385805,-0.521978560090065,0.0896893747150898,-0.2612282320857048,0.4091195911169052,1.1791786849498747,-1.0990790247917175,-0.3112992197275162,-0.23022843971848492,0.30521101355552677,-0.3567073807120323,-0.20689670629799367,0.2096647832542658
2019-07-25 13:00:00,-16.696785545349123,3.319580817222595,-2.139408254623413,-0.15974395275115966,-0.10878936983644964,-0.48330458886921407,0.23648871928453447,-1.4119064450263976,-0.41561219096183777,-0.5351417839527131,6.417633485794068,0.012848057970404631,-0.24419223871082069,0.6188299879431726,1.6943883001804352,-2.19228515625,-0.43114096820354464,-0.15557752959430218,-0.5842260152101517,0.0896893747150898,0.1736738298088312,-0.5984869122505189,-0.5043870849534869,-1.0990790247917175,-0.10612072017975152,-0.35644607096910474,0.43840823024511344,-0.2233081728219986,0.10012335909996177,0.31454121822025627
2019-07-31 12:00:00,-25.039922714233402,7.994030523300171,-1.7629781007766723,-0.11657955087721353,-0.10878936983644964,-1.3352806746959685,0.9634976387023926,-2.7640253782272337,-0.5065341442823409,-0.7969057321548462,5.499460983276368,-1.062755936384201,-0.4170649006962776,1.7882291495800018,1.8801272988319397,-2.0241085946559907,-0.06809325581416487,0.09847102388739588,-1.0822057843208313,0.16578385122120384,-0.665065860748291,-0.7328344583511354,-1.4617087244987488,0.3840928629040718,0.33843267858028414,0.7164037108421326,0.03881666748784478,0.0434902499662712,0.24182492308318615,0.3468108401459177
2019-08-01 14:00:00,-8.353645515441894,8.713177394866943,-1.1983332574367522,0.28628839254379274,-0.3463273301720619,-3.32322473526001,1.0038868844509126,-4.373690485954286,0.40268574729561823,0.337404902279377,0.21996907237917185,-1.936684215068817,-0.5553630640730262,1.7311854124069217,1.1371714681386949,0.2743033304810524,-0.3101250797510147,0.07306613866239786,-0.9577108517289161,0.09920115843415263,-0.1369704894721508,0.2747720271348953,-1.791819727420807,-0.07939835619181393,0.2700398474931717,0.27464203089475636,0.14537442326545713,0.17688946127891542,-0.11242900043725967,0.496058092545718
2019-08-01 16:00:00,-23.997028541564937,10.690828895568846,-0.539580687880516,0.37261722683906556,-0.3463273301720619,-4.572790145874023,0.5192143470048904,-3.6010512828826906,0.6754517167806625,0.16289556398987765,-0.6982034891843796,-2.642549419403076,-0.5553630640730262,1.2748345255851745,-1.3393483996391295,1.0591269791126252,-0.43114096820354464,-0.09206538405269385,-1.1755768835544587,0.29894911516457795,0.11154497051611541,0.14042450711131096,-1.4617087244987488,-0.2647948369383812,0.8855753540992737,0.08531559854745863,0.11873497888445853,0.11018985882401466,-0.20689670629799367,0.6090019250288605
2019-08-01 17:00:00,3.1181705713272097,6.555738544464111,-1.7629781007766723,0.4301697790622711,-0.013774182647466614,-5.254370903968812,0.23648871928453447,-4.5024640083313,-1.2339100599288941,0.5119142174720764,3.663116145133972,-2.3400356292724607,-0.5346183564513922,0.9325711309909821,-2.14421728849411,1.0591269791126252,-0.3101250797510147,-0.13652385473251344,-1.2067006617784501,0.28943737312220036,0.20473827049136162,0.4091195911169052,-1.065575659275055,-0.820984274148941,0.8855753540992737,0.08531559854745863,0.11873497888445853,0.0434902499662712,-0.08881207183003423,0.6453053701668978
2019-08-02 10:00:00,-20.86835250854492,3.679153633117676,-2.139408254623413,-0.4618949666619301,0.03373339655809103,-1.1648855209350586,1.4481700241565707,-1.3475200414657595,1.3119056820869444,-0.273377738893032,9.631237316131593,-0.32327821031212817,-0.21653263196349143,1.987882876396179,1.8801272988319397,-2.7528733253479,0.900033974647522,0.23184643536806107,1.59443536400795,-0.41443654149770737,0.546447017788887,-0.32979184687137597,-1.494719958305359,1.2183770596981047,0.9197717010974884,0.21153320297598838,0.38512938171625144,-0.4234069287776947,-0.017961283493787013,0.39924907283857464
2019-08-02 11:00:00,5.203955173492432,8.173816967010499,-1.6688708424568177,-0.2172965109348297,0.31877894960343833,-1.2216839551925656,1.2664179563522338,-1.991386163234711,0.6754517167806625,-0.18612308129668234,2.974486684799194,-0.6930170953273773,-0.2925966145470738,2.2445803046226502,1.6943883001804352,-2.19228515625,0.658002170920372,0.2127928014844656,2.2791573688387867,-0.2337121434509754,0.36006041467189787,-0.19544433206319808,-1.890853226184845,0.5694893211126327,0.7829860925674439,-0.671990129351616,0.11873497888445853,0.17688946127891542,-0.08881207183003423,0.4032828092575073
2019-08-02 12:00:00,8.332632732391357,9.612109088897705,-0.6336882352828981,0.19995956253260377,-0.013774182647466614,-1.8464662909507752,1.2058339536190033,-3.6010512828826906,0.40268574729561823,0.07564089708030222,-2.764091730117798,-1.062755936384201,-0.36174571141600614,1.987882876396179,1.5086493015289306,-1.2392850518226626,-0.7941887080669403,0.30170976833323954,1.06533183157444,-0.4810192003846169,-0.1369704894721508,0.07325074234977363,-2.18795268535614,0.19869638308882712,0.20164698883891105,-0.671990129351616,0.03881666748784478,0.2435890644788742,-0.11242900043725967,0.40731649114750323
2019-08-02 13:00:00,14.589987087249757,9.612109088897705,-0.9160106778144836,0.5596630095271393,-0.15629693567752836,-2.4712489247322083,1.4885595262050628,-4.116144061088562,0.40268574729561823,0.16289556398987765,-3.4527209997177124,-1.3988822519779205,-0.5346183564513922,1.90231711268425,1.1990842640399935,0.3864209726452827,1.0210498511791228,0.15563190318644046,0.6918470561504364,-0.6902790516614914,-0.012712764553725688,0.14042450711131096,-1.890853226184845,-0.07939835619181393,1.3643250942230227,-0.6088813304901123,0.09209553031250835,-0.6902053624391555,-0.11242900043725967,0.4516873395070434
2019-08-02 14:00:00,28.147587776184082,9.971682739257812,-1.2924406766891479,0.6028274402022362,-0.15629693567752836,-3.0960312485694894,1.0240817070007324,-4.116144061088562,-0.05192422196269033,0.16289556398987765,-4.82997989654541,-2.239197778701782,-0.5899375598877669,2.3016242742538453,0.579954418540001,1.7878917098045348,-0.6731727898120881,0.09211977776139975,0.5673521220684051,-0.31931843534111976,0.6707047522068025,0.14042450711131096,-1.791819727420807,0.47679107785224917,0.7829860925674439,-0.4195548415184021,0.11873497888445853,-0.6902053624391555,-0.041578214941546295,0.496058092545718
2019-08-02 15:00:00,29.19047908782959,10.690828895568846,-1.1042257726192473,0.6891563132405281,-0.3938349217176438,-3.66401526927948,0.8221347659826279,-4.244917297363282,-0.9611441552639007,-0.09886842165142297,-7.814040803909302,-2.508098828792572,-0.5899375598877669,1.6456196665763856,-0.472566494345665,1.9560682654380799,-0.6731727898120881,0.04131008991971612,0.007124945241957901,-0.20517672915011645,0.546447017788887,-0.06109679256333037,-2.253974938392639,-0.17209659740328792,1.1591465890407562,0.33775083869695666,0.19865328520536427,-0.623505774140358,-0.0651951443403959,0.5404288817197085
2019-08-09 13:00:00,-9.396538257598877,10.151469326019287,-1.1983332574367522,-0.059026973228901644,-0.6313728451728821,-2.3008535265922543,0.8221347659826279,-3.729824590682983,-0.7793001860380173,-0.7969057321548462,5.499460983276368,-1.6005580306053162,-0.5069587495177984,1.5315319061279298,1.4467362701892852,-1.183226227760315,0.41597034186124804,-0.03490445166826245,-1.2067006617784501,0.2513901304453611,-0.35442152470350263,-0.7328344583511354,-1.9898862957954406,0.8475840389728546,-0.10612072017975152,0.8426212787628173,0.5183265760540963,-0.023209356190636736,0.07650642357766624,0.43555244971066714
2019-08-10 13:00:00,-26.082814979553223,6.375951671600342,-1.7629781007766723,-0.34678977876901623,-0.4888500839471817,-2.016861641407013,0.9634976387023926,-2.570865368843079,-1.3248321056365966,-0.273377738893032,7.794892024993897,-1.2308190643787387,-0.4239798469468951,1.90231711268425,1.632475346326828,-2.1362261831760403,0.05292264968156811,0.07306613866239786,-1.2067006617784501,0.2513901304453611,-0.2612282320857048,-0.32979184687137597,-1.9898862957954406,0.5694893211126327,0.37262908220291135,-0.29333727806806564,0.4916870802640914,-0.2900077685713768,0.005655645020306134,0.4395861905068159
2019-08-24 14:00:00,-11.482322597503662,1.3419285416603088,-1.5747632265090945,0.12801886457018555,-0.3463273301720619,-0.3129094332456589,-0.24818383478559553,-0.703653758764267,0.5845297247171402,-0.273377738893032,3.4335731267929077,-0.32327821031212817,-0.18195809423923492,-0.15126239359378818,1.2609973371028902,-0.6226379722356796,0.77901811003685,-0.26989931650459764,-0.8643396258354187,0.18480744883418082,-0.6961302369832992,-0.26261807829141615,0.6179900765419006,1.1256787955760958,-0.5848705232143403,-0.04090202860534188,0.09209553031250835,0.11018985882401466,0.10012335909996177,0.32260860453825446
2019-08-24 15:00:00,7.289740324020386,1.1621421337127684,-1.4806557059288026,0.17118325196206569,-0.061281772702932336,-1.1648855209350586,-0.3289625886827707,-1.1543600380420684,-0.05192422196269033,-0.622396355867386,0.9085985600948334,-0.5249539166688919,-0.22344752661883832,-0.15126239359378818,0.7656934022903441,0.10612684926018116,0.05292264968156811,-0.32070899605751035,-0.8643396258354187,0.2133428631350398,-0.323357093334198,-0.531313169002533,0.5849790364503861,0.19869638308882712,-0.8926383137702942,1.663035809993744,0.1720138393342495,-0.08990896716713905,-0.017961283493787013,0.3427771510148887
2019-08-25 16:00:00,-15.653891277313232,0.8025688022375107,-1.0101182281970977,0.15679509695619345,-0.7738957166671753,-1.562474364042282,-0.02604226432740687,-0.8968134224414825,-1.0520660817623138,0.5991689175367356,2.5154001951217646,-0.7266297340393066,-0.2925966145470738,0.24804473090916873,-1.3393483996391295,-0.00599081765394659,-0.18910918384790418,-0.23179204612970353,0.10049612745642662,0.12773661836981778,-0.07484162645414469,0.5434670984745026,-0.17427611947059632,-0.4501913249492645,0.8855753540992737,-1.0506429851055146,0.7048026353120804,-1.0904029607772827,-0.23051363192498683,0.37908054138533764
2019-09-02 12:00:00,-27.125708007812506,2.061074817180634,-1.8570857524871827,-0.15974395275115966,0.12874859012663364,0.8798570811748505,0.3576568752527237,-1.025586748123169,-0.23376819714903832,-0.01161375828087326,5.958547353744507,0.38258694410324096,-0.15429843962192533,1.1322247684001923,1.0752582907676698,-1.6877556443214417,-0.5521568894386291,-0.04125567702576517,0.4739809572696686,-0.11957044936716557,0.6085758924484252,-0.06109679256333037,-0.3063205510377884,0.10599813517183063,0.09905777033418414,-0.9244253873825073,0.5716054201126098,-0.7569049835205078,0.029272574326023437,0.22176591530442238
2019-09-02 13:00:00,-2.096291124820709,3.319580817222595,-1.4806557059288026,0.012913717143237583,-0.4888500839471817,0.08467947468161582,0.3980462610721588,-1.4119064450263976,-0.5065341442823409,-0.3606324255466461,4.35174560546875,-0.39050350710749626,-0.25802208071108906,0.7043957814574242,1.2609973371028902,-1.015049722790718,-0.7941887080669403,-0.08571418561041355,0.19386733025312425,-0.12908223308622838,-0.2922926738858223,-0.32979184687137597,-0.900520133972168,0.013299886183813198,-0.17451355792582035,-0.9244253873825073,0.5716054201126098,-0.8903041899204254,0.12374027661280704,0.2580692822113633
2019-09-10 14:00:00,-10.439429759979246,10.151469326019287,-0.4454732000827789,-0.044638863299041945,0.08124100843269844,-2.414450478553772,1.1250550031661988,-3.407891273498535,0.7663737446069717,0.4246595799922943,3.4335731267929077,-1.8022338628768921,-0.47238421998918045,2.130492782592773,1.5705624282360076,-1.4074615240097046,-0.6731727898120881,0.07941732499748469,-0.9888346463441848,0.2609019341878593,-0.35442152470350263,0.3419457882642746,-2.253974938392639,-0.07939835619181393,-0.24290636405348778,0.14842440411448476,0.33185049146413803,-0.3567073807120323,-0.18327976651489736,0.40731649114750323
2019-09-10 15:00:00,-5.224968481063843,8.713177394866943,-0.8219031512737274,0.17118325196206569,0.03373339655809103,-3.7776121377944945,0.7817452847957612,-4.309303331375122,0.948217710852623,0.4246595799922943,0.6790553390979767,-1.936684215068817,-0.5138736043125391,1.7882291495800018,1.2609973371028902,-0.5665790915489197,-0.5521568894386291,0.003202773956581961,-1.0199581637978554,0.27992550233611835,-0.36477636694908144,0.3419457882642746,-2.0559084534645082,-1.0063808143138886,-0.20870996564626693,0.27464203089475636,0.38512938171625144,-0.023209356190636736,-0.15966286174952982,0.4920244582695886
2019-09-10 16:00:00,13.547095012664794,9.072750186920166,-1.1042257726192473,0.3438409537076951,0.12874859012663364,-4.3455963134765625,0.5394091010093689,-3.79421124458313,-0.41561219096183777,0.337404902279377,-0.46866031885147097,-2.13835985660553,-0.610682275146246,1.3033563554286958,0.6418673574924469,0.2743033304810524,0.41597034186124804,-0.03490445166826245,-1.2067006617784501,0.30846095150336617,-0.3751311093568802,0.2747720271348953,-1.6597753763198848,0.013299886183813198,-0.14031712748110292,0.08531559854745863,0.41176878809928913,-0.023209356190636736,0.029272574326023437,0.5888334410265089
2019-09-10 17:00:00,16.67577199935913,6.016378736495971,-1.7629781007766723,0.41578164249658583,-0.5838652908802033,-4.572790145874023,0.41824093759059905,-3.9229841470718383,-1.0520660817623138,-0.3606324255466461,-4.600436592102051,-2.6089365720748905,-0.5553630640730262,0.9610931247472763,-0.28682752251625054,0.9470092982053757,1.0210498511791228,-0.0984166071517393,-1.1755768835544587,0.31797277908772237,-0.3854859694838525,-0.26261807829141615,-1.0985866963863373,0.013299886183813198,-0.17451355792582035,0.02220678366720676,0.4650476261973381,0.0434902499662712,0.029272574326023437,0.6291704190894961
2019-09-11 13:00:00,-30.254386138916015,1.8812880635261533,-2.2335158705711367,-0.14535577334463595,0.17625618539750576,0.19827622696757316,1.3068072974681855,-0.7680403172969819,0.1299197761807591,-0.3606324255466461,5.2699182510375975,-0.02076458055526016,-0.1750431723892689,1.987882876396179,1.5086493015289306,-1.9119910299777985,-0.43114096820354464,0.13657826259732242,0.3183622986078263,-0.5380900293588639,-0.1680349141359329,-0.32979184687137597,-2.154941701889038,0.5694893211126327,0.3042362600564956,-0.7350989341735841,0.5183265760540963,0.0434902499662712,0.19459105506539345,0.2782378430943936
2019-09-11 14:00:00,1.032385915517807,3.1397941112518315,-2.5158383727073668,0.05607816260308026,-0.2988197460770607,-0.3697077624499798,0.9634976387023926,-1.3475200414657595,-1.50667604804039,-0.9714151203632355,5.040374374389648,-0.4913413241505623,-0.23036243822425603,2.0449267268180846,1.1990842640399935,-0.9589909255504608,-0.3101250797510147,0.06036370005458595,-0.17961745373904706,-0.32883021906018267,-0.230163799226284,-0.867181932926178,-1.890853226184845,0.5694893211126327,1.637896478176117,-0.671990129351616,0.4916870802640914,-0.8903041899204254,0.33629262037575247,0.30647382212337104
2019-10-02 12:00:00,-18.782567405700682,-5.310173845291138,-1.2924406766891479,-0.2460728608071804,0.03373339655809103,3.4357854604721068,0.1557099513709545,1.61426430940628,1.1300616323947907,-0.01161375828087326,5.040374374389648,1.7607044577598576,0.13612766191363335,0.39065439179539674,1.6943883001804352,-2.19228515625,0.77901811003685,-0.1492262862622738,-0.086246261652559,-0.18615309074521064,0.08048054294195024,-0.06109679256333037,0.15583481341600414,0.19869638308882712,-0.20870996564626693,-0.4195548415184021,0.43840823024511344,-0.4234069287776947,-0.017961283493787013,0.07655241570901125
2019-10-02 13:00:00,-7.3107527732849125,-2.074015736579895,-0.4454732000827789,0.07046628799289464,0.22376374676823615,2.64060777425766,0.05473649576306341,1.2279446244239807,0.6754517167806625,-0.18612308129668234,2.5154001951217646,1.0212267994880677,0.025489120185375212,0.4191763035953045,1.1990842640399935,-1.3514026641845702,0.658002170920372,-0.22544082067906857,-0.4286073423922061,-0.11005864180624483,0.7949625015258789,-0.19544433206319808,-0.042231770860962574,-0.2647948369383812,-0.24290636405348778,-0.4195548415184021,0.3584899514913559,-0.49010655879974363,-0.017961283493787013,0.07655241570901125
2019-10-02 14:00:00,-4.1820759773254395,-0.8155100405216217,0.02506435152608899,0.228735813498497,-0.013774182647466614,1.6750348687171936,-0.1875997979193926,0.06898561352863908,1.1300616323947907,-0.18612308129668234,-0.009574096929281916,0.48342476338148116,-0.016000324860215177,0.2765666361432523,1.1371714681386949,-0.11810847669839859,-0.6731727898120881,-0.3270601987838745,-0.521978560090065,0.032618492096662524,-0.6961302369832992,-0.12827055267989634,-0.07524293027818203,0.19869638308882712,0.09905777033418414,-0.6088813304901123,0.43840823024511344,-0.4234069287776947,-0.08881207183003423,0.13302430566400286
2019-10-02 15:00:00,4.161063146591188,-1.1750829637050628,-0.16315066441893578,0.387005352973938,0.22376374676823615,0.42546988278627396,-0.5107148475944996,-0.3817207485437394,-0.14284620345570148,0.07564089708030222,-0.6982034891843796,0.2817490426823497,-0.14046865999698638,-0.06569660045206546,0.579954418540001,0.49853864014148713,-0.06809325581416487,-0.39692353904247285,-0.5842260152101517,0.13724843189120295,0.2668671257793903,0.07325074234977363,0.0898126486397814,-0.07939835619181393,0.20164698883891105,-0.671990129351616,0.41176878809928913,-0.4234069287776947,-0.041578214941546295,0.20159737197682262
2019-10-02 16:00:00,4.161063146591188,-0.9952965021133423,0.11917184591293335,0.4301697790622711,-0.4413424998521805,-0.48330458886921407,-0.7328564744442702,-0.2529474403709173,-0.5974561542272567,-0.09886842165142297,-2.534548592567444,-0.32327821031212817,-0.18887299746274944,-0.5220476146787405,-0.3487405151128769,1.1151857912540435,-0.18910918384790418,-0.4858405351638794,-0.6464734271168708,0.16578385122120384,0.5153825625777244,-0.06109679256333037,0.48594573736190794,0.29139462411403655,-0.17451355792582035,-0.5457724660634994,0.19865328520536427,-0.623505774140358,-0.0651951443403959,0.29033896145410837
2019-10-02 17:00:00,8.332632732391357,-3.6920945405960084,0.02506435152608899,0.5452748961746694,-0.6788805007934571,-0.8240950345993042,-1.0155820559710265,-0.3173340575769543,-0.5065341442823409,-0.01161375828087326,-2.534548592567444,-0.5585665732622147,-0.1750431723892689,-0.8357888881117106,-1.7108263611793517,1.2833621621131897,0.05292264968156811,-0.5302989885210991,-0.6153497651219368,0.18480744883418082,-0.2612282320857048,0.006076979497447633,1.0141232848167419,-0.17209659740328792,-0.3112992197275162,-0.35644607096910474,0.3584899514913559,-0.623505774140358,-0.017961283493787013,0.35487825724994765
