,SHAP_OX_01,SHAP_HUM_01,SHAP_TEMP_01,SHAP_SPM_01,SHAP_OX_03,SHAP_TEMP_02,SHAP_HUM_22,SHAP_PM25_05,SHAP_TEMP_04,SHAP_PM25_22,SHAP_TEMP_12,SHAP_OX_08,SHAP_OX_05,SHAP_PM25_15,SHAP_TEMP_11,SHAP_OX_06,SHAP_WD_01,SHAP_TEMP_19,SHAP_PM25_02,SHAP_SPM_24,SHAP_TEMP_03,SHAP_PM25_04,SHAP_PM25_09,SHAP_PM25_20,SHAP_PM25_14,SHAP_SPM_14,SHAP_TEMP_16,SHAP_OX_10,SHAP_TEMP_24,SHAP_OX_22
2019-04-18 17:00:00,-9.50557918548584,0.2192428939044476,-6.844239854812622,-0.38413137644529344,-0.22073300033807755,2.682425117492676,0.11704558525234461,-0.3398815661668777,-1.242512035369873,-0.20973847433924675,3.26602680683136,-0.3050166050903499,-0.1430542948655784,-0.18584823459386826,2.6981045007705693,-0.051971208117902255,0.00801036488264796,0.051939668133854866,-0.22188829109072686,0.6206334948539733,-0.8871419727802277,0.34228832423686983,0.017833361029624958,-0.003386555891483986,0.1225418789312243,-0.7528344035148621,-0.09047053381800652,0.10415696045383811,-0.2228446312248707,-0.23808419601991768
2019-04-19 14:00:00,-8.583096694946288,0.3596155524253845,-4.483072185516358,-0.22551141530275345,0.950445157289505,2.031468039751053,-0.047767800651490666,-0.5784785747528076,-1.1407571583986282,0.1589000998530537,2.9092225074768066,0.18633223399519916,-0.7656539231538773,-0.12406495958566666,2.7456055402755744,-0.5363359987735749,0.00801036488264796,-0.02823199555277821,-0.2716469988226891,0.5113076239824296,-0.7924706026911736,0.002170891687273996,0.017391146346926702,-0.08591499179601667,0.2882511168718338,-0.285288842022419,-0.051849091798067105,0.049227371066808676,-0.28178151585161687,0.22112187296152114
2019-04-19 15:00:00,-5.815648221969605,0.2192428939044476,-4.66470057964325,-0.17263806536793708,0.24773826971650129,1.944674026966095,0.03463890179991722,-0.5784785747528076,-1.039002111554146,-0.18516257777810097,3.0281569838523867,-0.18217940069735047,-0.47266584634780884,0.1230681313201785,2.650603234767914,-0.5363359987735749,0.00801036488264796,-0.02622773870825764,-0.3711644232273102,0.45664463341236117,-0.8268965497612953,0.10568489201832561,0.01765646040439605,0.04613050366751848,0.0673054626677185,0.04867221666499969,-0.06696177199482918,-0.03865997549146412,-0.2745277389883995,0.26945936419069766
2019-04-19 16:00:00,-4.893165016174317,0.07887028772383926,-5.20958559513092,-0.25194807127118113,-0.33785084933042525,2.031468039751053,0.10674476483836767,-0.36970617920160287,-1.1204060822725297,-0.16058666706085206,2.9092225074768066,-0.26407088555861263,-0.21630131006240844,-0.12406495958566666,2.2468434214591984,-0.184070664527826,0.00801036488264796,-0.002176214009523386,-0.5204405080527068,0.34731871932744973,-0.8096836149692536,0.22398659363389015,0.017568051442503962,-0.01989224967546758,0.23301472514867783,-0.15170440450310704,-0.07871618270874017,-0.08260365370661017,-0.2663673035800457,0.19695314802229397
2019-04-19 17:00:00,-3.9706829309463503,-0.15508412197232246,-5.845283699035644,-0.19907475709915165,-0.6892042934894562,2.29185094833374,0.07584224306046962,-0.13110920861363412,-1.0797041475772855,-0.35719391107559206,2.4037489891052237,-0.26407088555861263,0.0034397032577544798,0.06128486283123491,2.199342179298401,0.12416145568713544,-1.4092361450195314,0.017866605520248414,-0.07261220202781257,0.2926557779312134,-0.8268965497612953,0.25356203466653826,0.017391146346926702,-0.11892635296098888,-0.09840378612279892,-0.15170440450310704,-0.08207453861832618,0.016269616200588637,-0.25367315765470266,0.22112187296152114
2019-04-22 14:00:00,-11.350544548034668,0.2192428939044476,-1.667834722995758,-0.040454745478928064,2.004506003856659,0.9899368524551392,0.07584224306046962,-0.39953079521656043,-0.815141236782074,0.3800832383334637,2.1658791661262513,0.30916942805051806,-0.875524389743805,-0.4947646617889404,2.1043397963047026,-0.184070664527826,0.00801036488264796,-0.00017190277576446534,-0.7194752626121044,0.12866688445210456,-0.7408318161964417,0.1648357564583421,0.017214259505271924,-0.26747755203396084,-0.26411306485533714,0.24904884845018388,-0.03169868811964983,-0.08260365370661017,-0.2745277389883995,0.02777195947710422
2019-04-22 15:00:00,-6.738130760192872,0.12566116228699684,-2.3943477630615235,-0.06689142175018785,1.0675630033016206,0.5993625875562429,0.22005398198962212,-0.2504076987504959,-0.9168961733579636,0.3800832383334637,2.2253467082977294,0.0634950267150998,-0.7656539231538773,-0.4947646617889404,2.0093373119831086,-0.6684355020523072,0.00801036488264796,-0.012197688221931435,-0.7692339897155762,0.07400392880663273,-0.6203409031033515,0.1352603180333972,0.017214259505271924,-0.08591499179601667,-0.26411306485533714,0.3158410906791687,-0.03337788581848145,-0.12654732274822889,-0.26818069964647284,-0.020565523370169096
2019-04-22 16:00:00,-5.815648221969605,0.07887028772383926,-2.9392323732376107,0.012418580055236793,0.01350264593493192,0.9465396478772163,0.292159828543663,-0.31005695313215254,-0.6319822147488594,0.10974830463528633,2.1064117014408112,0.0634950267150998,-0.5459128379821779,-0.4947646617889404,1.8430833995342255,-0.5363359987735749,0.00801036488264796,-0.010193374007940298,-0.8189927563071251,-0.03532199761830267,-0.5428825885057449,0.35707604289054873,0.016772062168456597,-0.08591499179601667,-0.26411306485533714,0.24904884845018388,-0.03169868811964983,-0.11556140370666981,-0.2645537953823805,-0.0930717546492815
2019-04-22 17:00:00,-3.9706829309463503,-0.29545679688453674,-3.8473733186721804,0.012418580055236793,-0.5720864593982697,1.206922572851181,0.34366398006677623,0.13731236830353735,-0.4488232612609863,-0.16058666706085206,1.8982757151126861,-0.38690808303654195,-0.2529247999191284,-0.4947646617889404,1.6768292009830474,-0.27213708311319357,0.00801036488264796,-0.006184754520654668,-0.42092311903834345,-0.19931088462471963,-0.6117344394326211,0.37186376154422757,0.017037387285381532,-0.10242066308856008,-0.26411306485533714,-0.08491220809519288,-0.03673631176352501,-0.04964589234441515,-0.25730005484074353,-0.14140921309590343
2019-05-10 14:00:00,-10.42806167602539,1.5761781930923466,-0.4872510939836502,-0.27838475406169894,0.5990917533636094,-0.4855659484863281,-0.21258119046688084,-0.6679523855447769,-0.2860152944922447,0.5521146014332772,2.0172104716300963,-0.14123366102576257,-0.289548359811306,0.2466346800327302,1.9380858778953551,-0.09600434619933368,0.00801036488264796,-0.044266355037689185,-1.6151319801807404,0.5933020383119583,-0.33632694035768507,-0.012616821564733954,0.018010237812995926,-0.449040075391531,0.5091968357563019,-0.5524576634168625,-0.03169868811964983,-0.01668814625591042,-0.2763411588966847,-0.4072653315961361
2019-05-10 15:00:00,0.6417306900024414,1.2954331159591677,-1.577020287513733,-0.19907475709915165,0.4819740056991577,0.03519973075017331,-0.03746695015579462,-0.6083031445741653,0.039600630942732085,-0.06228303958196193,2.0172104716300963,-0.14123366102576257,-0.06980730276554822,0.3702012762427331,1.8905846238136292,0.03609511600807309,0.00801036488264796,-0.02622773870825764,-2.1624776303768156,0.6752964615821839,-0.32772044837474823,0.25356203466653826,0.018098709359765076,-0.10242066308856008,0.17777828723192216,-0.5524576634168625,-0.03337788581848145,0.005283690406940861,-0.27815464958548547,-0.4072653315961361
2019-05-10 16:00:00,2.4866960048675537,1.2018513679504397,-1.849462866783142,-0.17263806536793708,-0.10361518058925864,0.5559654591139405,0.03463890179991722,-0.07145995954051612,0.0599516315385699,0.3800832383334637,1.9577431738376614,0.14538651928305626,-0.10643083333270624,-0.0004984134342521284,1.8905846238136292,0.30029409825801856,0.00801036488264796,-0.024223409593105327,-1.9634430646896361,0.5113076239824296,-0.43099825382232665,0.6232549607753753,0.017744926735758802,-0.003386555891483986,0.39872393906116477,-0.7528344035148621,-0.026661100238561664,0.005283690406940861,-0.29628907814621924,-0.4072653315961361
2019-05-10 17:00:00,5.25414423942566,0.7807334780693054,-2.9392323732376107,-0.14620140343904495,-1.5090291500091555,0.6861568585038185,0.014037245139479668,0.6741555988788605,-0.18426033258438107,-0.13601075038313867,1.9577431738376614,0.2682237148284912,-0.06980730276554822,0.2466346800327302,1.7243305325508118,0.25626092329621314,0.1261142418719828,-0.006184754520654668,-0.22188829109072686,0.7299594283103943,-0.5342760890722275,0.7859196811914444,0.017921802401542695,-0.08591499179601667,0.3434875294566154,-0.6860421597957611,-0.021623485535383263,0.005283690406940861,-0.27815464958548547,-0.3830966204404831
2019-05-10 18:00:00,8.021592569351196,0.8743151783943176,-3.3933028221130384,-0.17263806536793708,-1.743264651298523,1.206922572851181,0.06554143801331519,1.00222647190094,-0.4284722790122032,-0.28346616551280024,1.7496070683002471,0.5138981461524963,0.11331022018566728,0.1848514162003994,1.4630738794803617,0.30029409825801856,0.1261142418719828,-0.004180470854043961,0.32545741870999334,0.6206334948539733,-0.5600955337285997,0.7267688870429992,0.017037387285381532,-0.003386555891483986,0.3434875294566154,-0.8196266293525696,-0.026661100238561664,-0.07161773126572368,-0.26364707648754127,-0.3830966204404831
2019-05-10 19:00:00,9.866557788848876,0.8275242924690247,-3.8473733186721804,-0.14620140343904495,-2.094618177413941,1.4239080995321276,0.07584224306046962,0.8829278945922852,-0.4895252875983715,-0.16058666706085206,1.4225362181663512,0.4729524254798889,0.5527923256158829,0.1848514162003994,1.011812973022461,0.5204599052667618,0.1261142418719828,-0.012197688221931435,0.9225619316101076,0.6206334948539733,-0.6633733794093133,0.20919886976480478,0.01686049634590744,-0.05290361307561394,0.2882511168718338,-0.6860421597957611,-0.026661100238561664,-0.1045754832215607,-0.26274038255214693,-0.5039403811097146
2019-05-10 20:00:00,6.176626729965209,0.6871517181396485,-3.0300464630126953,-0.14620140343904495,-2.4459717512130736,1.6408939898014068,0.08614309597760439,-0.16093382984399796,-0.7337371438741684,-0.28346616551280024,0.85759536921978,0.5138981461524963,0.6260392397642136,0.1230681313201785,0.3705470129847526,1.0488578021526336,-1.2911322832107541,-0.01821054518222809,1.7187010526657105,0.6206334948539733,-0.7064058452844619,0.04653404178097842,0.015268583595752717,-0.01989224967546758,0.3434875294566154,-0.8864186406135559,-0.0233026690781117,-0.17049099486321212,-0.25457983557134867,-0.5039403811097146
2019-05-10 21:00:00,5.25414423942566,1.0146878242492678,-2.3943477630615235,-0.25194807127118113,-2.680207371711731,1.250319680571556,0.07584224306046962,-0.48900464475154876,-0.8354921162128448,-0.20973847433924675,0.05478483140468597,0.7186267763376235,0.7359097898006439,0.1848514162003994,-0.08071413268335162,1.1369241774082182,-0.7006128907203675,-0.012197688221931435,1.519666302204132,0.5659705311059952,-0.7494382739067078,-0.13091853074729443,0.01305754198692739,-0.11892635296098888,0.1225418789312243,-0.7528344035148621,-0.0233026690781117,-0.15950509067624807,-0.25367315765470266,-0.4556028820574284
2019-05-10 22:00:00,4.331662130355835,0.5935699164867401,-4.301444244384767,-0.25194807127118113,-2.211736035346985,0.9465396478772163,0.02433806657791137,-0.8469001710414886,-0.937247171998024,-0.2588902927935124,-0.5101559162139893,1.209975653886795,0.8457802921533585,-0.06228167703375218,-0.46072345674037934,1.2690237164497375,-0.9368205845355988,-0.012197688221931435,1.5694250941276553,0.40198167860507966,-0.671979857981205,-0.3675219029479194,0.012084681866690516,-0.05290361307561394,0.23301472514867783,-0.6192498803138733,-0.01154834367334843,-0.17049099486321212,-0.2455126591026783,-0.3830966204404831
2019-05-11 04:00:00,-8.583096694946288,0.45319727957248696,-6.662611389160157,-0.19907475709915165,0.4819740056991577,3.0729995250701903,-0.08897114698775112,-0.7872509121894836,-1.6902338981628418,-0.18516257777810097,0.14398598120460518,1.4147044658660888,0.0034397032577544798,-4.016411280632019,0.5605517387390136,0.7846588611602783,-0.9368205845355988,-0.14448093939572576,1.1215967714786528,0.7299594283103943,-1.0248458325862886,-0.17528167627751828,0.018629342317581194,-0.10242066308856008,-3.191642975807189,0.11546441763639448,0.1446168445982039,-0.46711075901985166,-0.2500462967902422,-0.3105904087424279
2019-05-11 13:00:00,-9.50557918548584,1.1550604939460754,-0.4872510939836502,-0.19907475709915165,1.6531521916389464,0.5559654591139405,-0.264085384644568,-0.548653969168663,-0.9779491305351258,0.5275387063622475,1.392802304029465,0.8005182951688766,0.1499337311834097,-0.18584823459386826,1.4630738794803617,0.4764267534017563,0.00801036488264796,-0.11842515468597412,-0.42092311903834345,0.12866688445210456,-0.6891928583383561,0.12047260544495657,0.017214259505271924,-0.16844342835247517,-0.09840378612279892,0.3826332569122314,0.05394027233123779,-0.24739239327609538,-0.32983776181936253,0.53531555198133
2019-05-11 14:00:00,2.4866960048675537,1.1550604939460754,-0.12399458326399329,-0.17263806536793708,1.1846807122230527,0.03519973075017331,-0.17137785386294122,-0.3398815661668777,-0.7947901993989944,0.25720373727381235,1.4225362181663512,0.7595725417137147,-0.06980730276554822,-0.3094147920608521,1.4155727744102475,0.5644930750131607,0.00801036488264796,-0.13646376598626378,-1.2668209612369539,-0.03532199761830267,-0.5342760890722275,0.22398659363389015,0.017391146346926702,0.09564756508916614,0.17777828723192216,0.3158410906791687,0.018677149340510325,-0.2693642545491457,-0.3189571261405945,0.6078217258676886
2019-05-11 15:00:00,7.099109697341919,1.2018513679504397,0.05763353547081351,-0.14620140343904495,-0.22073300033807755,-0.13838881757110358,-0.19197951029054827,-0.13110920861363412,-0.4284722790122032,-0.03770714811980723,1.363068836927414,0.6776810348033905,-0.4360423192381858,-0.0004984134342521284,1.3680716931819918,0.30029409825801856,0.00801036488264796,-0.15049378778785466,-1.018027636408806,-0.0899849540553987,-0.43099825382232665,0.2683497563004494,0.017214259505271924,0.02962482151342553,0.2882511168718338,0.24904884845018388,0.0018851928412914275,-0.24739239327609538,-0.3162369683384896,0.6803279852028936
2019-05-11 16:00:00,9.866557788848876,1.2486423134803772,-0.7596934765577317,-0.22551141530275345,-1.743264651298523,-0.22518313983455301,-0.1816786851733923,-0.04163533104583616,-0.18426033258438107,-0.43092159321531653,1.303601211309433,0.7595725417137147,-0.289548359811306,0.1230681313201785,1.3680716931819918,-0.14003753382712605,0.00801036488264796,-0.10840365132316947,-1.1175448924303053,-0.14464790001511574,-0.39657229185104376,0.5197409242391586,0.017302685976028458,0.04613050366751848,0.23301472514867783,0.24904884845018388,0.0002059716731309835,-0.23640649430453778,-0.3053562738001347,0.7286655250936747
2019-05-11 17:00:00,17.246419525146486,0.6403607964515686,-2.485161769390106,-0.06689142175018785,-2.3288540124893187,0.16539117656648158,-0.15077617578208447,0.4653832733631134,-0.1028563192114234,-0.33261800073087217,1.303601211309433,0.5138981461524963,0.1499337311834097,0.06128486283123491,1.2968199312686919,0.03609511600807309,0.1261142418719828,-0.06631356552243231,-1.018027636408806,-0.0899849540553987,-0.379359370470047,0.44580237865447997,0.016683617417584173,-0.15193774811923505,-0.04316737493500111,0.11546441763639448,0.00860196859575812,-0.21443466134369374,-0.30082268491387376,0.6319905644282698
2019-05-11 18:00:00,12.63400659561157,0.9211060643196106,-3.4841169357299813,-0.19907475709915165,-2.680207371711731,0.9899368524551392,-0.22288201963528995,0.3162601053714752,-0.06215433268807826,-0.35719391107559206,1.2143999993801118,0.10444076079875228,0.6260392397642136,-0.24763151109218598,0.9880622893571853,0.5644930750131607,0.1261142418719828,-0.046270599961280814,-0.22188829109072686,-0.14464790001511574,-0.4568177402019501,0.4753777593374252,0.016064527444541416,-0.16844342835247517,-0.20887663215398788,0.3158410906791687,0.006922833414864715,-0.23640649430453778,-0.29628907814621924,0.6078217258676886
2019-05-11 19:00:00,8.944074440002442,0.7807334780693054,-2.757603824138642,-0.22551141530275345,-3.6171499490737915,1.4673053562641143,-0.13017449323087932,0.3759093686938285,-0.2453132968395948,-0.06228303958196193,0.8278616428375244,0.2682237148284912,0.809156847000122,-0.43298130929470063,0.726805928349495,1.1369241774082182,0.3623219981789589,-0.044266355037689185,-0.022853488614782664,-0.14464790001511574,-0.6203409031033515,0.44580237865447997,0.015445438213646407,-0.2014547860773746,-0.09840378612279892,0.1822566494345665,0.010281220450997367,-0.17049099486321212,-0.30444958955049506,0.5836530566215515
2019-05-11 20:00:00,14.478972434997559,0.7807334780693054,-3.2116748094558716,-0.14620140343904495,-3.0315607070922854,1.1201282709836957,-0.047767800651490666,0.3162601053714752,-0.6319822147488594,-0.03770714811980723,0.5007906422019005,0.7595725417137147,0.9190273821353913,-0.3094147920608521,0.726805928349495,1.3570900321006776,0.1261142418719828,-0.05428779199719428,2.0670120239257814,0.07400392880663273,-0.7150123015046119,0.20919886976480478,0.01518011856824159,-0.11892635296098888,-0.20887663215398788,-0.01811999820347408,0.01363955736160274,-0.060631811060011385,-0.31079665273427964,0.3419655717909335
2019-05-11 21:00:00,11.71152391433716,0.9678969264030457,-2.757603824138642,-0.22551141530275345,-2.5630897283554077,1.3371138751506808,-0.016865298524498924,-0.16093382984399796,-0.855843135714531,0.01144467145204544,0.5007906422019005,1.2918672204017638,1.2120154678821562,-0.43298130929470063,0.513050538301468,1.48918958902359,-0.7006128907203675,-0.05228349417448044,1.9674946069717412,0.07400392880663273,-0.6461603865027428,0.15004802606999873,0.01367663526907563,-0.08591499179601667,-0.15364021081477403,-0.01811999820347408,0.01363955736160274,-0.1045754832215607,-0.2917554512619972,0.12444692887365816
2019-05-11 22:00:00,11.71152391433716,0.5467790275812149,-4.301444244384767,-0.22551141530275345,-3.2657962322235106,1.1201282709836957,-0.006564435735344857,-0.2802322819828987,-0.6930351763963699,-0.11143485612701624,0.2331871759146452,1.4965957641601564,1.0288977921009064,-0.3711980402469635,0.08554003478493541,1.8414546847343445,-0.9368205845355988,-0.05629211142659187,1.6191835284233094,-0.0899849540553987,-0.6891928583383561,-0.4710360422730445,0.014118864201009268,-0.10242066308856008,-0.5402951568365097,-0.01811999820347408,0.018677149340510325,-0.23640649430453778,-0.2727143429219724,0.0761094370856881
2019-05-11 23:00:00,-3.048200511932373,0.3596155524253845,-5.20958559513092,-0.14620140343904495,-2.914443087577819,1.8578796327114104,-0.027166122198104836,-1.5328664779663086,-0.7947901993989944,-0.16058666706085206,-0.3020198717713356,1.6194329798221587,0.8824039161205292,-0.80368093252182,-0.19946702495217322,1.621289038658142,-0.9368205845355988,-0.060300655290484416,1.2211140275001524,-0.2539738655090332,-0.6461603865027428,-0.44146049953997135,0.013941928371787062,-0.18494912358000876,-0.9269500792026519,0.1822566494345665,0.0405066918581724,-0.3792234532535076,-0.26364707648754127,0.0761094370856881
2019-05-23 15:00:00,-9.50557918548584,0.8275242924690247,-1.0321358680725097,-0.331258088350296,0.24773826971650129,0.5559654591139405,0.23035481274127956,-0.8170754849910736,-0.6930351763963699,0.3309314511716366,2.1064117014408112,-0.34596230201423167,-0.47266584634780884,0.6173343181610107,1.819332879781723,-0.44826967269182205,0.1261142418719828,-0.010193374007940298,-0.8189927563071251,0.1833298496901989,-0.5600955337285997,0.20919886976480478,0.017744926735758802,0.06263618869706986,-0.09840378612279892,-0.35208104848861693,-0.021623485535383263,0.07119919508695602,-0.2908486982807517,0.051940703345462656
2019-05-23 16:00:00,-5.815648221969605,0.5467790275812149,-2.031091022491455,-0.27838475406169894,-0.10361518058925864,0.2955826073884964,0.28185901790857315,-0.16093382984399796,-0.4895252875983715,-0.08685895493254066,1.8685419857501988,-0.3050166050903499,-0.17967783845961094,-0.3094147920608521,1.6293281435966491,-0.184070664527826,0.00801036488264796,-0.012197688221931435,-0.8189927563071251,0.2379928022623062,-0.5342760890722275,0.2387743376195431,0.017302685976028458,0.16167032048106192,-0.04316737493500111,-0.21849663257598878,-0.03337788581848145,0.060213287547230696,-0.28178151585161687,-0.2864216938614845
2019-05-23 17:00:00,2.4866960048675537,0.2192428939044476,-3.3024887084960937,-0.19907475709915165,-0.22073300033807755,0.7729511298239231,0.24065559431910516,-0.10128458980470896,-0.4284722790122032,-0.3817697988823056,1.630672138929367,-0.18217940069735047,0.0034397032577544798,-0.24763151109218598,1.2968199312686919,0.16819461252889595,0.00801036488264796,-0.012197688221931435,-0.9682687878608703,0.1833298496901989,-0.48263715505599974,0.3866514801979065,0.017214259505271924,0.17817601934075353,0.23301472514867783,-0.5524576634168625,-0.03169868811964983,0.060213287547230696,-0.2763411588966847,-0.5281090848147871
2019-05-23 18:00:00,7.099109697341919,-0.014711508154869041,-4.483072185516358,-0.22551141530275345,-0.6892042934894562,1.3805110037326813,0.1582489680498838,0.19696161299943923,-0.3063662838190794,-0.5292252019047737,1.2143999993801118,0.0634950267150998,0.11331022018566728,0.06128486283123491,1.0355634093284607,0.3883604153990746,0.00801036488264796,-0.01821054518222809,-0.07261220202781257,0.2379928022623062,-0.5773085594177246,0.3866514801979065,0.016948944702744478,0.16167032048106192,0.2882511168718338,-0.35208104848861693,-0.03673631176352501,0.049227371066808676,-0.2618336593732238,-0.624784130603075
2019-05-23 19:00:00,-0.2807519569993019,0.0320793541613966,-5.118771290779113,-0.30482139885425574,-1.743264651298523,1.944674026966095,0.10674476483836767,0.19696161299943923,-0.5302272751927376,-0.5538010600954294,0.8873290479183197,0.3910609185695649,0.1499337311834097,0.1230681313201785,0.8455587744712829,0.5204599052667618,0.1261142418719828,-0.004180470854043961,0.5244923189282418,0.40198167860507966,-0.697799238562584,0.43101464211940765,0.01747957821935416,0.01311914636753499,0.3434875294566154,-0.41887322068214417,-0.03169868811964983,0.016269616200588637,-0.2527664747089148,-0.6489527881145477
2019-05-23 20:00:00,-7.660614633560181,0.12566116228699684,-4.66470057964325,-0.331258088350296,-2.3288540124893187,2.248453950881958,0.1582489680498838,0.28643541485071183,-0.815141236782074,-0.5292252019047737,0.6494592219591142,0.5957896143198014,0.29642775654792786,0.1848514162003994,0.5843023866415025,0.5644930750131607,0.00801036488264796,-0.006184754520654668,1.7187010526657105,0.5113076239824296,-0.8096836149692536,0.1648357564583421,0.015533903473988156,0.04613050366751848,0.1225418789312243,-0.5524576634168625,-0.018265091627836245,-0.04964589234441515,-0.24732611104846,-0.7214590236544609
2019-05-23 21:00:00,-7.660614633560181,0.0320793541613966,-5.391213512420654,-0.3576947346329689,-1.3919113516807555,2.031468039751053,0.12734643248841165,-0.2504076987504959,-1.0797041475772855,-0.3080420702695847,0.3223883619066328,0.7186267763376235,0.6260392397642136,-0.06228167703375218,0.5843023866415025,0.7406257271766663,-0.11009350121021266,-0.00017190277576446534,2.16652934551239,0.5659705311059952,-0.8699291408061981,-0.012616821564733954,0.01535698510706424,-0.2014547860773746,-0.15364021081477403,-0.35208104848861693,-0.004831575602293067,-0.13753323411801827,-0.24823276624083518,-0.7939652234315873
2019-05-25 11:00:00,-10.42806167602539,0.9211060643196106,2.1463585138320926,-0.14620140343904495,1.0675630033016206,-0.8761402189731597,-0.3258904031477869,-1.0258478462696075,-0.32671728227287533,1.6334543764591216,0.2629208895377815,0.8005182951688766,-0.03318378240219315,2.8415321350097655,0.34679645746946336,0.43239360451698305,0.1261142418719828,-0.21262689149007202,0.37521611079573625,0.6206334948539733,-0.3535399153828621,-0.05697994651272893,0.018275579810142533,-1.0597505301237107,1.9453436613082886,-0.6192498803138733,0.09424094869755206,-0.17049099486321212,-0.3452520310878754,-0.044734259159304166
2019-05-25 12:00:00,1.5642133593559266,0.9211060643196106,2.600428748130798,-0.09332809075713155,0.8333274304866791,-1.2233173131942752,-0.3258904031477869,-0.697776973247528,-0.0011013523675501,1.7071820080280304,0.025051105953752976,0.6776810348033905,-0.03318378240219315,1.976566457748413,0.32304590120911597,0.3443272367119789,0.00801036488264796,-0.18456681109964843,0.22594001591205598,0.34731871932744973,-0.25026208907365793,-0.012616821564733954,0.017744926735758802,-0.795659562945366,1.3929794669151305,-0.6192498803138733,0.09592015594244002,-0.21443466134369374,-0.36429320946335797,-0.0930717546492815
2019-05-25 13:00:00,9.866557788848876,1.1550604939460754,2.9636856317520146,-0.25194807127118113,-0.10361518058925864,-1.4403031706809997,-0.31558956298977137,-0.6083031445741653,0.24311056584119797,1.289391696453095,-0.004682583082467308,0.6367353469133377,-0.2529247999191284,1.358733558654785,0.34679645746946336,0.3443272367119789,0.00801036488264796,-0.1685324337333441,-0.8687514275312423,0.5659705311059952,-0.18141022901982068,0.03174632758600639,0.017921802401542695,-0.3004889290779829,0.9510881721973419,-0.6192498803138733,0.09424094869755206,-0.24739239327609538,-0.35431928783655164,-0.14140921309590343
2019-05-25 14:00:00,5.25414423942566,1.4358056664466858,3.417755961418152,-0.22551141530275345,-1.6261468768119811,-1.6138915300369263,-0.25378454513847837,-0.5188293069601061,0.40591856092214584,0.8961772710084915,0.025051105953752976,0.5548438727855682,-0.17967783845961094,0.8644674718379974,0.46554941833019264,0.08012827113270757,0.00801036488264796,-0.15650666207075117,-1.7644080340862274,0.7299594283103943,-0.1383777868002653,0.07610945440828798,0.017921802401542695,0.5743125233799219,0.7853789031505585,-0.6192498803138733,0.08752418216317889,-0.21443466134369374,-0.3579461583925877,-0.1172404661774635
2019-05-25 15:00:00,2.4866960048675537,1.4358056664466858,3.417755961418152,-0.27838475406169894,-2.680207371711731,-1.8308771848678589,-0.22288201963528995,-0.4293553978204727,0.5076735496520997,0.1589000998530537,0.17371971439570189,0.5548438727855682,0.11331022018566728,0.6791175961494446,0.46554941833019264,0.16819461252889595,0.00801036488264796,-0.15851099714636802,-1.863925439119339,0.6206334948539733,-0.10395186580717564,0.4014391481876373,0.018098709359765076,0.6568408831954002,0.7301424652338027,-0.4856654733419418,0.07241140725091097,-0.20344875734299422,-0.35613272450864314,-0.14140921309590343
2019-05-25 16:00:00,8.944074440002442,1.0614787340164185,2.5096147298812865,-0.25194807127118113,-2.094618177413941,-1.8308771848678589,-0.264085384644568,0.2267862856388092,0.5890775114297867,-1.1436229228973387,0.17371971439570189,0.30916942805051806,0.5894157499074936,0.6173343181610107,0.41804821491241456,0.5204599052667618,0.00801036488264796,-0.15650666207075117,-1.4160971760749819,0.5659705311059952,-0.06091942787170409,0.6676179856061936,0.01712581720203163,0.6403352800756693,0.4539604127407074,-0.35208104848861693,0.08584498949348926,-0.1814769197255373,-0.33890501111745835,-0.1172404661774635
2019-05-25 17:00:00,10.789039516448973,0.7807334780693054,1.0565888643264771,-0.14620140343904495,-1.743264651298523,-1.3969058394432068,-0.25378454513847837,0.7636294454336167,0.6908323913812638,-1.2665023326873779,0.11425226237624883,0.3910609185695649,0.9190273821353913,0.30841797292232515,0.1567917753010988,1.092891055345535,0.00801036488264796,-0.1484895035624504,-0.9682687878608703,0.5659705311059952,-0.06091942787170409,0.6971934676170349,0.01686049634590744,0.40925565809011466,0.1225418789312243,-0.21849663257598878,0.08752418216317889,-0.1814769197255373,-0.3262109473347664,-0.0930717546492815
2019-05-25 18:00:00,0.6417306900024414,0.9678969264030457,0.33007598109543324,-0.30482139885425574,-2.5630897283554077,-0.7025516569614411,-0.25378454513847837,0.823278683423996,0.6908323913812638,-1.241926547884941,-0.21281867250800132,0.7186267763376235,0.7359097898006439,-0.06228167703375218,-0.03321291897445917,1.48918958902359,0.1261142418719828,-0.1304508870001882,-0.22188829109072686,0.6206334948539733,-0.14698428995907306,0.564104026556015,0.016595181380398547,0.24419875815510755,0.23301472514867783,-0.41887322068214417,0.08584498949348926,-0.11556140370666981,-0.3189571261405945,-0.06890300121158359
2019-05-25 19:00:00,-2.1257174253463744,1.2954331159591677,0.8749606668949127,-0.331258088350296,-2.7973249912261964,-0.35537456721067423,-0.27438621167093513,0.5548570960760116,0.48732250928878784,-0.8978637993335724,-0.45068846046924593,1.250921380519867,0.6260392397642136,0.06128486283123491,-0.41322237998247147,1.2690237164497375,0.00801036488264796,-0.14648523069918154,0.8230444759130477,0.5659705311059952,-0.2846880316734315,0.43101464211940765,0.016329845692962384,0.11215326227247716,0.23301472514867783,-0.4856654733419418,0.07744899746030567,-0.13753323411801827,-0.3135167960077524,0.0761094370856881
2019-05-25 20:00:00,5.25414423942566,1.2486423134803772,1.4198453187942504,-0.3576947346329689,-1.5090291500091555,-0.6157573729753494,-0.22288201963528995,0.28643541485071183,0.1617065817117691,-0.6521047696471214,-0.9264279901981354,1.6194329798221587,0.8824039161205292,0.06128486283123491,-0.6982293158769608,1.1369241774082182,0.3623219981789589,-0.1484895035624504,2.6641169786453247,0.5659705311059952,-0.3535399153828621,0.20919886976480478,0.01438413672149182,0.06263618869706986,0.3434875294566154,-0.41887322068214417,0.07744899746030567,-0.2254205770790577,-0.3144235379993916,-0.020565523370169096
2019-05-25 21:00:00,-0.2807519569993019,0.9211060643196106,0.05763353547081351,-0.27838475406169894,-1.157675623893738,-0.8761402189731597,-0.23318285308778286,-0.16093382984399796,-0.0011013523675501,-0.45549747366458176,-1.283232796192169,1.4147044658660888,0.9556508600711823,0.1848514162003994,-0.8882340967655182,1.4451562404632565,-1.0549244284629822,-0.14648523069918154,2.763633596897126,0.5659705311059952,-0.3019009932875633,-0.10134310545399786,0.01279220413416621,0.04613050366751848,-0.26411306485533714,-0.285288842022419,0.08080737623386083,-0.36823750957846646,-0.3135167960077524,0.02777195947710422
2019-05-25 22:00:00,-0.2807519569993019,0.6871517181396485,-0.03318042419850825,-0.22551141530275345,-2.094618177413941,-0.22518313983455301,-0.23318285308778286,-0.7872509121894836,0.12100461083464323,-0.3817697988823056,-1.521102523803711,1.2918672204017638,0.5527923256158829,-0.4947646617889404,-1.006987029314041,1.5332225799560546,-1.0549244284629822,-0.13646376598626378,1.8182185888290405,0.5659705311059952,-0.25026208907365793,-0.6484885156154633,0.012615355674643041,-0.03639792362228032,-0.42982231378555297,-0.15170440450310704,0.09927855008281765,-0.46711075901985166,-0.3098898774012923,0.02777195947710422
2019-05-25 23:00:00,4.331662130355835,0.45319727957248696,-1.122949981689453,-0.17263806536793708,-1.3919113516807555,-0.18178592957556247,-0.21258119046688084,-1.8907616853713989,0.24311056584119797,-0.35719391107559206,-1.6697710752487183,1.5784872412681579,0.44292179197072984,-0.6801144301891326,-1.1019893944263457,1.0488578021526336,-0.9368205845355988,-0.13646376598626378,1.0718379914760587,0.5659705311059952,-0.379359370470047,-0.6780639708042144,0.013411333737894906,-0.13543206062167884,-0.5955315738916397,-0.08491220809519288,0.11271210741251707,-0.4121811851859093,-0.3017293676733971,0.0761094370856881
2019-05-26 00:00:00,5.25414423942566,0.31282464861869813,-1.667834722995758,-0.19907475709915165,-1.3919113516807555,0.3389797084033489,-0.202280373161193,-1.9504111289978028,-0.06215433268807826,-0.23431439176201824,-1.7887060523033143,1.6603787302970887,0.7359097898006439,-0.8654642403125763,-1.220742282271385,0.9167583048343658,-0.9368205845355988,-0.1404723536223173,1.2211140275001524,0.5659705311059952,-0.38796584755182273,-0.39709738548845047,0.01420725360512733,-0.10242066308856008,-0.7612407505512238,0.24904884845018388,0.13957922384142876,-0.3792234532535076,-0.30898317620158194,0.1727844014763832
2019-05-26 01:00:00,-1.203234815597534,0.5467790275812149,-1.849462866783142,-0.17263806536793708,-1.977500236034393,0.5993625875562429,-0.17137785386294122,-1.3837433278560638,-0.08250532476231454,-0.08685895493254066,-1.9373747587203982,1.209975653886795,0.5161687821149826,-1.0508141100406647,-1.220742282271385,1.2690237164497375,-0.9368205845355988,-0.16251958012580867,0.8728032648563385,0.45664463341236117,-0.49124367386102674,-0.17528167627751828,0.015533903473988156,-0.10242066308856008,-1.97644202709198,0.3826332569122314,0.15972958307829682,-0.45612486600875857,-0.3098898774012923,0.24529063738882537
2019-05-26 02:00:00,1.5642133593559266,0.4999881476163865,-1.849462866783142,-0.19907475709915165,-2.094618177413941,0.6861568585038185,-0.19197951029054827,-0.9363738656044006,-0.32671728227287533,-0.13601075038313867,-1.9373747587203982,1.087138479948044,0.5161687821149826,-2.4100462555885316,-0.9832365036010741,1.0048246979713442,-0.9368205845355988,-0.17855391206685453,1.171355348825455,0.34731871932744973,-0.5428825885057449,-0.21964482218027115,0.017391146346926702,-0.06940930878045035,-2.970697402954101,-0.01811999820347408,0.17316315216012299,-0.47809671610593796,-0.30898317620158194,0.1727844014763832
2019-05-26 03:00:00,-3.9706829309463503,1.1082696497440336,-1.4862063765525817,-0.25194807127118113,-1.2747934579849247,0.6861568585038185,-0.1816786851733923,-1.0258478462696075,-0.4488232612609863,-0.13601075038313867,-1.6400373220443725,1.4147044658660888,0.699286299943924,-3.52214515209198,-0.6032270193099976,1.0048246979713442,-0.9368205845355988,-0.21062257196754217,1.370390146970749,0.2379928022623062,-0.5600955337285997,-0.1161308117210865,0.020663439482450464,-0.25097184609621764,-3.0811700582504273,0.04867221666499969,0.1815591322258115,-0.35725157111883166,-0.30444958955049506,0.1486156579107046
2019-05-26 04:00:00,2.4866960048675537,0.9678969264030457,-0.9413216978311538,-0.331258088350296,-1.6261468768119811,0.512568281777203,-0.16107701621949674,-0.8170754849910736,-0.4895252875983715,-0.18516257777810097,-1.1642977833747863,1.1690299093723298,0.7359097898006439,-3.6457114458084106,-0.41322237998247147,1.2249905824661254,-0.9368205845355988,-0.23467409778386356,1.022079288959503,0.40198167860507966,-0.5600955337285997,-0.20485708378255368,0.020840387046337144,-0.3004889290779829,-2.5840425968170164,-0.08491220809519288,0.18827585494145752,-0.32429381683468816,-0.30444958955049506,0.1002781767398119
2019-05-26 05:00:00,17.246419525146486,0.8743151783943176,-0.5780651450157166,-0.30482139885425574,-0.9234399259090423,0.25218544900417333,-0.15077617578208447,-0.9960232198238372,-0.4895252875983715,0.08517239803913981,-0.9264279901981354,1.1690299093723298,0.4795452743768692,-3.0896621227264403,-0.5557258859276772,1.2690237164497375,-0.9368205845355988,-0.2507084604352713,1.2211140275001524,0.45664463341236117,-0.5256696060299874,-0.26400796584784986,0.019159986823797225,-0.350005977973342,-2.0869148850440977,-0.01811999820347408,0.1966718608513474,-0.4121811851859093,-0.3062629997730255,0.1002781767398119
2019-05-26 06:00:00,16.323935317993165,0.7339425921440125,-0.5780651450157166,-0.25194807127118113,-1.743264651298523,0.07859689155593512,-0.1816786851733923,-1.1153216660022736,-0.4081212252378464,0.1589000998530537,-1.1048302412033082,1.373758536577225,0.5894157499074936,-2.5336125612258913,-0.6982293158769608,0.9607914507389068,-0.9368205845355988,-0.2607298783957958,0.9723205506801605,0.40198167860507966,-0.4740307733416557,-0.1604939751327038,0.017833361029624958,-0.39952307045459745,-1.258368444442749,0.24904884845018388,0.1966718608513474,-0.3462656706571579,-0.3162369683384896,-0.044734259159304166
2019-05-26 07:00:00,14.478972434997559,0.8275242924690247,0.9657749712467194,-0.19907475709915165,-3.6171499490737915,0.07859689155593512,-0.202280373161193,-0.9065493464469909,-0.2860152944922447,0.2326278276741504,-1.283232796192169,1.4147044658660888,0.36967473179101945,-1.6068634629249572,-0.3419705621898174,1.092891055345535,-0.9368205845355988,-0.2687470391392708,0.6737683057785034,0.2926557779312134,-0.43960477113723756,-0.21964482218027115,0.018098709359765076,-0.7626481279730797,-0.09840378612279892,-0.15170440450310704,0.17987987715750933,-0.3462656706571579,-0.32349073141813284,0.003603214025497406
2019-05-26 08:00:00,10.789039516448973,0.8275242924690247,2.327986788749695,-0.22551141530275345,-3.5000322818756104,-0.6591544330120087,-0.202280373161193,-1.0258478462696075,-0.204611299559474,0.30635553970932955,-0.8372268974781036,1.1280841529369354,0.6260392397642136,-0.3094147920608521,-0.31821999475359913,0.8286920487880707,-1.4092361450195314,-0.27876852229237553,0.6240096062421798,0.1833298496901989,-0.43960477113723756,-0.14570624120533465,0.01747957821935416,-1.0597505301237107,1.9453436613082886,-0.21849663257598878,0.15301279660779982,-0.40119527503848074,-0.3379982724785805,0.19695314802229397
2019-05-26 11:00:00,-8.583096694946288,0.6871517181396485,4.053454732894897,0.06529191220179198,-0.5720864593982697,-2.0044659614562987,-0.31558956298977137,-0.6679523855447769,0.44662058651447295,1.3385435521602629,-0.2722860865294933,1.2918672204017638,1.1021447956562045,0.9262508511543274,0.1567917753010988,1.797421634197235,0.00801036488264796,-0.22665689904242753,-0.3711644232273102,-0.2539738655090332,-0.1297713115811348,0.061321765184402445,0.017744926735758802,-0.795659562945366,0.17777828723192216,0.04867221666499969,0.15972958307829682,-0.36823750957846646,-0.3606663582846522,0.6078217258676886
2019-05-26 12:00:00,7.099109697341919,0.9678969264030457,4.7799680709838865,0.012418580055236793,0.36485613435506814,-2.1346572637557983,-0.31558956298977137,-0.45918003022670745,0.5280245333909989,1.1173603236675262,-0.21281867250800132,1.9469990313053132,0.9556508600711823,-0.0004984134342521284,0.1567917753010988,1.7093552827835083,0.00801036488264796,-0.21062257196754217,-0.6697165556252003,0.07400392880663273,-0.02649349346756934,0.15004802606999873,0.018098709359765076,-0.5480742469429971,0.3434875294566154,0.1822566494345665,0.1345416896045208,-0.3023220017552376,-0.36429320946335797,0.53531555198133
2019-05-26 13:00:00,8.021592569351196,1.0614787340164185,4.870782375335694,-0.11976474821567533,-0.33785084933042525,-2.481834387779235,-0.23318285308778286,-0.2802322819828987,0.7722364306449891,0.8961772710084915,-0.21281867250800132,1.9060532033443451,0.2598042473196983,0.1848514162003994,0.061789448370109315,1.5332225799560546,0.00801036488264796,-0.2226483178907074,-0.9185101255774498,0.019340980821289145,-0.0006740564480424135,0.25356203466653826,0.01765646040439605,-0.2014547860773746,-0.04316737493500111,0.11546441763639448,0.13286244636401537,-0.3792234532535076,-0.3688268382102251,0.7044967159628869
2019-05-26 14:00:00,3.4091788053512575,1.0614787340164185,4.689153861999513,-0.11976474821567533,-2.3288540124893187,-2.5252315163612367,-0.17137785386294122,-0.07145995954051612,0.833289361000061,0.5275387063622475,-0.33175354897975917,1.8241616964340206,-0.03318378240219315,-0.24763151109218598,-0.08071413268335162,0.6965925514698028,0.00801036488264796,-0.23467409778386356,-1.863925439119339,0.12866688445210456,0.0681778567843139,0.34228832423686983,0.01712581720203163,0.40925565809011466,0.2882511168718338,0.1822566494345665,0.11271210741251707,-0.5549981102347374,-0.3688268382102251,0.7528342079254798
2019-05-26 15:00:00,4.331662130355835,1.0614787340164185,4.870782375335694,-0.06689142175018785,-2.4459717512130736,-2.4384370923042296,-0.21258119046688084,0.10748774691601279,0.9960974931716919,0.01144467145204544,-0.5101559162139893,1.6603787302970887,0.1865572281181812,0.1230681313201785,-0.1757164630107581,0.3443272367119789,0.00801036488264796,-0.20460968920961023,-1.9634430646896361,0.07400392880663273,0.07678432296961542,0.41622685492038725,0.017037387285381532,0.4422669753432274,0.5091968357563019,0.11546441763639448,0.10263692596927283,-0.5440122246742248,-0.35975958667695523,0.4869780449196696
2019-05-26 18:00:00,-13.195510387420654,0.9211060643196106,2.237172317504882,-0.27838475406169894,-1.6261468768119811,-1.65728862285614,-0.202280373161193,0.8829278945922852,1.0164484083652496,-0.4800733654759825,-1.1345640659332275,0.8005182951688766,0.6626627802848816,0.1848514162003994,-0.9357351928949356,1.4011232018470765,0.1261142418719828,-0.16652816236019133,0.07666393714025616,0.2379928022623062,0.033751889038830994,0.5788917720317841,0.015268583595752717,-0.06940930878045035,0.0673054626677185,-0.15170440450310704,0.10599532052874563,-0.2693642545491457,-0.3434386059641839,0.46280928049236536
2019-05-26 19:00:00,-0.2807519569993019,0.5935699164867401,1.8739160299301147,-0.040454745478928064,-0.10361518058925864,-1.266714495420456,-0.15077617578208447,0.5846817195415497,0.9146934986114502,-0.11143485612701624,-1.5805700600147248,1.4965957641601564,0.699286299943924,-0.12406495958566666,-1.030737441778183,1.1809574961662292,0.00801036488264796,-0.16251958012580867,1.022079288959503,0.2926557779312134,-0.09534536190330982,0.32750063240528104,0.014737932384014099,-0.18494912358000876,-0.26411306485533714,-0.01811999820347408,0.11607049722224475,-0.1814769197255373,-0.3488789446651936,0.46280928049236536
2019-05-27 06:00:00,-9.50557918548584,0.6403607964515686,0.5117041796445847,-0.30482139885425574,0.4819740056991577,-0.44216870367527,-0.202280373161193,-1.0556724011898042,-0.08250532476231454,0.42923509031534196,-1.4319015383720397,0.5957896143198014,-0.03318378240219315,-2.101129710674286,-1.1969916552305222,0.3443272367119789,-1.0549244284629822,-0.30883297771215434,0.9225619316101076,-0.03532199761830267,-0.40517883449792863,-0.23443250432610513,0.017921802401542695,-0.6966254428029061,-0.9269500792026519,-0.08491220809519288,0.22353899907320737,-0.20344875734299422,-0.34434531629085535,0.29362811781466014
2019-05-27 11:00:00,-15.962957000732422,0.3596155524253845,3.6901982784271246,0.17103857658803465,1.8873876571655273,-2.0044659614562987,-0.23318285308778286,-0.6381277829408646,0.20240861028432847,1.3876953125,-0.6588245511054993,0.5138981461524963,0.2598042473196983,0.6173343181610107,0.014288252778351296,0.5644930750131607,0.00801036488264796,-0.27075129300355916,-0.22188829109072686,-0.4726256787776947,-0.11255832985043523,0.061321765184402445,0.01818711869418624,-0.6801197707653046,0.23301472514867783,0.11546441763639448,0.19499265793710946,-0.1814769197255373,-0.38242771476507187,0.5594842469319701
2019-05-27 12:00:00,10.789039516448973,0.5467790275812149,4.144268751144409,0.17103857658803465,1.6531521916389464,-1.961068856716156,-0.23318285308778286,-0.45918003022670745,0.5687265634536744,1.1419361233711243,-0.3912209451198579,0.5138981461524963,-0.39941889643669126,0.06128486283123491,-0.03321291897445917,0.6965925514698028,0.00801036488264796,-0.2527127306908369,-0.3711644232273102,-0.19931088462471963,-0.02649349346756934,0.1648357564583421,0.017833361029624958,-0.449040075391531,0.2882511168718338,0.24904884845018388,0.1698047501500696,-0.1924628358334303,-0.38333430886268605,0.5836530566215515
2019-05-27 13:00:00,21.858833694458006,0.7339425921440125,4.7799680709838865,0.06529191220179198,0.5990917533636094,-2.1780543684959413,-0.22288201963528995,-0.2504076987504959,0.7722364306449891,0.7241458773612977,-0.45068846046924593,0.7595725417137147,-0.5092893719673157,0.1230681313201785,-0.31821999475359913,-0.09600434619933368,0.1261142418719828,-0.24469552077353002,-1.316579782962799,-0.19931088462471963,-0.03509997301734981,0.20919886976480478,0.017568051442503962,-0.13543206062167884,-0.04316737493500111,0.4494254946708679,0.16140878934711508,-0.17049099486321212,-0.3815209574997425,0.5111467741429807
2019-05-27 14:00:00,12.172764396667482,1.0614787340164185,5.506481170654297,-0.040454745478928064,-2.7973249912261964,-2.481834387779235,-0.243483704701066,-0.16093382984399796,0.751885461807251,0.3800832383334637,-0.8074931859970093,0.8824097335338592,-0.4360423192381858,-0.24763151109218598,-0.2707187961786985,-0.2281038708984852,0.00801036488264796,-0.2767642386257648,-1.7146493554115296,-0.308636774122715,0.007932457514107216,0.25356203466653826,0.017921802401542695,0.24419875815510755,0.23301472514867783,0.3826332569122314,0.13286244636401537,-0.17049099486321212,-0.38333430886268605,0.19695314802229397
2019-05-27 15:00:00,2.4866960048675537,0.8743151783943176,5.052410697937012,-0.040454745478928064,-4.2027387619018555,-2.829011332988739,-0.202280373161193,-0.07145995954051612,0.8536405384540557,-0.08685895493254066,-0.7480257272720336,0.14538651928305626,-0.10643083333270624,0.06128486283123491,-0.46072345674037934,-0.14003753382712605,0.1261142418719828,-0.24669987447559832,-1.913684219121933,-0.14464790001511574,0.0681778567843139,0.5345286309719086,0.016948944702744478,0.17817601934075353,0.39872393906116477,0.24904884845018388,0.12446645889431243,-0.23640649430453778,-0.3788007635623217,0.12444692887365816
2019-05-27 16:00:00,7.099109697341919,0.5935699164867401,3.871826505661011,0.09172858120873568,-2.9730019330978394,-2.612026000022888,-0.13017449323087932,0.49520779550075533,0.9960974931716919,-0.6521047696471214,-0.9858954429626465,0.022549282759428007,0.9556508600711823,0.2466346800327302,-0.46072345674037934,0.25626092329621314,0.00801036488264796,-0.2366784382611513,-1.863925439119339,0.12866688445210456,0.13702971182065085,0.6528302937746048,0.016418291069567166,0.04613050366751848,0.39872393906116477,0.04867221666499969,0.10935372002422812,-0.2693642545491457,-0.3652000114321709,0.46280928049236536
2019-05-27 17:00:00,1.5642133593559266,0.17245200648903847,2.237172317504882,0.06529191220179198,-1.743264651298523,-2.0478628516197204,-0.202280373161193,0.7338047415018082,1.1589055180549621,-0.5538010600954294,-0.9858954429626465,0.10444076079875228,1.395132911205292,0.2466346800327302,-0.6744788989424706,1.5332225799560546,0.00801036488264796,-0.20260543869808317,-1.6648907244205475,0.12866688445210456,0.09399727880954742,0.7119812726974487,0.01579919857904313,-0.10242066308856008,0.17777828723192216,0.04867221666499969,0.11271210741251707,-0.07161773126572368,-0.3570394321810454,0.26945936419069766
2019-05-27 18:00:00,-1.203234815597534,-0.24866592139005655,0.8749606668949127,0.17103857658803465,-2.3288540124893187,-1.266714495420456,-0.202280373161193,0.853103232383728,1.0571504890918733,-0.35719391107559206,-1.2534989476203917,0.4729524254798889,1.0105860531330109,-0.0004984134342521284,-0.6507282033562661,2.061620652675628,0.1261142418719828,-0.19258397184312342,-0.7692339897155762,-0.3632997691631317,-0.01788700250908732,0.6971934676170349,0.015533903473988156,-0.08591499179601667,0.01206904281862076,-0.285288842022419,0.13286244636401537,-0.03865997549146412,-0.3534125797450543,0.1486156579107046
2019-05-27 21:00:00,-9.50557918548584,-0.061502427559071274,0.7841465473175049,0.09172858120873568,-0.8063221037387848,-1.9176714420318604,-0.027166122198104836,0.16713703013956546,0.12100461083464323,-0.013131232559680909,-2.0563096404075623,1.721797394752502,0.5894157499074936,-0.6183311760425567,-1.2919939786195753,1.3570900321006776,-0.9368205845355988,-0.20260543869808317,2.0670120239257814,-0.03532199761830267,-0.07813240764662624,0.002170891687273996,0.012880665250122542,-0.05290361307561394,-0.7060043483972549,0.3158410906791687,0.1429375998675823,-0.47809671610593796,-0.3497856393456459,0.0761094370856881
2019-06-01 15:00:00,-16.88544120788574,-0.48262030482292173,-2.485161769390106,-0.25194807127118113,1.4189165949821474,1.250319680571556,0.3951682224869728,-0.36970617920160287,-0.8761941850185394,-0.18516257777810097,1.8388082087039948,-0.7144739255309105,-0.8022774219512939,0.3702012762427331,1.8430833995342255,-0.8886013031005859,0.00801036488264796,-0.05629211142659187,-0.12237088233232496,0.5659705311059952,-0.6633733794093133,0.20919886976480478,0.018452462553977974,-0.05290361307561394,0.2882511168718338,-0.5524576634168625,0.0018851928412914275,0.18105836734175684,-0.27996812500059604,-0.7939652234315873
2019-06-04 13:00:00,-11.350544548034668,-0.24866592139005655,0.33007598109543324,-0.25194807127118113,2.2387412786483765,0.03519973075017331,0.03463890179991722,-0.5188293069601061,-0.774439138174057,0.4538109615445137,1.2143999993801118,-0.5506910525262356,-1.168512350320816,0.6173343181610107,1.3680716931819918,-1.0647339999675751,0.00801036488264796,-0.1144165781326592,-0.12237088233232496,0.45664463341236117,-0.5342760890722275,0.04653404178097842,0.018010237812995926,-0.2014547860773746,0.5644332081079483,-0.6192498803138733,0.05058186212554574,0.148100599180907,-0.3162369683384896,0.1727844014763832
2019-06-04 14:00:00,-6.738130760192872,-0.2018749848008156,0.42089008539915085,-0.19907475709915165,0.950445157289505,-0.35537456721067423,0.1582489680498838,-0.48900464475154876,-0.4284722790122032,0.4538109615445137,1.303601211309433,-0.4278538577258587,-0.9487715184688568,0.43198446929454803,1.344321131706238,-1.0207009077072142,0.00801036488264796,-0.09637792874127624,-0.5701992256566883,0.5659705311059952,-0.43099825382232665,0.061321765184402445,0.017921802401542695,0.06263618869706986,0.17777828723192216,-0.41887322068214417,0.03378989845514297,0.09317102767527104,-0.3171437002718449,0.12444692887365816
2019-06-06 18:00:00,-10.42806167602539,0.2660337448120117,0.9657749712467194,-0.27838475406169894,0.950445157289505,-1.266714495420456,0.3642656967043877,1.00222647190094,1.0775014102458955,-0.28346616551280024,0.5305243924260139,0.0634950267150998,-0.3505874156951904,-0.18584823459386826,0.513050538301468,-0.0226158805657178,0.00801036488264796,-0.11241228915750982,-2.062960022687912,0.2926557779312134,0.016538934689015156,1.066886305809021,0.016772062168456597,-0.18494912358000876,-0.31934948414564135,0.1822566494345665,0.05226107900962233,0.10415696045383811,-0.30444958955049506,-0.2864216938614845
2019-06-06 19:00:00,15.40145378112793,-0.48262030482292173,-0.4872510939836502,-0.014018085971474642,0.4819740056991577,-0.6591544330120087,0.4157698690891266,1.568894135951996,0.8739914536476135,-0.18516257777810097,0.2331871759146452,0.2272779643535614,-0.36279533654451374,-0.5565479040145874,0.061789448370109315,-0.03729340462014077,0.00801036488264796,-0.11842515468597412,0.07666393714025616,0.2379928022623062,-0.1728037583641708,0.9337968111038208,0.016506732860580055,-0.10242066308856008,-0.09840378612279892,0.1822566494345665,0.04554428765550254,0.02725555738434194,-0.3017293676733971,-0.33475916385650634
2019-06-06 20:00:00,21.858833694458006,-0.48262030482292173,-1.304578173160553,-0.11976474821567533,-0.10361518058925864,0.03519973075017331,0.3951682224869728,1.3004726171493532,0.42626953721046446,-0.013131232559680909,-0.33175354897975917,0.2136292949318886,-0.21630131006240844,-0.3094147920608521,-0.41322237998247147,-0.051971208117902255,0.00801036488264796,-0.11241228915750982,2.8133922338485715,0.2379928022623062,-0.29329452514648435,0.7563443452119827,0.014826371148228646,0.06263618869706986,-0.37458589822053906,-0.01811999820347408,0.04554428765550254,-0.04964589234441515,-0.30263612046837807,-0.16557798217982053
2019-06-06 21:00:00,21.858833694458006,-0.8101563572883606,-2.031091022491455,-0.014018085971474642,-3.3829142332077025,0.42577402107417583,0.42607071101665495,0.9425770699977875,0.1413555970415473,-0.13601075038313867,-0.9264279901981354,0.19998089894652368,-0.06980730276554822,-0.6183311760425567,-1.006987029314041,0.12416145568713544,0.00801036488264796,-0.10639938209205865,3.3109796762466432,0.2379928022623062,-0.43099825382232665,0.12047260544495657,0.013765050191432229,-0.08591499179601667,-0.20887663215398788,0.04867221666499969,0.05394027233123779,-0.09358956851065157,-0.29447565637528894,-0.3105904087424279
2019-07-31 15:00:00,-10.42806167602539,-0.5294111877679825,6.232993555068969,0.22391189746558662,1.0675630033016206,-2.91580536365509,0.30246070176362994,0.13731236830353735,1.1996073305606842,1.019056847691536,-1.2534989476203917,-0.796365374326706,-0.9121479749679565,0.5555510222911835,-0.6507282033562661,-1.1968333303928376,0.00801036488264796,-0.28277710527181626,-1.7644080340862274,-0.9099293231964112,0.13702971182065085,0.608467110991478,0.016772062168456597,-0.08591499179601667,0.4539604127407074,0.04867221666499969,0.16812552707269784,0.31288942098617556,-0.39149494320154193,0.003603214025497406
2019-08-01 17:00:00,-18.73040714263916,-1.0909016489982606,4.7799680709838865,0.27678523436188696,2.004506003856659,-2.6988200187683105,0.3539648622274399,0.9127526342868805,1.0775014102458955,-0.40634575989097355,-1.4319015383720397,-0.6325825184583664,-1.0220183551311492,-0.4947646617889404,-0.8169822841882706,-1.1087671160697936,0.00801036488264796,-0.2687470391392708,0.02690523895435034,-0.8552663624286652,0.11121028549969196,0.4753777593374252,0.015268583595752717,-0.06940930878045035,-0.37458589822053906,0.7833865404129029,0.15972958307829682,0.18105836734175684,-0.3760805847123266,-0.2864216938614845
2019-08-01 18:00:00,-3.9706829309463503,-1.5588105201721192,3.5085702180862435,0.3032219076063484,1.3017987549304961,-2.481834387779235,0.3642656967043877,0.3759093686938285,1.0978523015975952,-0.5046493108384311,-1.4319015383720397,-0.8782569378614425,-0.5825363636016847,-0.6183311760425567,-1.030737441778183,-0.8445681095123291,0.1261142418719828,-0.24669987447559832,-0.8687514275312423,-0.5819515734910965,0.11121028549969196,0.5936794370412827,0.01535698510706424,-0.18494912358000876,-0.6507679969072342,0.9169709265232087,0.16140878934711508,0.1371146773453802,-0.3670134279876947,-0.3105904087424279
2019-08-01 19:00:00,3.4091788053512575,-1.278065073490143,3.871826505661011,0.3032219076063484,0.950445157289505,-1.8742743134498596,0.374566550552845,0.6145063102245331,1.0978523015975952,-0.18516257777810097,-1.6995047688484193,-0.796365374326706,-0.5459128379821779,-0.9272474825382233,-1.4107469439506533,-0.31617015823721883,0.00801036488264796,-0.23868266828358173,-0.17212958140298723,-0.5272885859012604,0.0681778567843139,0.1352603180333972,0.014914806000888344,-0.05290361307561394,-0.7060043483972549,1.0505552887916565,0.1647671526414342,0.1371146773453802,-0.36610661819577217,-0.4072653315961361
2019-08-01 20:00:00,3.4091788053512575,-1.3716468691825865,4.144268751144409,0.3032219076063484,-0.9234399259090423,-2.0478628516197204,0.33336317986249925,-0.31005695313215254,0.9960974931716919,-0.013131232559680909,-2.1752444505691533,-0.5506910525262356,-0.3261718437075615,-0.9890307545661926,-1.767005705833435,-0.27213708311319357,-1.4092361450195314,-0.23467409778386356,1.6191835284233094,-0.691277465224266,-0.052312939707189775,0.4014391481876373,0.013411333737894906,-0.26747755203396084,-0.9269500792026519,0.9837631940841675,0.16812552707269784,0.2030302293598652,-0.3670134279876947,-0.4314341053366661
2019-08-02 15:00:00,-10.42806167602539,-0.48262030482292173,5.960551357269287,0.3032219076063484,-0.10361518058925864,-3.349777436256409,0.34366398006677623,0.3162601053714752,1.2606603980064395,0.5029628217220307,-1.3129665315151215,-0.8373111054301262,-0.9487715184688568,-0.43298130929470063,-0.7457304865121841,-0.5363359987735749,0.00801036488264796,-0.28277710527181626,-2.809340858459473,-0.8006033718585968,0.22309456989169124,0.6232549607753753,0.016772062168456597,0.01311914636753499,0.0673054626677185,0.8501787483692169,0.17316315216012299,0.18105836734175684,-0.38696126118302343,0.366134362667799
2019-08-02 16:00:00,0.6417306900024414,-0.6229928940534591,5.688109016418458,0.3296585523174144,0.4819740056991577,-3.0459972500801085,0.28185901790857315,0.6741555988788605,1.3624152898788455,-0.3817697988823056,-1.3427000284194945,-0.34596230201423167,-0.4360423192381858,-0.12406495958566666,-0.7457304865121841,-0.756501829624176,0.00801036488264796,-0.2627341978251934,-2.7098235726356505,-1.0192553400993347,0.24030751064419748,0.9781601309776307,0.016329845692962384,-0.13543206062167884,-0.37458589822053906,0.9169709265232087,0.16812552707269784,0.19204427767544985,-0.38242771476507187,0.5594842469319701
2019-08-02 17:00:00,5.25414423942566,-1.3248560428619385,4.689153861999513,0.435405220836401,-0.10361518058925864,-2.91580536365509,0.30246070176362994,1.3899465084075928,1.403117311000824,-0.3080420702695847,-1.3427000284194945,-0.26407088555861263,0.11331022018566728,-0.6183311760425567,-0.8882340967655182,-0.14003753382712605,0.00801036488264796,-0.2627341978251934,-1.1175448924303053,-1.0739181399345399,0.18006214052438735,0.9781601309776307,0.015710756741464126,-0.26747755203396084,-0.5955315738916397,0.7833865404129029,0.16644634078256787,0.19204427767544985,-0.36973359771072867,0.5594842469319701
2019-08-02 18:00:00,1.5642133593559266,-1.6056012749671933,3.871826505661011,0.3825318523682654,-1.5090291500091555,-2.4384370923042296,0.33336317986249925,1.3899465084075928,1.2606603980064395,-0.08685895493254066,-1.521102523803711,-0.4687995605170728,-0.06980730276554822,-0.8654642403125763,-1.030737441778183,0.5204599052667618,0.00801036488264796,-0.2507084604352713,-1.0677862107753753,-1.0739181399345399,0.1542427328415215,0.948584508895874,0.014561012014746657,-0.26747755203396084,-0.48505867421627047,0.7165943205356599,0.16812552707269784,0.060213287547230696,-0.373360438644886,0.366134362667799
2019-08-02 19:00:00,14.478972434997559,-1.3716468691825865,4.144268751144409,0.408968591876328,-2.094618177413941,-2.0478628516197204,0.3951682224869728,1.3302972435951232,1.1996073305606842,0.10974830463528633,-1.6995047688484193,0.10444076079875228,0.11331022018566728,-0.7418977439403533,-1.3869963109493257,0.30029409825801856,-1.2911322832107541,-0.24469552077353002,0.27569872653111815,-1.0739181399345399,0.05957135767675934,0.4753777593374252,0.014118864201009268,-0.25097184609621764,-0.48505867421627047,0.7165943205356599,0.16140878934711508,0.03824144769459961,-0.3760805847123266,0.12444692887365816
2019-08-02 20:00:00,25.548765182495117,-1.137692481279373,4.325897645950318,0.3825318523682654,-1.6261468768119811,-2.1780543684959413,0.33336317986249925,0.3759093686938285,0.975746464729309,0.10974830463528633,-2.145510733127594,0.7186267763376235,0.5527923256158829,-0.7418977439403533,-1.6720033407211303,0.5204599052667618,0.00801036488264796,-0.24269124418497084,1.519666302204132,-0.9645922958850861,-0.01788700250908732,0.46059003472328186,0.01305754198692739,-0.23446616139262916,-0.48505867421627047,0.6498020827770233,0.16308798994868995,0.09317102767527104,-0.37064025439321996,-0.624784130603075
2019-08-02 21:00:00,14.478972434997559,-1.3716468691825865,4.144268751144409,0.35609522382728753,-3.2657962322235106,-2.264848697185516,0.4157698690891266,0.34608473628759373,0.7925875425338745,0.08517239803913981,-2.5023152947425844,0.5138981461524963,0.7359097898006439,-0.7418977439403533,-1.6720033407211303,1.0488578021526336,-1.1730283141136169,-0.24469552077353002,1.9177358150482178,-0.9645922958850861,0.007932457514107216,0.061321765184402445,0.010934949479997224,-0.15193774811923505,-0.7612407505512238,0.9169709265232087,0.16308798994868995,-0.060631811060011385,-0.36157304309308536,-0.8423026785254478
2019-08-02 22:00:00,11.71152391433716,-1.278065073490143,3.962640976905823,0.3825318523682654,-4.671210622787475,-2.1780543684959413,0.4157698690891266,-0.45918003022670745,0.8536405384540557,0.0605964913032949,-2.5023152947425844,0.7186267763376235,0.5894157499074936,-1.0508141100406647,-1.8857585668563843,1.2690237164497375,0.00801036488264796,-0.2366784382611513,1.0718379914760587,-0.7459405392408371,0.025145404879003734,-0.3083711132465396,0.010934949479997224,-0.28398325219750403,-1.147895759344101,1.0505552887916565,0.17316315216012299,-0.2254205770790577,-0.36157304309308536,-0.5281090848147871
2019-08-03 12:00:00,-17.807923889160154,-0.6697837442159653,5.778923320770264,0.17103857658803465,3.4099194765090943,-2.395040202140808,0.10674476483836767,-0.31005695313215254,0.6094284594058991,1.7563337683677673,-1.521102523803711,-0.6735283181071281,-0.47266584634780884,-0.6801144301891326,-0.7457304865121841,-0.007938054762780653,0.00801036488264796,-0.28879002928733827,-0.7692339897155762,-1.0739181399345399,-0.01788700250908732,0.29792517572641375,0.016064527444541416,-0.8286709696054458,-0.5402951568365097,1.4513086676597595,0.2101053198799491,0.2030302293598652,-0.3987486068159341,0.19695314802229397
2019-08-03 13:00:00,-4.893165016174317,-0.48262030482292173,6.232993555068969,0.22391189746558662,2.707212710380554,-2.959202742576599,0.1376472670584917,0.01801389516331254,0.7925875425338745,0.9699050217866898,-1.3427000284194945,-0.18217940069735047,-0.9853949129581452,-0.80368093252182,-0.6982293158769608,-0.184070664527826,0.00801036488264796,-0.2948028519749642,-0.8687514275312423,-1.0192553400993347,0.050964863051194687,0.4014391481876373,0.016506732860580055,-0.38301737159490584,-0.5955315738916397,1.7184775352478028,0.2067470194771886,0.18105836734175684,-0.4005621064454318,0.4869780449196696
2019-08-03 14:00:00,-2.1257174253463744,-0.2018749848008156,6.505436372756958,0.17103857658803465,0.8333274304866791,-3.1761886239051815,0.292159828543663,0.2267862856388092,0.9553954601287842,0.9453290969133377,-1.283232796192169,0.2272779643535614,-0.9853949129581452,-0.8654642403125763,-0.6744788989424706,-0.8005349934101105,0.00801036488264796,-0.2988113984465599,-1.316579782962799,-1.0739181399345399,0.16284915264695882,0.37186376154422757,0.016506732860580055,0.02962482151342553,-1.147895759344101,1.4513086676597595,0.1983510572463274,0.148100599180907,-0.3942150421440601,0.6078217258676886
2019-08-03 15:00:00,-5.815648221969605,0.07887028772383926,6.505436372756958,-0.040454745478928064,-0.8063221037387848,-3.3063799381256103,0.3539648622274399,0.16713703013956546,1.2199583292007445,0.2817796066403389,-1.2534989476203917,0.0634950267150998,-0.7656539231538773,-1.4832969784736634,-0.6744788989424706,-0.8005349934101105,0.00801036488264796,-0.2948028519749642,-2.6103056907653803,-1.1285811603069305,0.2058815907686949,0.4014391481876373,0.016329845692962384,0.16167032048106192,-0.48505867421627047,1.518100941181183,0.17820073971524836,0.016269616200588637,-0.39149494320154193,0.5111467741429807
2019-08-03 16:00:00,-5.815648221969605,-0.2018749848008156,6.051365232467652,-0.14620140343904495,-1.157675623893738,-3.3063799381256103,0.30246070176362994,0.2267862856388092,1.3217133045196534,-0.33261800073087217,-1.2534989476203917,-0.5097451716661453,-0.17967783845961094,-0.7418977439403533,-0.7694811284542084,-0.5363359987735749,0.00801036488264796,-0.29079425111413004,-2.212236261367798,-1.347233033180237,0.23170104771852493,0.5345286309719086,0.015976075455546364,-0.11892635296098888,-0.7060043483972549,1.1173475980758667,0.17316315216012299,-0.09358956851065157,-0.3815209574997425,0.8495091666467488
2019-08-03 19:00:00,-8.583096694946288,-1.3248560428619385,4.325897645950318,-0.014018085971474642,-1.8603824257850647,-2.1346572637557983,0.28185901790857315,1.0320509910583495,1.281011337041855,0.1589000998530537,-1.8184396505355838,0.3910609185695649,0.29642775654792786,-0.9272474825382233,-1.1257399827241894,0.9167583048343658,-1.4092361450195314,-0.2507084604352713,-0.17212958140298723,-1.2379070281982423,0.07678432296961542,0.6824056804180146,0.014561012014746657,-0.350005977973342,-0.6507679969072342,1.0505552887916565,0.15805036876117812,0.10415696045383811,-0.37789405118674047,0.7770029253209941
2019-08-05 15:00:00,-16.88544120788574,-0.10829325160011649,6.323808288574218,-0.3576947346329689,2.9414480924606328,-3.13279128074646,0.28185901790857315,-0.2504076987504959,1.0775014102458955,-0.11143485612701624,-0.7480257272720336,-1.7790629982948303,-1.5713711261749264,1.049817258119583,-0.24696821523830295,-1.593131756782532,0.00801036488264796,-0.23868266828358173,-2.013201624155044,0.2379928022623062,0.18006214052438735,0.12047260544495657,0.018806217610836035,0.8218978305347264,0.5091968357563019,-0.21849663257598878,0.15133360135369003,0.4776780977845192,-0.39149494320154193,-0.4556028820574284
2019-08-07 13:00:00,-11.350544548034668,-0.3890384435653686,6.5962506294250485,-0.06689142175018785,2.9414480924606328,-2.8724083662033086,0.1685498174047097,-0.5188293069601061,0.8536405384540557,0.674994045495987,-1.491368794441223,-0.796365374326706,-1.607994556427002,0.9262508511543274,-0.8882340967655182,-1.4610324382781983,0.00801036488264796,-0.27475996315479284,-0.9682687878608703,0.1833298496901989,0.09399727880954742,0.2683497563004494,0.017568051442503962,0.29371581152081483,0.9510881721973419,-0.4856654733419418,0.17316315216012299,0.11514289565384388,-0.4023754250258208,-0.4556028820574284
2019-08-07 14:00:00,-0.2807519569993019,-0.2018749848008156,6.777878522872925,-0.040454745478928064,1.3017987549304961,-3.349777436256409,0.25095647722482683,-0.04163533104583616,1.0571504890918733,-0.3080420702695847,-1.521102523803711,-1.0420398712158203,-1.3150065004825593,0.8644674718379974,-0.840732929110527,-1.5490986585617064,0.00801036488264796,-0.26473851427435874,-1.5653732359409334,0.34731871932744973,0.1456362111493945,0.46059003472328186,0.01818711869418624,0.35973856076598165,1.2825066804885863,-0.6860421597957611,0.16812552707269784,0.26894574612379074,-0.3969352383166551,-0.7697964981198311
2019-08-08 11:00:00,-24.26530380249023,-0.6229928940534591,6.414621877670288,-0.11976474821567533,3.2928018093109133,-2.5686286568641656,0.04493974559009075,-1.0854971289634705,0.5687265634536744,1.5105748414993287,-1.8184396505355838,-1.0829856634140014,-1.4981240570545196,0.3702012762427331,-1.006987029314041,-1.7692644238471984,0.00801036488264796,-0.2948028519749642,-0.022853488614782664,-0.41796270608901975,0.10260379463434222,-0.14570624120533465,0.017391146346926702,-0.4820515125989916,0.4539604127407074,-0.35208104848861693,0.20338867194950586,0.148100599180907,-0.39058815613389014,0.46280928049236536
2019-08-08 12:00:00,-6.738130760192872,-0.3890384435653686,6.86869215965271,-0.06689142175018785,3.4099194765090943,-3.262983000278473,0.22005398198962212,-0.8767247259616852,1.0775014102458955,1.8546375989913941,-1.6697710752487183,-1.4924429893493651,-1.2783829510211944,0.30841797292232515,-0.7457304865121841,-1.4169991731643676,0.00801036488264796,-0.28277710527181626,-0.9682687878608703,-0.308636774122715,0.08539083935320375,-0.012616821564733954,0.01818711869418624,0.17817601934075353,0.4539604127407074,-0.21849663257598878,0.20506787151098246,0.1371146773453802,-0.4005621064454318,0.4869780449196696
2019-08-08 18:00:00,-26.110267448425287,-1.137692481279373,4.144268751144409,-0.19907475709915165,0.4819740056991577,-2.612026000022888,0.292159828543663,1.1811741054058074,1.4438194036483762,-0.2588902927935124,-1.521102523803711,0.10444076079875228,0.20486898496747016,0.2466346800327302,-1.078238877654076,0.9167583048343658,0.00801036488264796,-0.27075129300355916,-0.9682687878608703,0.2379928022623062,0.10260379463434222,0.7267688870429992,0.015887648053467256,-0.03639792362228032,0.6196696072816849,-0.35208104848861693,0.15805036876117812,0.09317102767527104,-0.373360438644886,-0.06890300121158359
2019-08-25 18:00:00,-14.117992210388184,-1.5120196342468262,-0.7596934765577317,-0.17263806536793708,2.4729768514633177,-0.18178592957556247,0.44667239785194396,-0.10128458980470896,0.039600630942732085,-0.35719391107559206,0.2331871759146452,-0.9601484328508377,-0.8022774219512939,0.4937677770853043,0.46554941833019264,-0.6684355020523072,0.1261142418719828,-0.15049378778785466,0.9225619316101076,0.1833298496901989,-0.37075290083885193,0.6971934676170349,0.01712581720203163,-0.01989224967546758,0.9510881721973419,-1.0200032353401183,0.06737383883446454,0.24697386459447443,-0.32893109917640684,-0.7214590236544609
2019-08-29 18:00:00,-15.04047613143921,-1.6056012749671933,2.1463585138320926,-0.06689142175018785,2.355859303474426,-1.4403031706809997,0.292159828543663,0.6145063102245331,0.751885461807251,-0.3080420702695847,-0.9858954429626465,-1.6971715092658997,-1.3882534742355346,0.6791175961494446,-0.46072345674037934,-1.6371650338172912,0.00801036488264796,-0.20060112178325654,0.37521611079573625,1.0032742857933046,-0.14698428995907306,0.4753777593374252,0.017037387285381532,-0.08591499179601667,0.6749060600996017,-1.2203797698020935,0.11271210741251707,0.4886640965938568,-0.3379982724785805,-1.1081589445471764
2019-08-29 19:00:00,-4.893165016174317,-1.6991830587387085,1.964729905128479,-0.06689142175018785,2.9414480924606328,-1.2233173131942752,0.32306236028671265,0.3759093686938285,0.48732250928878784,-0.3080420702695847,-0.9858954429626465,-1.4105514705181124,-0.9121479749679565,0.5555510222911835,-0.6744788989424706,-1.2848997235298159,0.00801036488264796,-0.19659253247082234,1.1215967714786528,1.1126002192497255,-0.1383777868002653,0.5345286309719086,0.016948944702744478,0.07914188336580989,0.6196696072816849,-1.2203797698020935,0.11942890211939816,0.4886640965938568,-0.33527811467647556,-1.1564962700009345
2019-09-27 16:00:00,-12.273026657104493,-1.3716468691825865,-2.121905195713043,-0.19907475709915165,0.01350264593493192,0.12199401794350706,0.42607071101665495,-0.3398815661668777,-0.12320735156536103,-0.6766806475818157,1.0359976083040237,-1.3286600172519685,-1.1318890690803527,-0.80368093252182,1.0830645978450772,-1.1528002202510832,0.00801036488264796,-0.0883607603609562,-2.1624776303768156,0.1833298496901989,-0.43099825382232665,0.4901654899120332,0.017744926735758802,0.22769305631518363,-0.31934948414564135,-0.35208104848861693,0.035469090193510036,0.29091754462569946,-0.2999159164726734,-0.5764465361833573
2019-09-27 17:00:00,-6.738130760192872,-1.465228807926178,-2.3943477630615235,-0.19907475709915165,0.1306204881519079,0.8163482755422592,0.44667239785194396,0.40573396533727657,-0.18426033258438107,-0.7012565732002258,0.9467964768409727,-1.1648770570755005,-0.39941889643669126,-0.5565479040145874,0.8455587744712829,-0.9766676545143127,0.1261142418719828,-0.0883607603609562,-1.366338449716568,0.1833298496901989,-0.44821121990680696,0.7415565818548203,0.016948944702744478,0.14516459889709948,-0.04316737493500111,-0.21849663257598878,0.03211073651909827,0.3019034782424569,-0.29356892332434653,-0.8423026785254478
2019-09-27 18:00:00,-5.815648221969605,-1.465228807926178,-2.6667901992797853,-0.17263806536793708,0.1306204881519079,0.9465396478772163,0.44667239785194396,0.9127526342868805,-0.2249623142182827,-0.6275288816541433,0.6494592219591142,-0.8373111054301262,0.07668671309947965,-0.24763151109218598,0.6080528795719147,-0.09600434619933368,0.1261142418719828,-0.0883607603609562,0.424974824488163,0.2926557779312134,-0.5859150484204292,0.7859196811914444,0.016595181380398547,-0.05290361307561394,0.01206904281862076,-0.15170440450310704,0.02875232510268687,0.32387535534799106,-0.2854084007441997,-0.9148089438676834
2019-09-27 19:00:00,-3.9706829309463503,-1.1844833970069881,-2.031091022491455,-0.17263806536793708,-0.5720864593982697,1.0767311364412309,0.44667239785194396,1.00222647190094,-0.5505782492458822,-0.5046493108384311,0.35212205573916433,-0.6735283181071281,0.04006322165951131,-0.18584823459386826,0.4417987912893297,0.4764267534017563,-0.34630124270915985,-0.08635646775364877,1.8182185888290405,0.40198167860507966,-0.6117344394326211,0.549316343665123,0.016329845692962384,-0.18494912358000876,0.17777828723192216,-0.285288842022419,0.02875232510268687,0.27993167750537395,-0.27996812500059604,-0.9873151138424874
2019-09-27 20:00:00,-2.1257174253463744,-1.137692481279373,-2.121905195713043,-0.09332809075713155,-0.6892042934894562,0.7729511298239231,0.44667239785194396,0.5250324219465256,-0.6116311728954316,-0.20973847433924675,0.14398598120460518,0.14538651928305626,0.04006322165951131,-0.0004984134342521284,0.29929530173540114,0.43239360451698305,-0.46440510749816893,-0.08234787248075008,1.9674946069717412,0.34731871932744973,-0.6375539615750311,0.016958630364388258,0.016064527444541416,-0.31699456050992014,0.17777828723192216,-0.35208104848861693,0.02875232510268687,0.19204427767544985,-0.27815464958548547,-0.9148089438676834
2019-09-27 21:00:00,-3.048200511932373,-1.2312743484973911,-2.575975847244263,-0.19907475709915165,-0.9234399259090423,0.8163482755422592,0.44667239785194396,-0.548653969168663,-0.6726842418313027,-0.013131232559680909,-0.034416315564885724,0.6776810348033905,0.2598042473196983,-0.0004984134342521284,0.1567917753010988,0.43239360451698305,-1.0549244284629822,-0.07833933345973491,1.6191835284233094,0.2926557779312134,-0.5773085594177246,-0.39709738548845047,0.013853516988456244,-0.3335002601146698,0.1225418789312243,-0.285288842022419,0.03378989845514297,0.148100599180907,-0.2826882556080818,-1.1323275431990623
2019-10-01 17:00:00,-8.583096694946288,-0.9037382483482361,-1.667834722995758,-0.19907475709915165,0.7162095755338669,0.469171155616641,0.22005398198962212,0.3759093686938285,-0.16390930954366922,-0.5783769879490138,0.5602581143379212,-1.1239312857389452,-0.7656539231538773,-0.12406495958566666,0.6793046563863754,-0.8886013031005859,0.1261142418719828,-0.14247663524001836,-1.316579782962799,0.6206334948539733,-0.4223918244242668,0.8598583489656448,0.017037387285381532,0.04613050366751848,0.2882511168718338,-0.35208104848861693,0.06569462735205889,0.24697386459447443,-0.3198638468980789,-0.624784130603075
2019-10-01 18:00:00,-6.738130760192872,-0.7165745854377746,-1.667834722995758,-0.22551141530275345,0.4819740056991577,0.5993625875562429,0.20975315384566784,1.151349413394928,-0.16390930954366922,-0.4800733654759825,0.4413232296705246,-0.7554196864366531,-0.39941889643669126,0.1230681313201785,0.3942976534366608,-0.5363359987735749,0.1261142418719828,-0.13445946564897893,0.07666393714025616,0.6206334948539733,-0.5170631334185599,0.7415565818548203,0.016506732860580055,0.01311914636753499,0.17777828723192216,-0.4856654733419418,0.06737383883446454,0.29091754462569946,-0.3135167960077524,-0.624784130603075
2019-10-01 19:00:00,-1.203234815597534,-0.6697837442159653,-1.4862063765525817,-0.27838475406169894,-0.33785084933042525,0.5993625875562429,0.1685498174047097,0.9127526342868805,-0.3877702871337532,-0.35719391107559206,0.08451850637793538,-0.5916367679834366,-0.1430542948655784,-0.0004984134342521284,-0.03321291897445917,-0.09600434619933368,0.00801036488264796,-0.11842515468597412,1.6689422965049747,0.5113076239824296,-0.5428825885057449,0.5345286309719086,0.01615296918898817,0.06263618869706986,0.17777828723192216,-0.4856654733419418,0.06401546504348514,0.26894574612379074,-0.3080764677375555,-0.6006152696907521
2019-10-01 20:00:00,0.6417306900024414,-0.9505290746688843,-1.9402768850326537,-0.17263806536793708,-0.5720864593982697,0.512568281777203,-0.05806861957535148,0.49520779550075533,-0.4488232612609863,-0.3080420702695847,-0.45068846046924593,-0.26407088555861263,-0.06980730276554822,-0.0004984134342521284,-0.03321291897445917,0.21222777105867868,-1.4092361450195314,-0.12243375193793327,2.8133922338485715,0.40198167860507966,-0.5428825885057449,0.12047260544495657,0.016772062168456597,0.09564756508916614,0.01206904281862076,-0.41887322068214417,0.05729865916073322,0.17007249891757964,-0.31079665273427964,-0.4314341053366661
2019-10-02 14:00:00,-9.50557918548584,-0.2018749848008156,0.05763353547081351,-0.17263806536793708,2.8243304252624513,-0.22518313983455301,0.1994522921741009,-0.45918003022670745,-0.2249623142182827,0.3800832383334637,0.6197255611419678,-0.6325825184583664,-1.3150065004825593,0.1848514162003994,1.011812973022461,-0.9326344788074493,0.00801036488264796,-0.16051527485251427,-1.366338449716568,-0.03532199761830267,-0.40517883449792863,0.1352603180333972,0.017921802401542695,0.458772686123848,0.2882511168718338,0.04867221666499969,0.06569462735205889,0.1371146773453802,-0.3307445332407951,0.24529063738882537
2019-10-02 15:00:00,-3.048200511932373,-0.2018749848008156,-0.21480877734720707,-0.17263806536793708,1.3017987549304961,-0.22518313983455301,0.1582489680498838,-0.31005695313215254,-0.12320735156536103,-0.40634575989097355,0.85759536921978,-0.4278538577258587,-1.0952655136585236,0.1230681313201785,1.011812973022461,-1.1968333303928376,0.00801036488264796,-0.1805581633001566,-1.913684219121933,-0.0899849540553987,-0.379359370470047,0.15004802606999873,0.01712581720203163,0.31022151485085486,0.2882511168718338,-0.08491220809519288,0.05729865916073322,0.12612878036452457,-0.3207705467939377,0.29362811781466014
2019-10-02 16:00:00,-0.2807519569993019,-0.5294111877679825,-1.0321358680725097,-0.14620140343904495,-0.22073300033807755,-0.09499165564775465,0.14794810451567175,-0.2802322819828987,-0.06215433268807826,-0.9715914681553841,0.85759536921978,-0.6325825184583664,-0.8022774219512939,0.1230681313201785,0.940561157464981,-0.9326344788074493,0.00801036488264796,-0.15650666207075117,-2.212236261367798,-0.03532199761830267,-0.379359370470047,0.549316343665123,0.017302685976028458,0.07914188336580989,0.39872393906116477,-0.01811999820347408,0.05226107900962233,0.1371146773453802,-0.31805040761828424,0.4386405205354095
2019-10-02 17:00:00,2.4866960048675537,-0.5294111877679825,-1.304578173160553,-0.17263806536793708,-1.0405578076839448,0.2955826073884964,0.20975315384566784,0.5250324219465256,-0.06215433268807826,-0.7504083827137947,0.7683942317962646,-0.8782569378614425,-0.3261718437075615,0.2466346800327302,1.0355634093284607,-0.5803691059350967,0.00801036488264796,-0.12243375193793327,-1.5653732359409334,0.019340980821289145,-0.40517883449792863,0.7119812726974487,0.01712581720203163,-0.003386555891483986,-0.04316737493500111,-0.21849663257598878,0.05729865916073322,0.08218511268496513,-0.31805040761828424,0.4869780449196696
2019-10-02 18:00:00,12.63400659561157,-0.9973199188709259,-1.577020287513733,0.012418580055236793,-1.3919113516807555,0.42577402107417583,0.14794810451567175,0.853103232383728,-0.12320735156536103,-0.40634575989097355,0.8873290479183197,-0.6325825184583664,0.1499337311834097,-0.24763151109218598,0.655554035305977,-0.007938054762780653,0.24421812295913697,-0.11241228915750982,0.12642261497676371,0.12866688445210456,-0.48263715505599974,0.800707396864891,0.016418291069567166,-0.15193774811923505,0.4539604127407074,-0.35208104848861693,0.05226107900962233,0.1371146773453802,-0.3198638468980789,0.5836530566215515
2019-10-02 19:00:00,18.16890239715576,-0.7633654952049256,-1.667834722995758,0.06529191220179198,-1.743264651298523,0.5559654591139405,0.22005398198962212,1.0320509910583495,-0.3063662838190794,-0.28346616551280024,0.4115895085036755,-0.3050166050903499,0.40629825443029405,0.30841797292232515,0.2042929410934448,0.5644930750131607,0.1261142418719828,-0.10639938209205865,1.867977213859558,-0.0899849540553987,-0.5084566727280617,0.608467110991478,0.015976075455546364,-0.06940930878045035,0.23301472514867783,0.04867221666499969,0.03882753476500511,0.2030302293598652,-0.3153302192687988,0.19695314802229397
2019-10-02 20:00:00,15.40145378112793,-0.6229928940534591,-1.4862063765525817,0.012418580055236793,-3.0315607070922854,0.5993625875562429,0.34366398006677623,0.6443310350179672,-0.3674192812293769,-0.06228303958196193,-0.1533512592315674,0.2272779643535614,0.5161687821149826,0.06128486283123491,0.014288252778351296,0.8727251827716828,0.00801036488264796,-0.11241228915750982,1.7187010526657105,0.07400392880663273,-0.5342760890722275,0.10568489201832561,0.015887648053467256,-0.08591499179601667,-0.26411306485533714,0.04867221666499969,0.03882753476500511,0.1371146773453802,-0.3243974581360817,-0.33475916385650634
2019-10-02 21:00:00,9.866557788848876,-0.48262030482292173,-1.849462866783142,-0.09332809075713155,-3.7342678070068374,0.512568281777203,0.3642656967043877,-0.36970617920160287,-0.4284722790122032,-0.18516257777810097,-0.3912209451198579,0.7595725417137147,0.6260392397642136,-0.4947646617889404,-0.15196586865931744,1.0048246979713442,0.00801036488264796,-0.10639938209205865,1.2211140275001524,0.019340980821289145,-0.5428825885057449,-0.4118850827217102,0.01349969627335669,-0.08591499179601667,-0.15364021081477403,0.1822566494345665,0.0438651030883193,0.049227371066808676,-0.3135167960077524,-0.4314341053366661
2019-10-02 22:00:00,2.4866960048675537,-0.24866592139005655,-1.9402768850326537,-0.17263806536793708,-3.3829142332077025,0.6861568585038185,0.3539648622274399,-1.4135678946971892,-0.4488232612609863,-0.16058666706085206,-0.5993570387363434,1.0461926639080048,1.0288977921009064,-0.3711980402469635,-0.2707187961786985,1.1369241774082182,-1.4092361450195314,-0.09036504123359919,1.1215967714786528,0.1833298496901989,-0.5256696060299874,-0.3675219029479194,0.012526849382265934,-0.05290361307561394,-0.26411306485533714,0.11546441763639448,0.03714832738041879,-0.09358956851065157,-0.2981025096029043,-0.4556028820574284
