,SHAP_TEMP_24,SHAP_OX_05,SHAP_OX_22,SHAP_TEMP_09,SHAP_TEMP_08,SHAP_OX_19,SHAP_OX_06,SHAP_OX_18,SHAP_TEMP_01,SHAP_PM25_01,SHAP_TEMP_21,SHAP_TEMP_22,SHAP_TEMP_23,SHAP_OX_03,SHAP_TEMP_02,SHAP_OX_01,SHAP_OX_04,SHAP_WS_02,SHAP_TEMP_03,SHAP_OX_23,SHAP_HUM_24,SHAP_TEMP_05,SHAP_HUM_05,SHAP_TEMP_04,SHAP_OX_02,SHAP_HUM_02,SHAP_TEMP_07,SHAP_HUM_01,SHAP_WD_01,SHAP_TEMP_10,SHAP_WS_01
2019-04-06 13:00:00,1.7631499648094178,-0.6868847817182541,0.038794615399092396,1.9600824579596519,7.430385684967041,0.3396408811211586,0.0644171666353941,0.7015839725732803,-16.596108055114744,-0.5815767914056779,-2.8442734479904175,-0.5864235695451498,-1.158715295791626,-0.008102987334132198,0.8937585040926933,-4.778550434112549,-0.3754861995577813,-0.26949015259742737,2.3656854301691057,-0.5099974662065506,-1.8293213188648223,1.3832856073975566,0.4635704539716244,3.3193382740020754,0.6438419938087463,-1.2052371799945831,1.15502887070179,4.478530311584473,0.25664015561342235,-1.5382884621620179,-0.3941550269722939
2019-04-06 14:00:00,1.9680748462677002,-0.8928004413843155,-0.0036180239170789594,2.1352217197418213,6.7582688331604,0.32095145434141165,0.42925011962652204,0.22109092427417637,-16.776198959350587,-0.7257657021284103,-4.146604394912719,-0.6539594475179911,-1.4991998344659805,-0.12343892883509396,0.8708267580717802,-3.3055675268173226,-0.4503935530781746,-0.26949015259742737,1.7868892461061479,-0.447185181081295,-1.8293213188648223,1.270445427298546,1.1787566125392914,3.1123662948608404,0.0884358186274767,-1.280859237909317,0.8850435018539429,4.244883036613464,0.25664015561342235,-1.5095139265060422,-0.412093947827816
2019-04-06 15:00:00,2.582850086688995,-1.057532799243927,-0.08844327619299293,1.9425687044858932,5.291830253601075,0.2882449507713318,0.7332776576280594,1.0447933077812195,-13.89475374221802,-0.5815767914056779,-4.383391857147216,-0.9511174634099007,-1.6410681843757629,-0.2387748661916703,0.8822925001382828,0.3768902853131294,-0.544027778506279,-0.5502028405666353,1.7423663556575775,-0.5099974662065506,-1.6955822288990021,1.1717104956507682,1.4648311853408813,2.3436121344566345,-0.13372669275850052,-1.2430482387542727,0.6263074994087219,4.712177038192749,0.17526221945881845,-1.6533861041069031,-0.3439261168241501
2019-04-18 14:00:00,4.93948884010315,-0.8104341894388198,-0.13085590321570634,1.8024576917290687,5.5362366199493405,0.2835725899785757,0.00361170913092789,-0.1907603576779366,-11.193400382995607,-1.3025215923786162,-5.92251057624817,-1.30230410695076,-2.8611372053623203,-0.1695733156055212,0.6873729117214681,-1.0960926055908202,-0.4503935530781746,-0.7747730433940887,1.586536528170109,-0.5099974662065506,0.04302702015265824,1.0447654113173483,-0.39465300738811504,2.284477174282074,-0.355889219790697,-0.9783711612224579,0.5250627815723419,3.3102955341339113,-0.06887169196270404,-1.3800292491912844,-0.4192694164812565
2019-04-18 15:00:00,5.041951847076416,-1.057532799243927,-0.13085590321570634,1.5922910153865812,3.336579442024231,0.2602108344435692,0.6116666376590729,-0.1907603576779366,-12.093852329254151,-1.3025215923786162,-6.218495035171509,-1.3563328236341476,-3.0030055940151215,-0.3310436302796006,0.5268510848283767,-1.8325844407081604,-0.5814814373850823,-0.6624880075454712,1.3861839428544045,-0.6984342753887176,0.08760675694793463,0.7767702013254165,0.03445875346660614,2.0775048255920407,-0.4669704556465149,-1.0918041288852693,0.45756650291150436,4.244883036613464,-0.06887169196270404,-1.3800292491912844,-0.4300328839570284
2019-04-18 16:00:00,5.298107624053955,-1.3458146572113037,-0.3005064889788628,0.9617907263338565,2.969970130920411,0.2602108344435692,0.9764995858073234,-0.3966859951615334,-13.174394226074218,-1.0141436040401461,-6.810463237762453,-1.4238685101270676,-3.116500610113144,-0.3541108109056951,0.5841803275048733,0.3768902853131294,-0.7125692635774612,-0.830915653705597,1.0745244488120078,-0.6984342753887176,0.08760675694793463,0.678035207092762,0.5350891202688217,1.8113977670669557,-0.355889219790697,-1.2430482387542727,0.35632196143269546,1.6747671604156493,-0.15024965517222885,-1.2073826313018798,-0.5125519052147866
2019-04-19 11:00:00,3.1976258635520933,0.5486087962985039,0.717396679520607,1.6098048463463783,5.8417445659637455,0.45644976049661634,-1.3341091573238373,2.55491441488266,-15.155386161804199,-0.00482097808271649,-2.193107879161835,-0.43784461468458175,-1.5843206137418748,0.36097204554826023,0.744702260196209,-15.089430809020996,0.11141166742891069,0.348077791929245,1.7646276712417603,0.49499858021736143,-0.8485674291849137,1.6512809112668037,-2.1111000180244446,3.023663580417633,2.087898242473602,-0.33558382987976076,1.0312854111194611,-1.3626425743103028,0.012506269442383183,-1.2217699408531186,-0.3726283490657807
2019-04-19 12:00:00,2.736544060707092,0.17796068377792834,0.6749840676784516,1.6798604786396027,6.086151361465454,0.44710504859685896,-1.3949146211147307,2.074421572685242,-13.89475374221802,-0.7257657021284103,-2.548289167881012,-0.5053805496543646,-1.187089055031538,0.17643452500342388,0.7790998384356499,-8.461008214950562,-0.15076409559696913,0.06736510363407433,1.497490835189819,0.5578108757734299,-1.2052052080631257,1.1293954119086265,-1.3243949592113493,2.314044559001922,1.6435733199119564,-0.33558382987976076,1.0537844091653823,-0.42805498242378237,0.17526221945881845,-1.2217699408531186,-0.3726283490657807
2019-04-19 13:00:00,2.0193062663078307,-0.3986029969528317,0.8022218704223633,1.7499159291386603,6.208354473114014,0.4143985232338309,-0.8476651668548584,1.1820770740509032,-12.273941230773927,-0.5815767914056779,-3.317848825454712,-0.5864235695451498,-1.3289574831724167,0.08416579561308024,0.698838847130537,-0.359601316601038,-0.30057884678244595,0.06736510363407433,1.5642752796411512,0.49499858021736143,-1.3389444708824154,0.7908752098679542,-0.6807273656129837,1.9592349827289581,0.6438419938087463,-0.4868279039859772,0.8400459587574005,0.2728858275339007,0.5007741212844848,-1.279318779706955,-0.3941550269722939
2019-04-19 14:00:00,2.2754624605178835,-0.72806795835495,0.8870471835136413,1.7849437147378922,5.047423934936523,0.35365793555974956,0.00361170913092789,0.6329420924186706,-10.833220100402833,-0.5815767914056779,-4.264998459815979,-0.7620168611407279,-1.4991998344659805,-0.12343892883509396,0.5956461526453495,4.059347987174988,-0.3754861995577813,-0.26949015259742737,1.4084454968571662,0.6834353297948838,-1.5172633409500123,0.6216152027249336,-0.10857850592583418,2.047937202453613,-0.5780516803264619,-0.600261002779007,0.4238183630630374,1.2074735641479493,0.3380181416869163,-1.3368675410747528,-0.4192694164812565
2019-04-19 15:00:00,2.582850086688995,-0.8928004413843155,0.8022218704223633,1.4521796286106112,2.786665296554565,0.31627912223339083,0.4900556057691574,0.28973270058631895,-9.932769107818604,-0.2931989073753357,-4.975360321998597,-0.9781317785382271,-1.8680577486753465,-0.37717800773680216,0.5039194129407407,9.214788055419922,-0.544027778506279,-0.6624880075454712,1.2080927357077598,0.8090598523616791,-1.0268864184617996,0.6639302209019661,-0.10857850592583418,1.8409650921821594,-1.2445392370224,-0.7515050351619721,0.15383277237415313,0.9738266289234161,0.5007741212844848,-1.3656421124935147,-0.40133055448532107
2019-04-21 14:00:00,4.888257551193237,-0.6457016855478287,-0.3005064889788628,1.9075411722064017,5.475135183334351,0.2835725899785757,-0.2396102137863636,-0.4653278298676013,-13.35448341369629,-1.0141436040401461,-6.810463237762453,-1.3563328236341476,-3.0313791632652283,-0.008102987334132198,0.744702260196209,-5.515041542053223,-0.35675933584570885,-0.38177526295185094,1.831411874294281,-0.6356218874454498,-0.3581905000843108,1.1717104956507682,-0.9668019831180572,2.668854188919067,0.6438419938087463,-0.22215076610445977,0.7050531178712846,-0.8953485190868378,0.3380181416869163,-1.5239011883735656,-0.4228572517633438
2019-04-22 11:00:00,3.7611696481704713,0.7957074433565141,0.46292090117931367,1.1894713133573536,3.9475955724716187,0.42841563671827315,-1.759747564792633,2.211705195903778,-11.373491764068604,-0.00482097808271649,-1.9563204050064087,-0.5999307793332264,-1.7261891305446624,0.5916438955813647,0.7332363493740559,-8.461008214950562,0.24249959364533424,-0.10106253633275626,1.8981960475444795,-0.07031169738620517,-0.2244513150304556,1.2281305477023123,-2.2541370749473573,2.668854188919067,2.365601670742035,-0.03309574211016297,0.6713047921657562,-1.8299361824989315,0.17526221945881845,-0.8189283639192582,-0.3833917091600597
2019-04-22 12:00:00,2.9927004337310796,0.46624255180358887,0.717396679520607,1.1369296565651894,4.130899739265442,0.423743261396885,-1.759747564792633,1.7998538970947267,-8.492045831680297,0.2835569269955158,-2.193107879161835,-0.451351822167635,-1.527573435008526,0.23410251569002863,0.5383169516921045,-2.5690757274627685,0.03650428727269173,-0.10106253633275626,1.4752295956015586,0.18093731589615342,-0.3136107172816992,0.9601352721452713,-1.8965439200401306,2.4914494156837472,0.6438419938087463,-0.25996180661022666,0.6600554451346398,-0.1944078868255019,0.012506269442383183,-0.8764770820736885,-0.39056725129485137
2019-04-22 13:00:00,2.6340816736221315,0.01322821639478206,0.9294598162174225,1.1894713133573536,4.069798564910889,0.39570915326476097,-1.2733036756515503,1.3880026996135713,-5.970782709121704,0.5719347834587097,-2.9626669526100153,-0.5053805496543646,-1.2154627054929734,-0.12343892883509396,0.354863266646862,1.1133818507194522,-0.25376170799136166,-0.2133476234972477,1.0967858463525773,0.5578108757734299,-0.5365093767642974,0.8755052596330642,-1.252876335382462,1.929667520523071,-0.24480794742703438,-0.5246389105916023,0.5025640834122896,0.2728858275339007,0.09388424791395662,-0.8333155632019043,-0.3654527720063925
2019-04-22 14:00:00,2.0705373883247375,-0.6251101523637772,0.6325714021921158,1.1719574674963953,3.214376187324523,0.3676750257611275,-0.6044432431459428,0.5643002539873123,-7.231415128707885,0.4277458757162094,-3.4362420082092284,-0.6809738215059042,-1.3289574831724167,-0.3079764673486352,0.19434126280248168,1.849873435497284,-0.544027778506279,0.17965018078684808,0.7406034076120704,0.8718721091747283,-0.7594079673290253,0.6075101867318153,-0.6807273656129837,1.4270207047462464,-0.8002142071723938,-0.600261002779007,0.2888254880905151,0.2728858275339007,0.17526221945881845,-0.8764770820736885,-0.39774276912212364
2019-04-22 16:00:00,2.941469311714172,-1.5929134488105774,0.3356829926371575,0.5939990237355233,1.6868364691734314,0.2835725899785757,1.2805271349847318,-0.05347662759013474,-7.051324892044067,0.5719347834587097,-4.32419514656067,-0.8700742468237876,-1.9248051017522811,-0.4463795550167561,0.34339736551046374,2.5863650083541874,-0.7874767035245896,-0.4379177391529083,0.5847735490649939,0.3693740785121918,-0.17987156957387923,0.1420448675751686,0.24901462952839207,0.5399967737495899,-0.8002142071723938,-0.4868279039859772,0.007590696075931181,-1.128995668888092,-0.06887169196270404,-0.6606691099703312,-0.437208366394043
2019-05-10 11:00:00,2.9927004337310796,0.0955944515299052,-0.6822201371192932,1.1719574674963953,4.375306391716004,0.31160677000880244,-0.6652485936880111,0.22109092427417637,-6.691143608093261,-0.43738782703876494,-2.9626669526100153,-0.6944809969514608,-1.6694419056177139,0.2456360743381083,0.354863266646862,-5.515041542053223,0.01777745373547076,0.06736510363407433,0.9409560769796371,-1.5778056263923643,-1.2943646907806396,1.1293954119086265,-0.10857850592583418,2.047937202453613,1.5324920773506163,-1.1674260854721068,0.7725496232509613,4.945823717117309,-0.15024965517222885,-0.8620899602770805,-0.4264450049493462
2019-05-10 12:00:00,2.890237998962402,-0.027954913675785075,-0.639807465672493,1.259526906907558,4.680814933776856,0.2882449507713318,-0.7260541498661042,-0.1907603576779366,-4.34997022151947,-0.5815767914056779,-2.8442734479904175,-0.6809738215059042,-1.7261891305446624,0.06109857633709905,0.24020469468086958,-1.0960926055908202,-0.2443983145058155,-0.7747730433940887,0.7406034076120704,-1.51499342918396,-1.1606254935264586,0.6639302209019661,0.6781263381242753,1.2200483918190002,0.19951711520552634,-1.3564810633659359,0.7050531178712846,5.646764707565308,-0.06887169196270404,-0.8620899602770805,-0.39056725129485137
2019-05-10 13:00:00,2.9927004337310796,-0.6045185372233391,-0.42774431854486467,1.3470964476466178,4.314205026626587,0.2602108344435692,-0.5436376839876176,-0.7398952275514603,-3.269428777694702,-0.2931989073753357,-3.199454426765442,-0.6539594475179911,-1.6978155344724655,-0.21570770656690003,0.09114857800304894,4.059347987174988,-0.39421305358409886,-0.2133476234972477,0.517989368736744,-1.4521812617778778,-1.0268864184617996,0.2689899329096079,1.1787566125392914,0.9539413273334503,-0.4669704556465149,-1.469914221763611,0.4238183630630374,5.880411863327026,-0.06887169196270404,-0.9340259224176407,-0.3833917091600597
2019-05-10 14:00:00,2.941469311714172,-0.9339835464954376,-0.42774431854486467,1.2420129314064978,2.786665296554565,0.22283197455108167,0.30763917788863193,-0.8085372298955917,-3.989789438247681,-0.00482097808271649,-3.0810608148574827,-0.7350025236606599,-1.6410681843757629,-0.3541108109056951,0.02235342189669609,10.687771224975586,-0.6189351320266724,-0.10106253633275626,0.22859123898670078,-1.1381199717521666,-0.7594079673290253,0.1420448675751686,1.4648311853408813,0.6582666173577308,-1.2445392370224,-1.5077252328395843,0.05258825942873959,5.880411863327026,0.17526221945881845,-1.005961921811104,-0.39056725129485137
2019-05-10 15:00:00,2.839006698131562,-1.428180980682373,-0.639807465672493,0.8041656255722046,0.7703125208616257,0.21815967820584775,0.7940831005573273,-0.9458209276199341,-3.989789438247681,-0.2931989073753357,-4.0282106637954715,-0.7079881589859724,-1.8113102823495861,-0.5155811063945294,0.06821685209870337,12.897245693206784,-0.7312961354851724,-0.2133476234972477,0.09502282328903672,-1.1381199717521666,-0.6256688237190247,0.0009947915561497208,1.822424173355102,0.27388956118375063,-2.244270443916321,-1.5077252328395843,-0.26239477582275866,5.179470586776732,-0.15024965517222885,-0.9196388840675354,-0.4551472060382366
2019-05-10 16:00:00,3.146394062042236,-1.6752796053886414,-0.8942832291126251,0.2262072186917067,-0.9405320942401886,0.20881494954228402,1.523749174922705,-0.9458209276199341,-6.511053133010864,-0.43738782703876494,-4.620179057121277,-0.9241029918193817,-1.7545628130435944,-0.7231858476996422,0.06821685209870337,10.687771224975586,-0.8623840793967247,-1.223913371562958,0.18406847193837167,-1.4521812617778778,-0.4919296607375145,-0.1823703112546354,2.036980164051056,0.09648476094007488,-2.5775144100189213,-1.39429230093956,-0.36363933999091386,4.011236524581909,-0.15024965517222885,-0.5599587470293045,-0.4802616871893406
2019-05-10 17:00:00,3.043931722640991,-1.9635618090629579,-1.233584505319595,-0.2641818972304463,-1.4904464483261104,0.20881494954228402,1.888581995666027,-0.8085372298955917,-7.591594934463501,-0.43738782703876494,-5.212147736549378,-1.0591747134923934,-2.2085417032241823,-0.7923874393105507,0.2287388295866549,9.951280212402343,-1.0309256434440612,-1.616911244392395,0.18406847193837167,-1.8290546774864196,-0.4919296607375145,-0.26700040996074675,2.1084988951683044,0.2147546775639057,-2.244270443916321,-1.2052371799945831,-0.47613324895501136,4.244883036613464,-0.15024965517222885,-0.08518113400787115,-0.46591061875224105
2019-05-10 18:00:00,3.8636324405670166,-2.3342097282409666,-1.2759967625141146,-0.42180695859715345,-2.101462495326996,0.21815967820584775,2.3142203360795977,-0.8085372298955917,-9.212407302856445,-0.5815767914056779,-5.626526069641114,-1.1942465484142304,-2.4922790020704273,-0.7231858476996422,0.29753394760191443,10.687771224975586,-1.0871060654520988,-1.3923410654067991,0.495728088542819,-2.331552791595459,-0.04613241497427224,-0.210580275952816,2.1084988951683044,0.2147546775639057,-2.1331890821456914,-1.2430482387542727,-0.6223754762671888,4.011236524581909,-0.06887169196270404,0.317660478502512,-0.4838494136929512
2019-05-11 09:00:00,1.2508371114730832,-0.35741986855864527,0.717396679520607,0.6640546143054963,3.031071472167969,0.5265350043773651,-0.2396102137863636,3.5159005165100097,-11.013311100006103,-0.5815767914056779,0.7075388908386231,0.07542815729975698,-0.47774663418531416,0.36097204554826023,0.7790998384356499,-7.72451639175415,-0.15076409559696913,0.5165054023265838,1.831411874294281,0.18093731589615342,-1.4281038165092468,1.3550756946206095,-1.10983909368515,3.1419336080551146,2.310060906410217,-0.4868279039859772,0.48006520280614495,2.3757080078125004,0.25664015561342235,-0.3441507712006569,-0.37980394624173636
2019-05-11 10:00:00,0.7385243237018585,-0.3986029969528317,1.0142850518226623,0.874221247434616,3.092173075675964,0.5125180512666703,-0.05719378631911243,3.447258973121644,-10.112858390808105,0.4277458757162094,0.4707512790337205,0.1564712139777839,-0.10888861282728612,0.22256889436393976,0.515385166555643,-1.8325844407081604,-0.15076409559696913,-0.04491999098099766,1.5642752796411512,0.5578108757734299,-1.6510025322437287,1.1858154192566872,-0.8237646609544754,2.4027471303939816,0.5327607333660127,-0.9405600368976593,0.5925591416656971,2.142061161994934,0.3380181416869163,-0.4448611982166767,-0.4228572517633438
2019-05-11 11:00:00,0.07251765485852954,-0.3986029969528317,1.3959987998008727,0.8917351834475994,3.703188943862915,0.5078456833958627,0.00361170913092789,3.5159005165100097,-7.411505270004272,0.2835569269955158,0.4707512790337205,0.10244247987866402,0.061353559605777264,-0.1465061182156205,0.458055904507637,4.795839452743531,-0.26312516909092665,-0.7186305940151214,1.0522629596292974,0.9974965989589691,-1.7847416818141937,0.8331902846693993,-0.5376902073621752,2.047937202453613,-0.355889219790697,-0.902749091386795,0.6038084350526333,2.609355092048645,0.25664015561342235,-0.6175074875354767,-0.3941550269722939
2019-05-11 12:00:00,-0.2348698526620865,-0.6457016855478287,1.5232366323471072,1.0668740659952165,3.764290761947632,0.5125180512666703,0.00361170913092789,3.1040494322776793,-4.5300603151321415,0.13936797305941578,-0.35800482109189036,0.10244247987866402,-0.05214124210178852,-0.3310436302796006,0.2860680889338255,15.106720447540283,-0.5627546042203904,-0.26949015259742737,0.9409560769796371,1.5628068447113037,-1.8293213188648223,0.6639302209019661,0.1774959951639176,1.3678857028484344,-1.3556204795837403,-0.9783711612224579,0.46881584855727854,4.011236524581909,0.17526221945881845,-0.631894749403,-0.3941550269722939
2019-05-11 13:00:00,-0.02994482298381624,-1.304631620645523,1.3959987998008727,1.0843880996108055,3.031071472167969,0.4844838857650758,0.3684446640312672,2.55491441488266,-3.809699463844299,-0.00482097808271649,-0.7131860584020615,-0.0866579920053482,-0.05214124210178852,-0.5386483326554299,0.10261447802186012,16.57970485687256,-0.7125692635774612,-0.26949015259742737,0.6070350218564272,1.7512435793876648,-1.8293213188648223,0.33951501250267035,1.03571937084198,1.2200483918190002,-2.9107578039169315,-1.2052371799945831,0.1875809907913208,5.179470586776732,0.17526221945881845,-0.7757667601108551,-0.3941550269722939
2019-05-11 14:00:00,-0.02994482298381624,-1.634096509218216,1.35358607172966,0.874221247434616,1.5035317063331604,0.44710504859685896,1.3413325687230095,1.4566446661949155,-3.4495190382003784,-0.2931989073753357,-1.2459577739238736,-0.16770107671618464,-0.44937301948666575,-0.8615889698266983,0.056750983372330664,15.106720447540283,-0.8811109378933907,-0.26949015259742737,0.2508526422083378,1.5628068447113037,-1.6955822288990021,0.2689899329096079,0.9642008960247039,0.776536500453949,-3.1329200983047487,-1.39429230093956,0.05258825942873959,5.413117694854736,-0.06887169196270404,-0.7901539146900177,-0.40491837263107316
2019-05-11 15:00:00,0.6872930943965911,-2.004744732379913,1.3959987998008727,0.4363738685846329,0.7703125208616257,0.372347366437316,1.8277764484286312,0.5643002539873123,-3.809699463844299,-0.1490099251270294,-2.0747140407562257,-0.2892656341195107,-0.6196151450276375,-0.9077234618365765,0.03381926584988833,20.262160682678225,-1.1432865157723424,-0.4379177391529083,0.1618070349097252,1.4999945998191833,-1.4726834654808045,0.05741478251293301,1.1072380900382996,0.303457061573863,-2.9107578039169315,-1.4321031332015992,-0.20614784006029363,4.945823717117309,-0.06887169196270404,-0.6175074875354767,-0.4300328839570284
2019-05-16 14:00:00,2.4291563510894774,-0.6045185372233391,-0.21568116322159767,1.1719574674963953,3.214376187324523,0.31627912223339083,-0.05719378631911243,0.22109092427417637,-8.85222749710083,-1.3025215923786162,-3.554635763168335,-0.7350025236606599,-1.8964313358068465,0.01496421815827485,0.46952172815799714,-4.778550434112549,-0.3380324952304363,0.06736510363407433,1.1635700017213821,-0.6984342753887176,0.08760675694793463,0.5228800430893898,-1.0383205890655516,1.6931278944015502,0.6438419938087463,-0.4112059064209461,0.1875809907913208,-0.1944078868255019,0.25664015561342235,-0.9340259224176407,-0.412093947827816
2019-05-23 11:00:00,2.5316189408302305,0.7957074433565141,0.08120721960440277,1.0668740659952165,3.8864941120147707,0.40038152895867823,-2.063775002956391,1.5939282894134519,-7.051324892044067,-0.7257657021284103,-1.1275641798973084,-0.30277285277843474,-0.931725774332881,0.2456360743381083,0.41219253540039064,-6.988024663925171,0.14886534065008167,0.46036293506622317,0.8964332036674023,-0.447185181081295,-0.3581905000843108,0.8472953036427497,-1.968062686920166,1.338318330049515,1.7546545982360844,-0.9783711612224579,0.6713047921657562,3.0766486883163457,0.25664015561342235,-0.7038308173418045,-0.38697950094938277
2019-05-23 12:00:00,1.5582247436046601,0.26032693646848204,0.29327037632465364,1.1194157719612121,4.130899739265442,0.3816920764744282,-1.759747564792633,1.5939282894134519,-6.871233987808227,-1.0141436040401461,-1.4235483944416047,-0.262251316010952,-0.9033520929515362,0.10723297903314233,0.26313637178391225,-2.5690757274627685,-0.2443983145058155,-0.1572050664573908,0.851910438388586,-0.38437294512987136,-0.3581905000843108,0.32540995702147485,-0.251615678757662,1.160913449525833,0.42167959958314893,-1.0539931297302245,0.5363121438771487,3.0766486883163457,-0.06887169196270404,-0.7757667601108551,-0.412093947827816
2019-05-23 13:00:00,1.506993591785431,-0.6045185372233391,0.46292090117931367,1.1894713133573536,3.397681140899659,0.3816920764744282,-0.9692761778831482,0.28973270058631895,-4.89024076461792,-1.3025215923786162,-1.7195329308509826,-0.32978718876838675,-0.8182310093194246,-0.1695733156055212,0.2516705336049199,0.3768902853131294,-0.35675933584570885,-0.5502028405666353,0.5625121977180243,-0.07031169738620517,-0.40277020782232276,0.2407799326814711,0.7496450066566467,1.1017785996198655,-0.24480794742703438,-1.0539931297302245,0.19883034378290168,3.543942451477051,0.09388424791395662,-0.8189283639192582,-0.3511017017066479
2019-05-23 14:00:00,1.3532996714115142,-0.8516173303127289,0.3780956298112869,0.9793045654892921,1.5646332740783693,0.29291730234399443,0.30763917788863193,-0.602611567080021,-4.89024076461792,-0.7257657021284103,-1.9563204050064087,-0.39732306748628615,-0.9600996188819408,-0.3079764673486352,0.12554611954838038,2.5863650083541874,-0.5814814373850823,0.40422038584947584,0.540250850096345,0.18093731589615342,-0.4919296607375145,0.2125699244439602,1.1072380900382996,0.7174015328288079,-0.6891329646110534,-1.129615032672882,-0.21739723971113561,3.3102955341339113,0.012506269442383183,-0.8764770820736885,-0.40491837263107316
2019-05-23 15:00:00,1.6094560325145721,-1.3458146572113037,0.20844509452581406,0.45388783887028705,-0.6961257815361023,0.23217669734731317,0.6724721133708954,-0.9458209276199341,-4.34997022151947,-0.8699546724557876,-2.548289167881012,-0.451351822167635,-1.1019679382443428,-0.4002451650798321,0.12554611954838038,4.795839452743531,-0.693842525780201,-0.4379177391529083,0.2953754380345345,0.055312824767315735,-0.40277020782232276,0.029204798396676772,1.2502753674983977,0.6878340646624566,-1.0223766684532165,-1.0918041288852693,-0.2848935510963201,2.609355092048645,-0.06887169196270404,-0.7038308173418045,-0.5197272300720216
2019-05-23 16:00:00,1.8656123280525208,-1.5929134488105774,0.20844509452581406,-0.19412624090909952,-1.0627351105213165,0.20881494954228402,1.4021379780024286,-1.4949560046195987,-5.4305120468139645,-0.5815767914056779,-3.199454426765442,-0.5864235695451498,-1.2154627054929734,-0.4694467455148697,0.09114857800304894,12.160754299163816,-0.7687498316168785,-2.234479224681855,0.2953754380345345,-0.195936157181859,-0.3581905000843108,0.015099819446913904,1.2502753674983977,0.3625920026563108,-1.3556204795837403,-0.9783711612224579,-0.30739236045628787,2.609355092048645,-0.15024965517222885,-0.2722147837281227,-0.4838494136929512
2019-05-24 10:00:00,0.8409868329763412,0.26032693646848204,0.8022218704223633,0.769137965142727,3.031071472167969,0.5218627557158471,-0.786859691143036,3.3099750757217414,-4.34997022151947,-0.43738782703876494,0.17476711208000778,0.03490659869858063,-0.5061203420162201,0.4071064334362745,0.3089997842907905,-10.67048177719116,0.07395797597710042,0.46036293506622317,1.1635700017213821,0.43218635618686674,-1.2943646907806396,1.1858154192566872,-1.968062686920166,2.432314431667328,2.087898242473602,-0.4868279039859772,0.5025640834122896,1.9084142327308655,0.25664015561342235,-0.531184373423457,-0.3618650055723265
2019-05-24 11:00:00,0.7897555500268936,0.0955944515299052,0.9294598162174225,0.874221247434616,3.214376187324523,0.4985008746385574,-0.9692761778831482,2.55491441488266,-2.5490676283836367,-0.43738782703876494,0.3523576430976391,0.03490659869858063,-0.19400974437594415,0.17643452500342388,0.09114857800304894,-4.778550434112549,-0.11331039303913715,0.2357927031815052,0.6515578312799335,0.6834353297948838,-1.2943646907806396,0.8472953036427497,-1.10983909368515,1.5157231867313385,0.9770857572555542,-0.8649379968643188,0.5925591416656971,4.478530311584473,0.25664015561342235,-0.531184373423457,-0.3762161757797003
2019-05-24 12:00:00,0.22621147977188225,-0.3162367524579167,1.0566977739334107,0.9267629325389862,3.703188943862915,0.44710504859685896,-0.7260541498661042,2.143063449859619,-1.1083453685045241,-0.7257657021284103,-0.002823650604113932,0.07542815729975698,-0.19400974437594415,-0.05423734774813056,-0.02350997850298881,-0.359601316601038,-0.30057884678244595,0.011222552508115746,0.22859123898670078,0.8718721091747283,-1.3835240304470058,0.41004001200199125,-0.251615678757662,0.8356714606285095,0.0884358186274767,-1.280859237909317,0.46881584855727854,5.413117694854736,0.25664015561342235,-0.6175074875354767,-0.35827729254961016
2019-05-24 13:00:00,0.22621147977188225,-0.72806795835495,1.480823928117752,1.0668740659952165,3.031071472167969,0.41907093860209,-0.11799923088401557,1.662570160627365,-0.5680748131126165,-1.1583326697349547,-0.5355955144390464,-0.005614983476698411,-0.10888861282728612,-0.2387748661916703,-0.11523685008287428,1.1133818507194522,-0.48784723728895185,0.2919352412223816,0.005977262184023818,1.0603089451789858,-1.3389444708824154,0.08562484495341775,0.1774959951639176,0.27388956118375063,-0.5780516803264619,-1.4321031332015992,0.19883034378290168,5.880411863327026,0.25664015561342235,-0.6606691099703312,-0.451559516787529
2019-05-24 14:00:00,0.07251765485852954,-1.139899092912674,1.2687608778476718,0.874221247434616,1.5646332740783693,0.3863644417375326,0.4900556057691574,0.5643002539873123,2.31336966753006,-0.8699546724557876,-1.2459577739238736,-0.12717952374368907,-0.2791308041661978,-0.37717800773680216,-0.1496343885548413,-0.359601316601038,-0.6376620069146155,-1.1677708745002746,-0.1721139555796981,1.6884313344955444,-1.2052052080631257,-0.1823703112546354,0.8926822364330291,-0.021785044670104947,-0.8002142071723938,-1.5077252328395843,-0.14990086276084186,6.581352186203003,0.17526221945881845,-0.7757667601108551,-0.3833917091600597
2019-05-24 15:00:00,0.3799053326249123,-1.4693639755249024,0.8022218704223633,0.45388783887028705,-0.3295162729918957,0.31160677000880244,1.0981106333434583,0.15244895331561564,1.773098635673523,-0.8699546724557876,-2.3706984043121335,-0.2892656341195107,-0.5344940211623908,-0.4233123879879714,-0.33308808505535126,-0.359601316601038,-0.7500229805707932,-0.10106253633275626,-0.23889812584966422,1.3743701934814454,-1.2052052080631257,-0.32342040427029134,1.6793870091438294,-0.2583247646689415,-0.5780516803264619,-1.6211583614349365,-0.4086368978023529,6.3477054119110115,-0.06887169196270404,-0.6175074875354767,-0.40133055448532107
2019-05-24 16:00:00,0.8409868329763412,-1.716462779045105,0.5477461487054824,-0.08904286697506902,-1.7348527789115906,0.2835725899785757,1.5845544576644892,-0.05347662759013474,0.33237639591097834,-0.2931989073753357,-3.0810608148574827,-0.5459020579233765,-0.8749784078449011,-0.37717800773680216,-0.29869052022695547,9.951280212402343,-0.7874767035245896,-0.38177526295185094,-0.5950805369764567,0.6834353297948838,-1.1160458326339722,-0.43626047000288964,1.965461504459381,-0.34702716320753096,-0.5780516803264619,-1.58334721326828,-0.6223754762671888,3.543942451477051,-0.15024965517222885,-0.2722147837281227,-0.45873498246073724
2019-05-24 17:00:00,1.455762231349945,-1.7988290667533875,0.2508577458560466,-0.49186246291501445,-2.8957833290100092,0.2695555293001235,1.949387526512146,-0.1907603576779366,-1.8287065148353576,-0.43738782703876494,-4.264998459815979,-0.7079881589859724,-1.4140786439180373,-0.37717800773680216,-0.20696368343196808,17.31619434356689,-0.7500229805707932,-1.2800558984279635,-0.5282964465208352,0.3065618634223939,-1.2052052080631257,-0.4785755217075348,2.1084988951683044,-0.8201065883040428,-2.1331890821456914,-1.129615032672882,-0.7348695702850818,3.543942451477051,-0.15024965517222885,0.17378853366244587,-0.46949829496443274
2019-05-25 09:00:00,0.07251765485852954,-0.35741986855864527,0.7598092943429947,0.2787488512694837,1.1980236172676086,0.44243266955018046,0.6724721133708954,3.447258973121644,-3.4495190382003784,-0.00482097808271649,1.5954918622970582,0.31855723783373835,0.17484824866987764,0.19950172018725423,0.26313637178391225,-8.461008214950562,-0.2443983145058155,0.7410756379365921,1.2303542360663413,0.24374960083514458,-1.071466052532196,0.9037152767181397,-0.7522461384534836,2.314044559001922,1.6435733199119564,-0.7515050351619721,0.1650821641087532,2.609355092048645,0.25664015561342235,-0.013245182391256077,-0.3618650055723265
2019-05-25 10:00:00,-0.4397948682308197,-0.6045185372233391,0.8446345865726471,0.3488044038414955,1.3813284039497375,0.5078456833958627,-0.05719378631911243,4.13367750644684,0.8726476907730103,0.4277458757162094,2.542641508579254,0.3590788468718529,0.40183791741728775,0.08416579561308024,0.03381926584988833,-3.3055675268173226,-0.2818519799038767,0.2357927031815052,0.5625121977180243,0.6206231147050858,-1.5618428766727448,0.7908752098679542,-0.6092088490724564,1.6044256269931794,0.6438419938087463,-0.9783711612224579,0.17633161842823028,2.3757080078125004,0.012506269442383183,-0.12834274470806123,-0.35827729254961016
2019-05-25 11:00:00,-0.8496451854705811,-0.6868847817182541,0.7598092943429947,0.40134613066911695,1.4424300432205202,0.554569222033024,0.30763917788863193,3.3099750757217414,1.0527375221252442,0.13936797305941578,2.365050768852234,0.5751936569809913,0.48695887476205824,-0.12343892883509396,-0.24136121571063995,4.059347987174988,-0.3754861995577813,0.2919352412223816,0.1172842662781477,0.7462476193904878,-1.7401618361473083,0.45235504359006884,-0.037059840373694905,0.7174015328288079,-0.13372669275850052,-0.9405600368976593,0.2438278928399086,3.7775893926620485,0.09388424791395662,-0.18589152991771699,-0.3833917091600597
2019-05-25 12:00:00,-1.0033390939235687,-0.8928004413843155,0.7598092943429947,0.41886005476117133,1.80903959274292,0.4985008746385574,0.42925011962652204,2.623556303977966,4.114272618293761,-0.5815767914056779,1.8914761662483215,0.5346722260117531,0.9409381121397018,-0.28490923717617994,-0.25282705686986445,9.951280212402343,-0.544027778506279,-0.10106253633275626,-0.4169893563259393,0.6206231147050858,-1.8293213188648223,0.029204798396676772,0.6781263381242753,0.12605227008461953,-1.2445392370224,-1.1674260854721068,0.15383277237415313,5.880411863327026,0.012506269442383183,-0.22905317544937134,-0.37980394624173636
2019-05-25 13:00:00,-1.8230395674705506,-1.2634484827518462,1.35358607172966,0.5239433877170087,1.3202268660068512,0.4517774134874344,0.7332776576280594,1.5939282894134519,6.455445098876953,-1.0141436040401461,1.181113690137863,0.42661468088626864,0.8558167845010758,-0.5155811063945294,-0.44774660654366016,6.268822431564331,-0.675115528702736,-0.04491999098099766,-0.4392507127951831,0.6206231147050858,-1.9630605578422546,-0.2528954051434994,1.1072380900382996,-0.5835668954998254,-2.1331890821456914,-1.5077252328395843,-0.11615263652056462,6.581352186203003,0.09388424791395662,-0.2434403568506241,-0.40491837263107316
2019-05-25 14:00:00,-1.6693457961082458,-1.5517303645610807,1.7777124047279358,0.38383222892880436,-0.1462113897781819,0.3816920764744282,1.2805271349847318,1.2507189989089968,4.8346333026886,-0.5815767914056779,0.8259325414896012,0.2645286479499191,0.6288273468613625,-0.7001186214387418,-0.596802638284862,13.633737945556641,-0.8623840793967247,-0.4379177391529083,-0.8176944054663181,1.4999945998191833,-1.9184809386730195,-0.5914156183600425,1.03571937084198,-0.613134315609932,-1.5777830004692077,-1.6211583614349365,-0.4536345399916172,5.179470586776732,-0.06887169196270404,-0.3297635406255722,-0.4228572517633438
2019-05-25 15:00:00,-1.2594953536987306,-1.9635618090629579,1.2687608778476718,-0.0365012098103762,-1.979259204864502,0.35833027958869934,1.7061655834317206,0.9075095683336258,2.493459701538086,-0.00482097808271649,-0.23961105830967422,0.18348551765084264,0.2883430391550064,-0.5847827352583409,-0.49360999949276446,15.106720447540283,-1.0121987745165826,-0.7186305940151214,-1.1070926919579507,2.1281171083450316,-1.3835240304470058,-0.6055205941200257,1.4648311853408813,-1.1157812476158142,-2.6885954618453978,-1.39429230093956,-0.6786224827170372,4.011236524581909,-0.06887169196270404,-0.2146659806370735,-0.49820056185126305
2019-05-25 16:00:00,-0.6447201788425445,-2.293026232719421,0.8446345865726471,-0.5619180880486965,-3.2012904405593874,0.334968538582325,2.3142203360795977,1.0447933077812195,1.4129181146621703,-0.7257657021284103,-1.897123444080353,-0.059643654152750955,0.11810100376605988,-0.8154545649886131,-0.34455391094088555,9.214788055419922,-0.9185645475983619,-1.8976239323616029,-0.9067400515079498,1.3743701934814454,-1.3835240304470058,-0.8453057914972305,2.1084988951683044,-1.5001584053039554,-2.9107578039169315,-1.2052371799945831,-0.9486078351736069,3.7775893926620485,-0.15024965517222885,0.13062682771123946,-0.451559516787529
2019-05-25 17:00:00,-0.33733245134353634,-2.0871108293533327,0.20844509452581406,-0.9121959384530782,-4.66772940158844,0.34431324899196614,2.8006642758846287,1.113435196876526,-0.20789412949234248,-0.43738782703876494,-2.3115014314651487,-0.43784461468458175,-0.39262559786438944,-0.8615889698266983,-0.27575882598757745,6.268822431564331,-1.1058329477906228,-1.1677708745002746,-0.6173419833183289,0.7462476193904878,-1.2943646907806396,-1.028670857846737,2.32305463552475,-1.2340509772300718,-2.0221079349517823,-1.1674260854721068,-0.959857377409935,3.543942451477051,-0.06887169196270404,0.5622427985072136,-0.44438390135765077
2019-05-26 08:00:00,-0.18363863565027713,-0.8104341894388198,1.0142850518226623,-0.19412624090909952,-0.4517192348837852,0.5312074974179268,0.5508611410856247,3.9277515172958375,-5.6106020450592045,-0.00482097808271649,3.134610629081726,0.48064341843128205,0.713948592543602,0.13030014629475772,0.41219253540039064,-18.035396766662597,-0.35675933584570885,0.348077791929245,1.1858313344419003,0.3693740785121918,-1.2052052080631257,0.6075101867318153,-0.6092088490724564,1.8409650921821594,2.1989799857139585,-0.22215076610445977,-0.08240452781319621,-1.128995668888092,0.012506269442383183,0.17378853366244587,-0.3726283490657807
2019-05-26 09:00:00,-1.4131893396377564,-0.8516173303127289,1.35358607172966,-0.12407075986266136,0.03709336817264558,0.540552182495594,0.6116666376590729,3.3786170005798346,0.5124669447541237,0.4277458757162094,3.9041701316833497,0.7102654576301575,0.7423220872879028,0.19950172018725423,0.17140954595524815,-8.461008214950562,-0.3380324952304363,0.06736510363407433,0.851910438388586,0.9974965989589691,-1.1606254935264586,0.5651951432228088,-0.5376902073621752,1.5452904701232912,2.087898242473602,-0.3733948573470115,-0.048656290024518954,1.6747671604156493,0.012506269442383183,0.26011167243123057,-0.36904052793979647
2019-05-26 10:00:00,-1.4644204735755921,-0.8104341894388198,1.1415230631828308,0.016040414385497578,0.22039818055927762,0.5031733021140099,0.6724721133708954,3.1040494322776793,2.31336966753006,0.7161237984895706,3.3713977336883545,0.8858587056398392,1.2246749848127367,0.17643452500342388,-0.21842952659353615,4.059347987174988,-0.2818519799038767,0.12350765587761998,0.384421007335186,1.4999945998191833,-1.4281038165092468,0.4241450160741806,-0.39465300738811504,1.1017785996198655,0.6438419938087463,-0.8271270096302032,0.007590696075931181,2.142061161994934,0.012506269442383183,0.20256288712844253,-0.3833917091600597
2019-05-26 11:00:00,-2.335352003574372,-0.6868847817182541,1.5656493186950682,0.06858213860541582,0.5259061008691788,0.4844838857650758,0.6116666376590729,2.623556303977966,5.915175199508668,0.7161237984895706,2.6018390297889713,0.764294095337391,1.593532967567444,-0.12343892883509396,-0.33308808505535126,15.843211936950684,-0.30057884678244595,-0.10106253633275626,-0.37246656296774744,1.1859334170818328,-1.8293213188648223,0.2125699244439602,-0.3231342919170857,0.4808618664741517,-1.2445392370224,-0.902749091386795,-0.026157506555318788,4.011236524581909,0.012506269442383183,0.08746534548699854,-0.38697950094938277
2019-05-26 12:00:00,-3.0013587832450868,-0.72806795835495,1.6504746079444885,0.1561516009271145,0.3426013752818108,0.4517774134874344,0.42925011962652204,2.4862725019454954,6.455445098876953,0.13936797305941578,2.246657371520996,0.5887009650468826,1.3381698966026305,-0.5155811063945294,-0.5624051187187433,12.897245693206784,-0.544027778506279,-0.1572050664573908,-0.5950805369764567,1.8140559434890746,-1.9630605578422546,-0.0836352316197008,-0.037059840373694905,-0.5244319412391633,-3.0218393325805666,-1.2052371799945831,-0.13865144653245803,4.244883036613464,-0.06887169196270404,0.0443036288022995,-0.4228572517633438
2019-05-26 13:00:00,-2.54027727842331,-1.2634484827518462,1.3111735463142393,0.10360993887297806,-0.26841429956257346,0.44243266955018046,0.4900556057691574,1.8684958577156068,6.2753560066223155,0.13936797305941578,1.713885450363159,0.5076578959822655,0.969311597943306,-0.8846561327576637,-0.596802638284862,12.897245693206784,-0.8623840793967247,-0.7186305940151214,-1.0403085015714169,1.9396803975105286,-1.6955822288990021,-0.5632054522633553,0.8211635261774063,-0.8201065883040428,-2.5775144100189213,-1.2430482387542727,-0.30739236045628787,4.945823717117309,-0.06887169196270404,-0.027632321882992972,-0.437208366394043
2019-05-26 14:00:00,-1.8742710113525392,-1.9635618090629579,1.1415230631828308,-0.07152902213856575,-1.184938448667526,0.40038152895867823,1.2805271349847318,0.5643002539873123,5.7350848674774175,-0.1490099251270294,0.8851294040679931,0.386093284189701,0.7990696489810943,-0.7923874393105507,-0.5853369146585464,7.741804313659668,-1.1620136067271232,-0.9432007014751435,-1.1070926919579507,1.437182402610779,-1.4726834654808045,-0.7042556583881378,0.9642008960247039,-1.4114558696746824,-2.5775144100189213,-1.3564810633659359,-0.5436296682804823,4.945823717117309,-0.06887169196270404,0.015529199148295461,-0.4551472060382366
2019-05-26 15:00:00,-1.5668828964233399,-2.622491443157196,0.8446345865726471,-0.3342374983243644,-2.4680722117424008,0.31160677000880244,2.3142203360795977,0.08380711078643799,4.8346333026886,0.13936797305941578,-0.18041424676775933,0.19699274823069574,0.543706352263689,-0.7923874393105507,-0.550939305499196,11.424262523651121,-1.0871060654520988,-1.223913371562958,-1.0848314389586449,1.1859334170818328,-1.4281038165092468,-0.9863558024168014,1.5363499581813813,-1.5001584053039554,-1.7999454379081725,-1.3564810633659359,-0.9261091709136963,3.7775893926620485,-0.06887169196270404,0.15940122455358505,-0.47667389300186186
2019-05-26 16:00:00,-1.1058014750480651,-2.4577590107917784,0.7598092943429947,-0.7020291168242693,-4.545526003837586,0.27890033721923824,3.2871083080768586,0.08380711078643799,3.2138208389282226,0.5719347834587097,-0.949973601102829,-0.046136444807052604,0.1464746031910181,-0.6309170633554458,-0.49360999949276446,16.57970485687256,-1.0871060654520988,-1.5607686281204225,-1.01804711073637,0.7462476193904878,-1.3835240304470058,-1.028670857846737,1.6078684866428374,-1.470590841770172,-2.3553515672683716,-1.1674260854721068,-1.0386031121015549,3.0766486883163457,-0.06887169196270404,0.37520929574966433,-0.40491837263107316
2019-05-27 09:00:00,-1.8230395674705506,-0.15150425909087062,1.5232366323471072,-0.2116401750594378,-0.1462113897781819,0.5171903923153878,-0.17880475260317327,4.065035653114319,-1.2884358704090118,0.8603127896785736,3.8449721813201903,0.8858587056398392,1.5084118306636811,0.5685767590999603,0.07968268468976021,-12.143465900421143,-0.03840305879712103,0.348077791929245,0.6960806490853428,2.0024926543235777,-1.1160458326339722,0.5087751030921936,-1.0383205890655516,1.3974532783031466,2.9765481710433965,-0.3733948573470115,-0.14990086276084186,1.2074735641479493,0.012506269442383183,0.3032731994986534,-0.36904052793979647
2019-05-27 10:00:00,-2.847664904594421,-0.15150425909087062,1.5232366323471072,-0.0365012098103762,-0.3295162729918957,0.5498968437314034,-0.3612212479114532,3.447258973121644,1.9531892538070679,0.8603127896785736,3.667382073402405,0.8723515123128891,1.593532967567444,0.36097204554826023,-0.10377094931900499,-6.25153250694275,0.01777745373547076,0.12350765587761998,0.20632985290139913,1.7512435793876648,-1.4726834654808045,0.35361998826265334,-0.8952834039926529,0.8948064029216767,1.199248307943344,-0.7515050351619721,-0.08240452781319621,2.142061161994934,0.012506269442383183,0.27449895069003105,-0.39774276912212364
2019-05-27 11:00:00,-3.0013587832450868,-0.027954913675785075,1.226348227262497,-0.08904286697506902,0.03709336817264558,0.5078456833958627,-0.3612212479114532,3.035407602787018,3.7540923595428466,1.0045015811920166,3.3713977336883545,0.8318300440907478,1.5651591837406158,-0.008102987334132198,-0.31015637964010245,-0.359601316601038,-0.15076409559696913,-0.32563273608684534,-0.14985256530344485,1.7512435793876648,-1.5172633409500123,0.11383483111858368,-0.6807273656129837,0.24432215113192796,0.31059821248054514,-0.902749091386795,-0.07115512713789937,3.3102955341339113,-0.06887169196270404,0.13062682771123946,-0.437208366394043
2019-05-27 12:00:00,-2.950127637386323,-0.3986029969528317,1.4384114444255829,0.016040414385497578,0.09819506257772445,0.47981155961751937,-0.5436376839876176,2.417630875110626,5.194813203811646,0.5719347834587097,2.8386261701583857,0.764294095337391,1.4800380647182465,-0.19264047518372537,-0.42481483705341816,7.741804313659668,-0.4503935530781746,-0.9432007014751435,-0.550557772256434,1.311557924747467,-1.6510025322437287,-0.1964753801410552,-0.037059840373694905,-0.22875728458166122,-0.5780516803264619,-1.0918041288852693,-0.19489842839539046,2.843001961708068,0.012506269442383183,0.17378853366244587,-0.451559516787529
2019-05-27 13:00:00,-2.796433806419373,-1.057532799243927,1.7352998018264771,0.03355431272648275,-0.5739225775003433,0.43776031509041785,0.00361170913092789,1.52528635263443,5.5549946308135985,0.5719347834587097,1.713885450363159,0.6427296459674835,1.3381698966026305,-0.37717800773680216,-0.5165417164564132,16.57970485687256,-0.6002082869410514,-1.1677708745002746,-0.773171691596508,1.625619208812714,-1.6510025322437287,-0.4221554256975651,0.6781263381242753,-0.7609715878963471,-1.7999454379081725,-1.016182118654251,-0.3861381568014622,3.7775893926620485,-0.06887169196270404,0.08746534548699854,-0.5520172953605649
2019-05-27 14:00:00,-2.54027727842331,-1.3869977116584777,1.35358607172966,-0.1590985560324043,-1.6126497864723206,0.37701971270143986,0.9764995858073234,0.7702258676290512,5.194813203811646,1.4370686590671542,0.8851294040679931,0.386093284189701,1.0828065544366836,-0.6309170633554458,-0.5394734062254429,9.214788055419922,-0.7500229805707932,-2.739762198925018,-0.9512629404664039,2.065305066108704,-1.4281038165092468,-0.676045623421669,0.9642008960247039,-1.0566462099552154,-3.1329200983047487,-1.1674260854721068,-0.6336248911917209,1.9084142327308655,-0.15024965517222885,0.07307806592434643,-0.5197272300720216
2019-05-27 15:00:00,-2.079196035861969,-1.716462779045105,1.0991103589534759,-0.4568346585496329,-2.956884884834289,0.3256238400936126,1.4629434540867812,0.15244895331561564,4.294363260269166,1.4370686590671542,0.41155436262488365,0.19699274823069574,0.543706352263689,-0.9077234618365765,-0.5165417164564132,12.897245693206784,-0.956018342077732,-2.234479224681855,-0.9957857251167297,1.4999945998191833,-1.2943646907806396,-0.8170957371592522,1.3217939257621762,-1.2931862264871596,-2.0221079349517823,-0.8649379968643188,-0.8136152312159538,0.9738266289234161,-0.06887169196270404,0.2313371978700161,-0.46949829496443274
2019-05-27 16:00:00,-1.1058014750480651,-2.169477093219757,0.717396679520607,-0.8421403454616666,-3.9345101594924925,0.2835725899785757,1.949387526512146,0.08380711078643799,3.7540923595428466,1.4370686590671542,-0.35800482109189036,0.08893530704081057,0.1464746031910181,-0.6770514450967312,-0.4592124164104462,6.268822431564331,-1.180740240216255,-1.4484835982322692,-0.9512629404664039,1.1231210589408875,-0.8931471824645998,-0.9299357920885086,1.1787566125392914,-1.352320820093155,-2.5775144100189213,-0.7136940240859986,-1.01610424220562,0.2728858275339007,0.012506269442383183,0.4759196534752846,-0.451559516787529
2019-06-01 13:00:00,2.2754624605178835,-0.27505362033843994,-0.7670454263687134,0.7516239650547505,2.2978524088859555,0.27422787901014084,-0.5436376839876176,-0.1907603576779366,-7.591594934463501,-0.5815767914056779,-2.7258796691894527,-0.5864235695451498,-1.3857048436999322,0.08416579561308024,0.2287388295866549,-8.461008214950562,-0.20694459229707718,-1.4484835982322692,0.7406034076120704,-1.6406179666519165,0.5334040803834796,0.32540995702147485,-1.3959136188030243,0.9243738114833832,1.310329407453537,0.004715278185904054,0.06383759155869487,-3.23181791305542,-0.06887169196270404,-0.5167972415685653,-0.49102506414055824
2019-06-02 14:00:00,1.1483745455741885,-0.3162367524579167,0.3356829926371575,0.40134613066911695,1.1369221866130828,0.37701971270143986,-0.5436376839876176,1.3193608701229096,-8.492045831680297,0.2835569269955158,-1.897123444080353,-0.32978718876838675,-0.7898572510108351,0.1533673395286314,0.4351241931319237,-12.143465900421143,-0.2443983145058155,0.12350765587761998,0.8073876308277249,0.43218635618686674,-0.0015526926144957321,0.4241450160741806,-2.2541370749473573,1.160913449525833,1.4214108347892762,0.26939233765006065,0.06383759155869487,-4.867345762252808,-0.06887169196270404,-0.3441507712006569,-0.40491837263107316
2019-06-02 15:00:00,1.3020682871341707,-0.6045185372233391,0.08120721960440277,0.33129051253199576,0.8314140975475312,0.36300266236066825,-0.11799923088401557,0.4956583887338638,-8.67213706970215,0.4277458757162094,-2.4890920996665953,-0.43784461468458175,-0.9600996188819408,0.03803138816729187,0.354863266646862,-10.67048177719116,-0.31930568926036357,-0.4379177391529083,0.8964332036674023,-0.007499418221414064,0.17676620660349723,0.2407799326814711,-1.7535066962242127,1.0426436901092528,1.199248307943344,0.23158132210373877,-0.048656290024518954,-5.100993061065674,-0.15024965517222885,-0.22905317544937134,-0.37980394624173636
2019-06-02 16:00:00,1.6094560325145721,-0.7692510455846786,0.12361990008503199,0.243721067160368,0.22039818055927762,0.3069344088435172,0.30763917788863193,-0.5339696496725083,-9.932769107818604,0.7161237984895706,-3.0810608148574827,-0.5729164277203382,-1.187089055031538,-0.008102987334132198,0.3663290858268738,-0.359601316601038,-0.412939876317978,-0.04491999098099766,0.7406034076120704,-0.38437294512987136,0.26592567693442104,0.18435986824333667,-1.46743226647377,1.160913449525833,0.9770857572555542,0.26939233765006065,-0.13865144653245803,-6.736522388458252,-0.06887169196270404,-0.17150438409298652,-0.4551472060382366
2019-06-02 17:00:00,2.0193062663078307,-0.9751666367053986,0.1660324859432876,0.06858213860541582,-0.26841429956257346,0.23684909008443356,0.5508611410856247,-0.1907603576779366,-10.653130245208741,1.2928793787956236,-3.317848825454712,-0.7079881589859724,-1.4708259716629983,-0.05423734774813056,0.4465900301933289,4.059347987174988,-0.4503935530781746,-1.223913371562958,0.7628648276440799,-0.32156071364879607,0.5334040803834796,0.2407799326814711,-1.252876335382462,0.9539413273334503,-0.5780516803264619,0.5340694159269332,-0.2848935510963201,-6.502874279022217,-0.06887169196270404,-0.09956837370991709,-0.39056725129485137
2019-06-04 11:00:00,1.0459118843078614,0.46624255180358887,0.12361990008503199,0.6115128457546236,2.2978524088859555,0.4330879501998425,-1.3949146211147307,2.143063449859619,-6.871233987808227,-0.7257657021284103,0.3523576430976391,-0.005614983476698411,-0.2223833638243377,0.430173649569042,0.37779491990804676,-12.143465900421143,0.01777745373547076,-0.1572050664573908,0.9409560769796371,-0.6356218874454498,-0.04613241497427224,0.635720120370388,-2.1826183795928955,1.6044256269931794,2.532223415374756,0.3450143903493881,0.3450725503265858,-3.4654644966125496,-0.06887169196270404,-0.3297635406255722,-0.4300328839570284
2019-06-04 12:00:00,0.27744281105697155,-0.027954913675785075,0.3356829926371575,0.6640546143054963,2.358954012393951,0.41907093860209,-1.2733036756515503,1.113435196876526,-4.5300603151321415,-0.7257657021284103,-0.18041424676775933,0.07542815729975698,-0.2791308041661978,0.26870326502248637,0.2516705336049199,-7.72451639175415,-0.09458356495015326,-0.830915653705597,0.7851261436939241,-0.32156071364879607,-0.3581905000843108,0.45235504359006884,-1.8250254154205323,1.2200483918190002,1.199248307943344,0.004715278185904054,0.23257858157157899,-2.764524340629578,0.012506269442383183,-0.4016995541751385,-0.4479716420173645
2019-06-06 14:00:00,0.43113674968481064,-1.0987161099910734,-0.4701569974422455,0.17366550937294964,-0.26841429956257346,0.23684909008443356,-0.17880475260317327,-0.602611567080021,5.7350848674774175,-0.5815767914056779,-1.1867610573768614,-0.12717952374368907,-0.5344940211623908,-0.1695733156055212,-0.42481483705341816,-3.3055675268173226,-0.5627546042203904,0.011222552508115746,-0.6173419833183289,-1.2637444734573366,0.3996648933738471,-0.6055205941200257,0.9642008960247039,-0.8496740236878395,-0.02264542328193785,-1.1674260854721068,-0.4311357527971268,3.7775893926620485,-0.7198953330516815,-0.18589152991771699,-0.3726283490657807
2019-06-06 15:00:00,0.8409868329763412,-1.304631620645523,-0.639807465672493,-0.07152902213856575,-1.8570562958717343,0.23217669734731317,1.037305061519146,-0.5339696496725083,4.294363260269166,-0.5815767914056779,-1.6603358387947083,-0.27575852125883105,-0.5344940211623908,-0.26184207466430964,-0.550939305499196,-3.3055675268173226,-0.5814814373850823,0.06736510363407433,-0.773171691596508,-1.2009322106838227,0.4442445270717144,-0.7183606922626495,1.2502753674983977,-0.8496740236878395,-0.13372669275850052,-1.1674260854721068,-0.7461188219487667,4.244883036613464,-0.15024965517222885,-0.042019567638635624,-0.38697950094938277
2019-06-06 16:00:00,0.8409868329763412,-1.3458146572113037,-0.8094579696655273,-0.5268903716001659,-3.567900538444519,0.23684909008443356,1.3413325687230095,-0.9458209276199341,4.114272618293761,-0.43738782703876494,-2.13391090631485,-0.38381591662764547,-0.8466047193855047,-0.28490923717617994,-0.4592124164104462,3.322856307029724,-0.6563887134194374,-0.1572050664573908,-1.01804711073637,-1.4521812617778778,0.4442445270717144,-0.7183606922626495,1.1787566125392914,-1.0566462099552154,-0.13372669275850052,-1.2430482387542727,-0.959857377409935,0.7401796281337739,-0.06887169196270404,0.15940122455358505,-0.4802616871893406
2019-06-06 17:00:00,1.404530918598175,-1.5105472445487975,-1.1063464403152465,-1.0172792032361029,-4.728830552101135,0.20881494954228402,1.4021379780024286,-1.7008816719055175,1.4129181146621703,0.5719347834587097,-2.13391090631485,-0.49187333360314367,-1.0735943153500558,-0.28490923717617994,-0.44774660654366016,33.51900844573975,-0.675115528702736,-1.616911244392395,-0.8399559121578932,-1.7034303069114685,0.711722894385457,-0.8170957371592522,1.4648311853408813,-1.3818884789943695,-1.1334579110145568,-0.6758829951286315,-1.0498524218797685,-0.42805498242378237,-0.15024965517222885,0.5334684520959854,-0.46591061875224105
2019-06-06 18:00:00,1.8143812775611878,-1.5517303645610807,-1.1487591147422789,-1.350043334811926,-5.217643308639526,0.15741900764405728,1.6453599438071251,-2.0440909266471863,-1.1083453685045241,0.5719347834587097,-2.8442734479904175,-0.49187333360314367,-1.300583754479885,-0.49251389503479004,-0.27575882598757745,35.728484344482425,-0.675115528702736,-1.3923410654067991,-0.8176944054663181,-2.143115830421448,0.9346214815974235,-0.9722507610917092,1.4648311853408813,-1.1453487932682038,-5.687789011001588,-0.4868279039859772,-1.0498524218797685,-0.8953485190868378,-0.06887169196270404,0.936310026049614,-0.5304905325174332
2019-06-20 15:00:00,-0.2348698526620865,-0.5633353993296624,-0.21568116322159767,0.051068239845335484,-0.1462113897781819,0.25553847700357435,-0.2396102137863636,-0.5339696496725083,-1.4685261368751525,1.148690602183342,-0.7131860584020615,-0.005614983476698411,-0.16563602760434154,-0.10037175454199314,0.056750983372330664,-1.0960926055908202,-0.3380324952304363,0.17965018078684808,0.09502282328903672,-0.447185181081295,0.04302702015265824,0.07151980884373185,-1.8965439200401306,0.6286991700530052,-0.355889219790697,0.11814833879470825,-0.21739723971113561,-2.998171162605286,-0.23162762224674224,-0.027632321882992972,-0.3511017017066479
2019-06-20 16:00:00,0.17498028632253407,-0.8104341894388198,-0.4701569974422455,-0.0365012098103762,-0.6961257815361023,0.23684909008443356,0.24683364708907898,-0.2594022103585302,-2.1888870120048525,1.2928793787956236,-0.949973601102829,-0.16770107671618464,-0.2791308041661978,-0.3310436302796006,-0.09230509214103222,-2.5690757274627685,-0.5253008469939232,0.40422038584947584,0.1618070349097252,-0.8240585505962372,0.31050532022491095,-0.013110207580029943,-1.6104695677757264,0.09648476094007488,-0.4669704556465149,-0.07090676976367834,-0.2736442262306809,-2.764524340629578,-0.06887169196270404,0.05869090035557746,-0.40491837263107316
2019-06-25 13:00:00,3.453782081604004,0.17796068377792834,-1.1911715924739839,0.8391935311257839,2.4200554966926573,0.1854531478136778,-1.8813584804534913,-1.4263139903545379,-4.169879961013794,-1.1583326697349547,-2.7258796691894527,-0.5459020579233765,-1.7261891305446624,0.4071064334362745,0.24020469468086958,-12.143465900421143,0.01777745373547076,-0.32563273608684534,0.18406847193837167,-2.5199897408485414,1.6033173501491547,0.28309495486319064,-2.0395813465118406,1.2496159613132476,2.1989799857139585,-0.14652881026268005,0.07508707791566853,-1.8299361824989315,0.012506269442383183,-0.4880227315239608,-0.4085061773657799
2019-07-30 11:00:00,-3.4112092733383172,1.3310880821198223,0.1660324859432876,-0.8596542563289404,-3.01798632144928,0.2508661143481731,-2.550219011306763,-0.4653278298676013,6.8156256675720215,0.2835569269955158,4.022563815116882,1.291073951125145,2.3312490940093995,0.8223157897591591,-0.5165417164564132,-13.616449642181397,0.5421290032565593,0.348077791929245,-0.9290016155689955,-0.32156071364879607,-0.17987156957387923,-0.32342040427029134,-3.0408422112464906,-0.7314042001962662,3.754117250442505,0.4584474042057991,-0.6111260039149784,-5.3346398830413815,0.41939607113599775,0.6917276293039322,-0.35827729254961016
2019-07-30 12:00:00,-4.3333722114562985,1.1251724675297736,0.12361990008503199,-0.8596542563289404,-2.8346814632415773,0.24152140580117706,-2.550219011306763,-0.9458209276199341,6.455445098876953,0.5719347834587097,3.4305947065353393,0.9128731831908226,2.4447437644004824,0.5224423430860045,-0.6197343660518527,-3.3055675268173226,0.22377274371683603,0.2919352412223816,-0.9512629404664039,-0.2587484367191792,-0.447349962592125,-0.6619406312704086,-2.4686931729316717,-1.263618630170822,1.4214108347892762,0.3072034110315144,-0.6336248911917209,-5.100993061065674,-0.06887169196270404,0.8068254262208938,-0.3762161757797003
2019-07-30 13:00:00,-4.538296866416932,0.42505940794944763,-0.5125696048140526,-0.8071126021444798,-2.956884884834289,0.20881494954228402,-2.246191596984863,-1.3576722681522368,8.436438846588135,0.2835569269955158,3.1938071966171266,0.7778014197945595,1.6502803802490233,0.03803138816729187,-0.596802638284862,1.849873435497284,-0.019676230475306516,0.011222552508115746,-1.1516155317425727,-0.32156071364879607,-0.3136107172816992,-0.9158307284116745,-2.1111000180244446,-1.2931862264871596,-0.13372669275850052,0.26939233765006065,-0.7348695702850818,-3.4654644966125496,-0.15024965517222885,0.8068254262208938,-0.40133055448532107
2019-07-31 11:00:00,-3.0013587832450868,1.248721832036972,1.0142850518226623,-0.8946820106357336,-2.8957833290100092,0.34431324899196614,-2.550219011306763,0.3583746403455733,8.076257801055908,1.148690602183342,4.673729062080384,1.1830166801810262,1.905643767118454,0.6839127015322447,-0.6426660990342498,-8.461008214950562,0.39231425495818256,-0.04491999098099766,-0.9957857251167297,0.8090598523616791,0.26592567693442104,-0.4503654554486275,-2.611730086803436,-0.8201065883040428,2.532223415374756,0.4206364365294576,-0.6448741981759667,-4.166405463218689,0.012506269442383183,0.9219227403402328,-0.3941550269722939
2019-08-01 12:00:00,-4.025984311103821,0.7957074433565141,0.4205082654953003,-1.0172792032361029,-3.140189385414124,0.2835725899785757,-2.124580442905426,0.3583746403455733,10.237341690063477,1.148690602183342,4.259350895881653,1.061452117562294,2.4447437644004824,0.19950172018725423,-0.7687905019149184,-1.8325844407081604,-0.019676230475306516,-0.04491999098099766,-1.262922567874193,0.5578108757734299,0.1321865097619593,-0.9158307284116745,-1.7535066962242127,-2.1210749030113223,-0.02264542328193785,0.19377029985189437,-0.8248646229505538,-3.23181791305542,0.3380181416869163,0.9650845319032669,-0.4336205579340458
2019-08-01 13:00:00,-4.538296866416932,-0.11032112613320348,0.3356829926371575,-0.8946820106357336,-3.9956118583679205,0.29758967868983743,-1.759747564792633,-0.3966859951615334,10.597522354125976,1.148690602183342,4.140956950187683,0.9669018909335136,1.9623912394046783,-0.26184207466430964,-0.8375856017693877,-3.3055675268173226,-0.2818519799038767,-0.8870581388473511,-1.4410136327147485,0.11812507826834914,-0.13529185876250266,-1.3248758837580679,-1.5389508545398713,-1.7071303486824037,-0.355889219790697,-0.03309574211016297,-0.892360894382,-2.764524340629578,0.17526221945881845,0.936310026049614,-0.3941550269722939
2019-08-01 16:00:00,-3.2062841415405274,-1.634096509218216,-0.554982277750969,-1.735348929464817,-7.845012474060058,0.13872955180704594,1.6453599438071251,-2.2500165820121767,8.61652936935425,1.0045015811920166,3.075413632392883,0.764294095337391,1.6786541998386384,-0.4463795550167561,-0.7917221937328577,-1.0960926055908202,-0.675115528702736,-0.49406039118766787,-1.5300594158470628,-1.51499342918396,0.48882431760430334,-1.3248758837580679,-0.6807273656129837,-2.1802100539207463,-2.1331890821456914,0.496258445456624,-1.3760850131511688,-5.100993061065674,-0.06887169196270404,1.1233436882495877,-0.3726283490657807
2019-08-02 10:00:00,-3.7698282480239866,0.9192567789927125,0.5901587843894959,-1.0347931917756796,-3.567900538444519,0.43776031509041785,-1.8813584804534913,0.9075095683336258,7.535987138748169,1.725446307659149,5.028910446166992,1.1965238392353055,2.189380466938019,0.9145846337080001,-0.5624051187187433,-15.825922870635987,0.41104117333889006,0.46036293506622317,-0.8176944054663181,0.49499858021736143,0.17676620660349723,-0.29521042564883837,-2.611730086803436,-0.40616204738616946,3.1987107515335085,0.4206364365294576,-0.7236199751496315,-5.568286943435669,0.25664015561342235,1.0082461893558503,-0.37980394624173636
2019-08-02 11:00:00,-4.077215719223022,0.8368905555456877,0.8870471835136413,-1.0172792032361029,-3.445697283744812,0.334968538582325,-1.9421639084815978,3.3786170005798346,8.976709222793579,2.013824278116226,4.910516262054443,1.1424952626228335,2.2461279392242433,0.4071064334362745,-0.6655978357419372,-3.3055675268173226,0.2986800614744426,-0.04491999098099766,-1.0403085015714169,0.3693740785121918,-0.09071216881275171,-0.5067855268716812,-2.1111000180244446,-1.1157812476158142,1.7546545982360844,0.3450143903493881,-0.6786224827170372,-3.9327581405639647,0.09388424791395662,0.9506972819566727,-0.38697950094938277
2019-08-02 13:00:00,-3.974753165245056,-0.3162367524579167,0.717396679520607,-0.9121959384530782,-3.3845957040786745,0.3256238400936126,-1.455720102787018,-1.2890301644802091,13.298876094818112,2.158013170957566,3.667382073402405,1.0479449525475502,2.0758858799934385,-0.28490923717617994,-0.8605173539370299,9.951280212402343,-0.35675933584570885,-0.2133476234972477,-1.4187522880733012,1.4999945998191833,0.1321865097619593,-0.9863558024168014,-1.5389508545398713,-1.6775629460811614,-2.1331890821456914,-0.07090676976367834,-0.881111603975296,-1.8299361824989315,0.09388424791395662,0.9075354605913162,-0.3654527720063925
2019-08-02 14:00:00,-3.872290563583374,-0.8516173303127289,-0.21568116322159767,-0.9647377230226993,-4.301119756698608,0.1854531478136778,-0.11799923088401557,-1.8381652116775513,14.919687461853027,0.5719347834587097,3.4305947065353393,0.8318300440907478,1.9340169847011566,-0.7001186214387418,-1.0325053304433824,-2.5690757274627685,-0.675115528702736,0.17965018078684808,-1.6191047370433806,0.5578108757734299,0.5334040803834796,-1.1133008509874345,-1.3959136188030243,-1.9141028463840484,-2.1331890821456914,-0.25996180661022666,-1.1510969072580337,0.7401796281337739,0.25664015561342235,0.8499868959188461,-0.39056725129485137
2019-08-02 15:00:00,-3.616134023666382,-1.5517303645610807,1.3111735463142393,-1.227445971220732,-5.767558240890503,0.1480743370950222,0.6724721133708954,-1.9754491925239563,9.336890983581544,1.5812574326992037,3.134610629081726,0.7778014197945595,1.4800380647182465,-0.7001186214387418,-1.1356978841125964,17.31619434356689,-1.0121987745165826,-0.2133476234972477,-1.9530260190367699,-0.8240585505962372,0.26592567693442104,-1.2261408627033235,-0.8952834039926529,-2.1802100539207463,-0.24480794742703438,-0.6758829951286315,-1.263590893149376,-4.867345762252808,-0.06887169196270404,0.8931486666202545,-0.5304905325174332
2019-08-02 16:00:00,-2.796433806419373,-2.293026232719421,-0.3005064889788628,-1.6477794796228404,-6.378573942184448,0.13872955180704594,1.7061655834317206,-1.769523274898529,8.256348371505737,1.5812574326992037,2.542641508579254,0.7102654576301575,1.366543674468994,-0.3079764673486352,-0.7802564486861229,18.78917865753174,-1.0121987745165826,-2.402906906604767,-2.1533784374594687,1.437182402610779,0.3996648933738471,-1.3530859902501107,-0.6092088490724564,-2.6237218499183657,-3.244001626968384,0.23158132210373877,-1.3648354560136795,-5.3346398830413815,-0.06887169196270404,1.1089563548564914,-0.5089639067649842
2019-08-03 10:00:00,-3.7185965299606316,1.0428061613813044,1.35358607172966,-0.929709829390049,-3.445697283744812,0.563913956284523,-2.063775002956391,3.9277515172958375,6.2753560066223155,0.5719347834587097,6.6864227771759035,1.3991313293576242,2.2461279392242433,0.8453830264508724,-0.4592124164104462,-15.825922870635987,0.4672216981649398,0.2919352412223816,-0.5282964465208352,1.4999945998191833,0.04302702015265824,-0.3939454108476639,-2.611730086803436,-0.43572956286370756,4.087360858917236,0.6475026361644268,-0.7123706832528114,-5.801933622360229,0.41939607113599775,0.9219227403402328,-0.35827729254961016
2019-08-03 11:00:00,-4.179677891731262,0.9604400212410837,0.6325714021921158,-0.9822515565901995,-3.3845957040786745,0.540552182495594,-2.124580442905426,3.035407602787018,6.635536146163941,1.148690602183342,4.85132007598877,1.5206961326301096,2.671733283996582,0.5916438955813647,-0.5853369146585464,-3.3055675268173226,0.24249959364533424,0.2919352412223816,-0.8399559121578932,1.4999945998191833,-0.13529185876250266,-0.5208904549479485,-2.39717447757721,-0.7314042001962662,1.7546545982360844,0.3828253332525492,-0.7123706832528114,-4.867345762252808,-0.15024965517222885,0.864374166727066,-0.3833917091600597
2019-08-03 12:00:00,-4.94814670085907,0.46624255180358887,1.7777124047279358,-0.9647377230226993,-3.3845957040786745,0.47981155961751937,-2.002969527244568,1.4566446661949155,9.877159881591798,0.8603127896785736,4.496138191223145,1.1019736409187317,2.927096307277679,0.10723297903314233,-0.6082685256376863,9.214788055419922,0.03650428727269173,-0.10106253633275626,-1.0848314389586449,0.43218635618686674,-0.3581905000843108,-0.6619406312704086,-2.39717447757721,-1.1453487932682038,-0.13372669275850052,0.23158132210373877,-0.7911163777112961,-3.4654644966125496,-0.06887169196270404,0.9075354605913162,-0.36904052793979647
2019-08-03 13:00:00,-5.40922863483429,0.01322821639478206,1.8625377655029296,-0.9647377230226993,-3.8123071670532225,0.372347366437316,-1.2733036756515503,0.4270164676010609,10.77761106491089,0.7161237984895706,4.200154066085815,1.0209307059645654,2.0475122392177583,-0.28490923717617994,-0.8146539859473705,9.951280212402343,-0.35675933584570885,0.12350765587761998,-1.129354153573513,2.1281171083450316,-0.8485674291849137,-0.859410648047924,-1.968062686920166,-1.470590841770172,-2.0221079349517823,0.004715278185904054,-0.892360894382,-0.8953485190868378,-0.06887169196270404,0.8931486666202545,-0.4300328839570284
2019-08-08 09:00:00,-3.25751531124115,1.0428061613813044,0.038794615399092396,-0.9997654799371958,-3.690103840827942,0.3676750257611275,-2.185385823249817,-0.3966859951615334,6.095265531539917,0.13936797305941578,6.15365071296692,1.2640598639845848,2.161006903648376,1.0529876887798308,-0.47067832238972185,-24.663822937011723,0.48594840429723263,0.40422038584947584,-0.23889812584966422,-1.012495571374893,0.17676620660349723,-0.32342040427029134,-2.8978045701980593,-0.021785044670104947,5.309254407882691,0.496258445456624,-0.7123706832528114,-3.9327581405639647,0.09388424791395662,0.9938588887453079,-0.3618650055723265
2019-08-08 10:00:00,-4.025984311103821,1.0016231168992817,0.3356829926371575,-1.0523071624338625,-3.3845957040786745,0.24619379788637158,-2.124580442905426,-1.2203884422779083,7.896167612075805,0.2835569269955158,5.620879077911377,1.3991313293576242,2.3879964351654053,0.8453830264508724,-0.5738709669560194,-12.879956912994384,0.41104117333889006,0.2357927031815052,-0.8622173748910427,-0.447185181081295,-0.2244513150304556,-0.32342040427029134,-2.8978045701980593,-0.34702716320753096,3.08762948513031,0.0803372610360384,-0.689871821179986,-4.166405463218689,-0.15024965517222885,0.9219227403402328,-0.39774276912212364
2019-08-08 11:00:00,-4.435834288597107,0.8368905555456877,0.5477461487054824,-0.9647377230226993,-3.2623926162719727,0.1901255317032337,-2.063775002956391,-1.4949560046195987,11.497972583770753,0.13936797305941578,4.259350895881653,1.2775669440627098,2.671733283996582,0.3840392412617803,-0.6885296260006726,-0.359601316601038,0.24249959364533424,-0.32563273608684534,-1.0625698283314704,-0.007499418221414064,-0.40277020782232276,-0.4785755217075348,-2.4686931729316717,-1.1749161064624787,1.310329407453537,0.11814833879470825,-0.7348695702850818,-3.4654644966125496,0.012506269442383183,0.9650845319032669,-0.3941550269722939
2019-08-09 12:00:00,-4.025984311103821,0.5486087962985039,-0.554982277750969,-0.8246264688670635,-3.567900538444519,0.20881494954228402,-2.002969527244568,-1.1517465829849243,12.39842462539673,-0.1490099251270294,3.3713977336883545,0.8453372836112976,1.763775026798248,0.10723297903314233,-0.9981075335294008,-9.933991432189941,-0.09458356495015326,0.5165054023265838,-1.2851838715374468,-0.5099974662065506,-0.13529185876250266,-0.8312007114291191,-1.252876335382462,-1.352320820093155,-0.13372669275850052,-0.25996180661022666,-0.8698620945215225,-0.42805498242378237,0.3380181416869163,0.835599747300148,-0.3439261168241501
2019-08-09 13:00:00,-3.3087463855743406,-0.27505362033843994,-1.0639337301254272,-1.0172792032361029,-4.2400177955627445,0.1947979062795639,-1.3949146211147307,-1.5635976791381836,12.218334102630617,-0.5815767914056779,3.1938071966171266,0.764294095337391,1.5084118306636811,-0.28490923717617994,-0.9751759551465511,-6.25153250694275,-0.35675933584570885,0.5165054023265838,-1.8862416118383412,-1.3265566110610962,0.17676620660349723,-0.9581458613276481,-1.10983909368515,-1.7366980850696563,0.8660044372081757,-0.4868279039859772,-1.0723513066768646,-0.1944078868255019,0.3380181416869163,0.7780509829521179,-0.3762161757797003
2019-08-10 10:00:00,-4.794453811645508,1.248721832036972,0.4205082654953003,-0.9997654799371958,-3.506799054145813,0.3302961960434913,-2.36780241727829,-0.3966859951615334,6.455445098876953,-0.1490099251270294,6.449634838104248,1.3180884480476378,2.52986501455307,0.9607189349830151,-0.4362807538360357,-16.56241455078125,0.5421290032565593,0.2357927031815052,-0.4615121196722612,-0.195936157181859,-0.3581905000843108,-0.26700040996074675,-2.8978045701980593,-0.16962240114808078,4.53168568611145,0.3450143903493881,-0.6673729535192251,-5.801933622360229,0.3380181416869163,1.022633355855942,-0.3833917091600597
2019-08-10 11:00:00,-4.691990756988526,1.1251724675297736,1.1415230631828308,-0.9997654799371958,-3.140189385414124,0.24619379788637158,-2.428607964515686,-0.9458209276199341,7.716077613830566,-0.2931989073753357,4.969713497161865,1.466667427122593,2.501490938663483,0.6839127015322447,-0.596802638284862,-5.515041542053223,0.3361338270828128,-0.10106253633275626,-0.7954331781715155,0.11812507826834914,-0.6256688237190247,-0.3939454108476639,-2.611730086803436,-0.6427018567919732,1.865735948085785,0.3828253332525492,-0.6448741981759667,-5.100993061065674,0.25664015561342235,0.9219227403402328,-0.3654527720063925
2019-08-11 12:00:00,-3.821059250831604,1.083989365398884,-0.34291906207799916,-0.7720847873017191,-2.651376628875732,0.1854531478136778,-2.4894132971763603,-1.769523274898529,6.8156256675720215,-0.5815767914056779,3.4305947065353393,0.8453372836112976,1.593532967567444,0.7761814288794994,-0.5624051187187433,-17.298905754089354,0.41104117333889006,0.6287905424833298,-0.5950805369764567,0.11812507826834914,-0.17987156957387923,-0.43626047000288964,-2.54021133184433,-0.7018367424607278,3.86519832611084,0.496258445456624,-0.6786224827170372,-5.100993061065674,0.5007741212844848,0.7636637926101685,-0.3833917091600597
2019-08-24 14:00:00,-0.02994482298381624,0.17796068377792834,-2.378725278377533,-0.29920963225886227,-1.8570562958717343,0.08266138089820743,-1.5165254473686216,-2.5245839595794686,4.654543018341064,-0.8699546724557876,0.8851294040679931,0.2645286479499191,0.17484824866987764,0.22256889436393976,-0.4592124164104462,-5.515041542053223,-0.07585673741996289,-0.04491999098099766,-0.7286488996818662,-4.090295791625977,1.5587377250194547,-0.5067855268716812,-0.9668019831180572,-0.5244319412391633,0.7549232363700867,-0.14652881026268005,-0.6448741981759667,-2.2972303271293635,0.25664015561342235,0.40398369878530505,-0.34751386046409605
2019-08-25 14:00:00,-2.5915084600448606,-0.5633353993296624,0.5477461487054824,-0.07152902213856575,-0.8183290243148804,0.19947026595473286,-0.2396102137863636,-0.3280440989881754,1.9531892538070679,-1.1583326697349547,1.832279336452484,0.6427296459674835,1.3949171125888822,0.03803138816729187,-0.29869052022695547,-9.933991432189941,-0.35675933584570885,-0.2133476234972477,-0.3502051066607237,0.6206231147050858,-0.3581905000843108,-0.37984046116471293,-0.6807273656129837,-0.4652969941496849,1.0881670117378235,-0.3733948573470115,-0.5548790395259857,-1.3626425743103028,-0.15024965517222885,0.08746534548699854,-0.39056725129485137
2019-08-25 15:00:00,-2.642740321159363,-0.8516173303127289,-0.21568116322159767,-0.22915405090898275,-2.5291735529899597,0.2508661143481731,0.24683364708907898,-0.1907603576779366,2.31336966753006,-1.1583326697349547,0.8851294040679931,0.4131075143814087,1.0828065544366836,-0.031170179927721635,-0.31015637964010245,-9.197499465942382,-0.412939876317978,-0.2133476234972477,-0.5282964465208352,0.3065618634223939,-0.17987156957387923,-0.5349954888224602,-0.5376902073621752,-0.49486446725204586,0.8660044372081757,-0.33558382987976076,-0.7236199751496315,-1.128995668888092,-0.06887169196270404,0.15940122455358505,-0.40133055448532107
2019-08-29 11:00:00,0.9946807026863098,1.2899049770087,-1.5304727494716643,-0.5268903716001659,-1.2460399210453033,0.17610845901072028,-2.6110241174697877,-1.7008816719055175,2.493459701538086,-0.1490099251270294,-0.2988080542534591,-0.19471540600061416,-0.6763625010848047,1.283659619092941,-0.11523685008287428,-28.346278953552247,0.598309487104416,0.40422038584947584,0.2953754380345345,-2.708426332473755,1.5141578555107116,0.0009947915561497208,-3.183879375457764,0.3921594772487878,6.420067024230957,0.9878015987575054,-0.4873827427625656,-6.970167970657348,-0.5571395248174668,0.5190813258290291,-0.33675069566816085
2019-08-29 12:00:00,1.0971432983875276,1.248721832036972,-1.6577107429504394,-0.35175127563998104,-2.1625641584396362,0.15741900764405728,-2.4894132971763603,-1.8381652116775513,7.1758058071136475,-0.00482097808271649,-0.5947923200204969,-0.07315080240368842,-0.6763625010848047,1.0760549150407313,-0.34455391094088555,-5.515041542053223,0.598309487104416,0.6287905424833298,-0.1721139555796981,-2.7712384700775146,1.6033173501491547,-0.12595028653740883,-3.0408422112464906,0.3625920026563108,3.6430356740951537,0.5718805670738221,-0.36363933999091386,-5.801933622360229,-0.6385173797607422,0.5334684520959854,-0.33675069566816085
2019-08-29 13:00:00,1.0971432983875276,1.248721832036972,-1.7001230895519257,-0.6144597298465669,-1.4904464483261104,0.1480743370950222,-2.428607964515686,-2.0440909266471863,3.39391086101532,-0.5815767914056779,-0.7131860584020615,-0.1406867291778326,-0.4209992565214634,0.4993751659989357,-0.6426660990342498,-0.359601316601038,0.42976798303425323,0.6287905424833298,-0.6173419833183289,-2.9596751689910885,1.6033173501491547,-0.14005529675632716,-3.255397880077362,-0.2583247646689415,0.19951711520552634,0.3828253332525492,-0.47613324895501136,-7.4374617576599125,0.5007741212844848,0.3895964503288269,-0.39056725129485137
2019-08-29 14:00:00,0.6360617697238922,0.8780736554414034,-1.6577107429504394,-0.42180695859715345,-2.101462495326996,0.13405725471675395,-2.428607964515686,-2.3186582803726195,5.7350848674774175,-0.43738782703876494,-0.7723828285932541,-0.16770107671618464,-0.5628677930682897,-0.21570770656690003,-0.4018831856548786,0.3768902853131294,-0.03840305879712103,-0.2133476234972477,-1.1961383551359177,-3.022487449645996,1.6033173501491547,-0.43626047000288964,-2.611730086803436,-0.8496740236878395,-0.5780516803264619,0.6475026361644268,-0.5773779163137078,-5.100993061065674,-0.06887169196270404,0.6054045721888542,-0.33675069566816085
2019-09-02 11:00:00,-1.2082643330097198,1.1663554862141607,0.038794615399092396,-0.38677906463854017,-1.1238368570804596,0.3489855960011482,-2.3069971084594725,0.4956583887338638,2.31336966753006,0.35565135627985,2.8386261701583857,0.6022080332040787,0.8841905474662781,0.5455095686018467,-0.11523685008287428,-14.35293951034546,0.22377274371683603,0.2357927031815052,-0.03854555184952916,-0.5728097230195999,0.1321865097619593,0.0009947915561497208,-3.0408422112464906,0.24432215113192796,2.6988452196121218,0.3072034110315144,-0.26239477582275866,-5.100993061065674,0.25664015561342235,0.504693977534771,-0.34033836647868154
2019-09-02 12:00:00,-1.7205770492553711,0.42505940794944763,0.2508577458560466,-0.31672356054186823,-0.9405320942401886,0.3069344088435172,-2.3069971084594725,-0.3280440989881754,2.673550343513489,0.7161237984895706,2.1282636404037474,0.6427296459674835,0.9976854443550109,0.3033040557056665,-0.33308808505535126,-1.0960926055908202,-0.0009493274614215091,0.57264803647995,-0.1721139555796981,-0.447185181081295,0.1321865097619593,-0.1964753801410552,-1.8965439200401306,-0.0809199584648013,1.5324920773506163,0.26939233765006065,-0.20614784006029363,-4.166405463218689,0.17526221945881845,0.4183708742260933,-0.3726283490657807
2019-09-02 13:00:00,-1.9255021214485168,-0.06913800202310082,0.20844509452581406,-0.2641818972304463,-0.6350243091583252,0.2508661143481731,-1.212498277425766,-1.4263139903545379,6.995717096328735,0.13936797305941578,1.713885450363159,0.48064341843128205,1.0828065544366836,0.06109857633709905,-0.3560197673738003,4.795839452743531,-0.19758118987083434,0.06736510363407433,-0.5950805369764567,-0.13312393659725785,0.1321865097619593,-0.3516304768621921,-1.46743226647377,-0.2583247646689415,-0.4669704556465149,0.11814833879470825,-0.47613324895501136,-4.166405463218689,0.012506269442383183,0.3608220413327218,-0.33675069566816085
2019-09-02 14:00:00,-2.079196035861969,-0.5015607647597788,-0.08844327619299293,-0.17661239504814144,-2.101462495326996,0.17610845901072028,-0.4828322917222977,-1.5635976791381836,4.8346333026886,0.13936797305941578,1.2403107047080995,0.386093284189701,0.7423220872879028,-0.3541108109056951,-0.6312003120779991,4.795839452743531,-0.39421305358409886,0.6287905424833298,-0.6396033858880401,-0.195936157181859,0.04302702015265824,-0.43626047000288964,-1.3243949592113493,-0.8201065883040428,-1.3556204795837403,0.11814833879470825,-0.6336248911917209,-3.9327581405639647,0.5007741212844848,0.317660478502512,-0.38697950094938277
2019-09-02 15:00:00,-1.4644204735755921,-0.9339835464954376,-0.4701569974422455,-0.5969458024017513,-2.956884884834289,0.1667638435959816,0.15562544306740161,-1.5635976791381836,4.654543018341064,0.13936797305941578,1.0035231769084931,0.2780357845127583,0.543706352263689,-0.5386483326554299,-0.49360999949276446,8.478296947479247,-0.7312961354851724,-0.1572050664573908,-1.1738768175244332,-0.6356218874454498,0.3996648933738471,-0.7042556583881378,-1.252876335382462,-0.8792414844036103,-1.3556204795837403,0.0803372610360384,-0.7573682457208635,-4.6336989402771,0.41939607113599775,0.24572450295090675,-0.451559516787529
2019-09-11 12:00:00,-4.077215719223022,1.248721832036972,-0.3005064889788628,-0.5794319323264062,-1.918157708644867,0.2508661143481731,-2.428607964515686,-1.7008816719055175,5.374903726577759,-0.00482097808271649,5.3248943328857425,1.3586099922657013,1.905643767118454,0.7300470631569624,-0.20696368343196808,-18.035396766662597,0.39231425495818256,0.2357927031815052,-0.1943754263222217,-0.6356218874454498,-0.3581905000843108,-0.26700040996074675,-3.3984350681304933,-0.16962240114808078,4.19844195842743,0.7987466257065534,-0.44238520711660384,-6.502874279022217,-0.06887169196270404,0.504693977534771,-0.3654527720063925
2019-09-11 13:00:00,-3.5649028062820434,0.7957074433565141,0.038794615399092396,-0.5444040864706039,-1.918157708644867,0.15741900764405728,-2.428607964515686,-1.4263139903545379,5.194813203811646,-0.00482097808271649,3.8449721813201903,1.2100310534238816,2.5866123676300052,0.614711157605052,-0.5280076902359724,-3.3055675268173226,0.14886534065008167,0.17965018078684808,-0.3502051066607237,-0.9496832013130188,-0.04613241497427224,-0.3939454108476639,-2.6832488417625426,-0.28789222985506063,2.087898242473602,0.496258445456624,-0.5436296682804823,-6.970167970657348,0.41939607113599775,0.5766301572322845,-0.34751386046409605
2019-09-27 12:00:00,0.6360617697238922,1.1251724675297736,-0.04603064954280851,0.41886005476117133,1.5035317063331604,0.2695555293001235,-2.732635426521301,-0.6712533682584763,-3.989789438247681,-0.1490099251270294,0.23396367467939855,0.1699783420190215,-0.39262559786438944,0.6839127015322447,0.24020469468086958,-14.35293951034546,0.37358744610100986,-0.04491999098099766,0.5625121977180243,-0.6356218874454498,0.08760675694793463,0.28309495486319064,-2.7547678112983705,1.1904809594154357,3.08762948513031,0.26939233765006065,0.2100797370076179,-4.6336989402771,-0.15024965517222885,-0.15711713943164798,-0.4085061773657799
2019-09-27 13:00:00,0.5848304510116578,0.7545244127511979,0.1660324859432876,0.4363738685846329,1.6257348537445062,0.2275043967179954,-2.246191596984863,-0.7398952275514603,-1.4685261368751525,-0.5815767914056779,-0.35800482109189036,0.04841378722339869,0.08972720820456742,0.3840392412617803,0.06821685209870337,-4.778550434112549,0.11141166742891069,-0.49406039118766787,0.517989368736744,-0.5728097230195999,-0.04613241497427224,0.25488493833690884,-2.1111000180244446,0.7174015328288079,1.5324920773506163,0.19377029985189437,0.06383759155869487,-3.6991117000579834,-0.15024965517222885,-0.2434403568506241,-0.3833917091600597
2019-10-01 12:00:00,-1.7205770492553711,0.7545244127511979,-0.04603064954280851,0.08609603885561228,0.5870077177882196,0.15741900764405728,-1.6381363749504092,-1.6322396755218507,-0.7481649488210678,-0.43738782703876494,1.0627200841903686,0.3320645198225975,0.6572010397911072,0.5608876883983612,-0.09230509214103222,-16.56241455078125,0.1863190464675427,0.06736510363407433,0.1618070349097252,-0.8868708968162539,-0.3581905000843108,0.2407799326814711,-1.7535066962242127,0.6286991700530052,2.902494287490845,-0.29777284525334835,0.007590696075931181,-1.3626425743103028,0.09388424791395662,0.0443036288022995,-0.3439261168241501
2019-10-01 13:00:00,-1.3107266664505004,0.34269316643476494,-0.25809379890561107,0.17366550937294964,0.5259061008691788,0.1620913829654455,-1.6989421486854552,-1.7008816719055175,2.31336966753006,-0.7257657021284103,0.17476711208000778,0.23751421752385796,0.4302115175873042,0.3455938590690494,-0.1381685482338071,-4.042058944702148,0.011535211838781844,0.5165054023265838,-0.1275911291129887,-0.5728097230195999,-0.3136107172816992,-0.013110207580029943,-0.39465300738811504,0.18518715947866438,1.865735948085785,-0.33558382987976076,-0.014908136054873466,-1.5962893605232238,0.25664015561342235,0.029916476365178857,-0.3546894878149033
2019-10-01 14:00:00,-0.9008764922618866,-0.041682517388835535,-1.1911715924739839,0.1561516009271145,0.4037029340863228,0.15741900764405728,-1.090887039899826,-1.7008816719055175,0.15228638108819723,-0.5815767914056779,-0.35800482109189036,0.03490659869858063,0.23159569352865222,0.13030014629475772,-0.33308808505535126,1.849873435497284,-0.1632486913353205,0.348077791929245,-0.21663675103336572,-0.8868708968162539,-0.13529185876250266,-0.22468535639345646,-0.10857850592583418,-0.19918983951210975,-0.02264542328193785,-0.29777284525334835,-0.2848935510963201,-0.42805498242378237,0.25664015561342235,-0.042019567638635624,-0.3726283490657807
2019-10-02 11:00:00,-0.952107721567154,0.7957074433565141,0.8870471835136413,0.2787488512694837,1.1980236172676086,0.4050538342446089,-1.577331185340881,0.8388676971197129,-3.269428777694702,0.7161237984895706,2.365050768852234,0.4131075143814087,0.9409381121397018,0.6377782665193081,0.1140802789479494,-13.616449642181397,0.2799531787633896,0.57264803647995,0.851910438388586,0.3065618634223939,-0.447349962592125,0.6498251885175705,-2.0395813465118406,1.6931278944015502,3.1987107515335085,0.23158132210373877,0.19883034378290168,-3.9327581405639647,0.25664015561342235,0.015529199148295461,-0.34751386046409605
2019-10-02 12:00:00,-1.8230395674705506,0.5486087962985039,0.9294598162174225,0.3488044038414955,1.5646332740783693,0.3302961960434913,-1.759747564792633,0.28973270058631895,-1.1083453685045241,0.7161237984895706,2.1282636404037474,0.5346722260117531,0.6004538223147392,0.4071064334362745,0.02235342189669609,-3.3055675268173226,0.07395797597710042,0.46036293506622317,0.27311400808393954,0.8090598523616791,-0.40277020782232276,0.494670096039772,-2.0395813465118406,1.1017785996198655,1.4214108347892762,0.0803372610360384,0.1650821641087532,-2.530876803398132,0.012506269442383183,-0.12834274470806123,-0.37980394624173636
2019-10-02 13:00:00,-1.2082643330097198,0.0955944515299052,0.9294598162174225,0.45388783887028705,1.3813284039497375,0.29291730234399443,-1.3949146211147307,0.015165300294756911,0.33237639591097834,-0.2931989073753357,0.41155436262488365,0.48064341843128205,0.8558167845010758,0.03803138816729187,-0.11523685008287428,1.1133818507194522,-0.11331039303913715,-0.04491999098099766,0.09502282328903672,0.8718721091747283,-0.6256688237190247,0.2125699244439602,-1.46743226647377,0.33302449584007265,-0.13372669275850052,-0.14652881026268005,0.04133876822888851,0.2728858275339007,-0.06887169196270404,-0.18589152991771699,-0.3833917091600597
2019-10-02 14:00:00,-1.6693457961082458,-0.3162367524579167,0.4205082654953003,0.40134613066911695,0.7092109441757202,0.27422787901014084,-0.7260541498661042,0.08380711078643799,0.33237639591097834,-0.5815767914056779,-0.5947923200204969,0.08893530704081057,0.7423220872879028,-0.28490923717617994,-0.20696368343196808,1.849873435497284,-0.412939876317978,-0.10106253633275626,-0.1721139555796981,0.8718721091747283,-0.5810890883207321,-0.1541603091172874,-1.1813579559326173,0.09648476094007488,-0.8002142071723938,-0.600261002779007,-0.08240452781319621,-0.42805498242378237,-0.06887169196270404,-0.2722147837281227,-0.4156817167997362
2019-10-02 15:00:00,-1.4644204735755921,-0.9751666367053986,-0.25809379890561107,0.20869327820837497,0.03709336817264558,0.27890033721923824,-0.11799923088401557,-0.05347662759013474,0.5124669447541237,-0.2931989073753357,-1.3643516361713408,-0.1406867291778326,-0.0805149530991912,-0.4233123879879714,-0.20696368343196808,7.741804313659668,-0.675115528702736,-0.6063454627990723,-0.3502051066607237,0.11812507826834914,-0.8931471824645998,-0.26700040996074675,-0.8952834039926529,-0.2583247646689415,-0.911295360326767,-0.4868279039859772,-0.30739236045628787,-0.42805498242378237,-0.06887169196270404,-0.22905317544937134,-0.4085061773657799
2019-10-02 16:00:00,0.021286382339894765,-1.5517303645610807,-0.5973948687314987,0.016040414385497578,-1.184938448667526,0.2695555293001235,0.8548886045813561,-0.4653278298676013,-1.6486162722110749,0.5719347834587097,-1.601139229536057,-0.3162800073623657,-0.5628677930682897,-0.4463795550167561,-0.21842952659353615,16.57970485687256,-0.7874767035245896,-0.49406039118766787,-0.3502051066607237,-0.8868708968162539,0.04302702015265824,-0.43626047000288964,-0.466171570122242,-0.49486446725204586,-1.7999454379081725,-0.4868279039859772,-0.599876608280465,-2.998171162605286,-0.15024965517222885,-0.0707939229905605,-0.4300328839570284
