,SHAP_NO2_01,SHAP_SPM_20,SHAP_NMHC_08,SHAP_SPM_02,SHAP_TEMP_08,SHAP_OX_07,SHAP_TEMP_13,SHAP_TEMP_01,SHAP_TEMP_22,SHAP_TEMP_23,SHAP_OX_03,SHAP_NOX_01,SHAP_TEMP_02,SHAP_OX_21,SHAP_PM25_07,SHAP_OX_01,SHAP_OX_04,SHAP_WS_02,SHAP_NO2_02,SHAP_TEMP_03,SHAP_NOX_02,SHAP_TEMP_05,SHAP_HUM_03,SHAP_TEMP_19,SHAP_TEMP_04,SHAP_HUM_06,SHAP_OX_02,SHAP_HUM_02,SHAP_OX_24,SHAP_HUM_01,SHAP_WS_01
2019-04-06 17:00:00,-0.009807640360668248,0.3620260149240494,-1.8962342381477355,0.8364453971385956,0.27189237903803587,0.21897630020976067,1.8907318100333217,-12.496834468841552,-3.970099997520446,3.167950344085693,-0.13267860524356362,0.15435861498117448,4.658197045326235,-0.2649000357836485,0.07126192301511763,-12.111091327667237,-0.5984304010868072,-0.1698388479650021,-0.15026019737124444,-1.6788726255297661,0.3256789341568947,2.2750661373138428,-0.1922027464956045,-1.1596509486436843,0.7065039187669754,0.23845056670252235,2.0241347908973695,-1.483350443840027,-0.22183656096458435,0.6549486756324768,-0.379978570342064
2019-04-18 15:00:00,0.06798539794981479,-1.0405918300151824,0.8647660970687866,0.9622144579887391,0.3845660097897053,-0.07777468636631965,1.6111710011959075,-8.695191812515258,-4.252004790306091,3.3339611291885376,-0.1390559769992251,-0.17454470247030257,3.1817874193191527,-0.6579660117626192,0.1422880440950393,-9.206260871887208,-0.30782960802316667,-0.14078222187235948,-0.11265198960900306,-1.5043737746775148,0.24453340470790863,2.244720363616943,-0.24136954778950895,-1.1596509486436843,0.7255659252405167,-0.2960969239473343,0.8581472218036652,-1.1339263200759888,-0.17869518771767615,2.355875706672668,-0.18864394500851633
2019-04-18 16:00:00,0.05242679007351396,-0.5943043828010559,-0.5602663516998291,1.7168291330337524,0.28922673165798185,0.1633355031721294,1.741632655262947,-7.88878378868103,-4.604386043548584,3.5995790719985963,-0.11992390654049814,-0.10876403599977494,3.32466585636139,-1.7810119271278382,0.23107070848345757,-7.269706535339355,-0.5984304010868072,-0.18436710759997366,-0.11265198960900306,-1.2077252719551326,0.24453340470790863,2.001956856250763,-0.2249806083738804,-1.1860121339559555,0.611193996667862,-0.038039499893784516,0.42090216279029863,-1.3835149586200712,-0.2649779461324215,1.2624226212501526,-0.4278122052550316
2019-04-18 17:00:00,-0.05648346981033683,-0.7855704307556153,-1.2727824330329893,1.0879835724830627,0.13321691527962687,0.237523253634572,1.7229953482747078,-10.884015750885009,-4.886291193962098,3.9316011667251587,-0.10079185786380548,0.35170060098171235,2.991282868385315,-2.510991656780243,0.10677497554570436,-6.301429319381714,-0.7437308490276336,-0.11172566777095194,-0.07504375763237475,-1.2600750699639318,0.1633878797292709,1.6378112196922303,-0.2085916810669005,-1.2229178100824354,0.44916708320379256,0.03569118361920115,0.12940542860887944,-0.9342554628849029,-0.35126067399978633,0.16896948516368865,-0.5553686350584031
2019-04-18 18:00:00,-0.02536625182256101,-1.1681025981903077,-1.450911545753479,0.3333688020706177,0.0378775916993618,0.33025796413421626,1.7229953482747078,-13.188040924072265,-4.815814471244812,4.197218990325927,-0.08803715240210293,0.22013929337263108,4.229562187194825,-2.847905504703522,0.16004456132650374,-6.301429319381714,-0.8890312373638153,-0.07298354879021644,0.18821381069719792,-1.1379257608205082,-0.4046309068799019,1.1219381928443908,-0.2380917513743043,-1.2598234355449676,0.47776007652282715,0.10942185268540924,-0.01634297594428059,-0.4849959760904312,-0.5453968077898026,-0.8029887020587921,-0.6510359361767769
2019-04-19 12:00:00,-0.040924855368211846,-0.21177218556404115,-0.3821372658014298,0.2075997084379196,0.6099135875701904,-0.5414481535553932,1.0147746875882149,-8.57999153137207,-2.0672429203987126,1.4414343714714053,-0.25384826287627227,0.35170060098171235,4.181935524940491,1.1950594544410704,0.28434034064412117,-15.01592321395874,0.9998741835355759,-0.18436710759997366,0.18821381069719792,-1.7835721164941791,-0.4857764333486557,3.3371574878692627,-0.3233141958713532,-0.9540338039398193,0.9638408452272416,-0.849077120423317,2.607127833366394,-0.035736454534344354,-0.00612973833922294,0.16896948516368865,-0.18864394500851633
2019-04-19 13:00:00,-0.009807640360668248,-0.7218150913715363,-0.204008249938488,0.6477916598320007,0.6012463584542275,-0.4487134464085103,1.1265990242362025,-7.658381557464599,-1.820576000213623,1.5410412490367889,-0.19645211473107335,0.15435861498117448,3.2770394325256347,1.2512117564678191,0.33760991469025614,-8.23798327445984,0.27337204385548824,-0.18436710759997366,0.15060555152595043,-1.5741735637187957,-0.4046309068799019,2.7605937242507936,-0.2970919162034989,-1.0173006355762482,0.7636899679899216,-0.6647503465414047,1.2953925251960754,-0.4849959760904312,0.0585823119850829,0.5334538578987121,-0.17269946485757826
2019-04-21 14:00:00,0.05242679007351396,-1.2956133008003234,-1.1837180852890015,1.213752681016922,0.557910418510437,-0.20760317668318748,1.4993468225002287,-10.192808055877686,-4.357718920707703,3.068343544006348,-0.190074759721756,-0.10876403599977494,4.324814224243164,-0.15259552448987962,0.31985335424542427,-9.206260871887208,0.031204704591073072,-0.17952436134219169,-0.11265198960900306,-1.7486725389957427,0.24453340470790863,2.881975555419922,-0.3036474585533142,-1.1912843823432921,0.9257168412208557,-0.517289036512375,1.4411409378051758,0.014181280508637433,-0.243407267332077,-0.8029887020587921,-0.2843112871050836
2019-04-22 12:00:00,-0.009807640360668248,-0.9130811572074891,-1.0055890023708343,-0.3583614051342011,0.5145742654800415,-0.782558286190033,1.0706868886947634,-6.506369161605835,-2.278671479225159,1.9726701498031616,-0.3048671282827854,0.15435861498117448,3.89617919921875,0.8019933640956879,0.30209683179855346,-9.206260871887208,1.0483076691627502,-0.17468156591057776,0.15060555152595043,-1.661422785371542,-0.4046309068799019,2.9426666259765626,-0.3364253126084805,-0.8538613468408585,0.8208759129047394,-0.849077120423317,2.1698830366134643,0.21385216303169727,-0.027700414648279513,-0.6814938664436341,-0.2205331042408943
2019-04-22 13:00:00,0.0057509667240083035,-0.02050611728918734,-0.6493308842182162,0.018946032738313044,0.39323326051235197,-0.5599949643015861,1.0706868886947634,-5.930362606048584,-2.6662906050682067,1.7402545094490052,-0.17732006683945653,0.08857795633375642,2.4197696208953863,0.8581457257270813,0.37312296852469445,-3.396598243713379,0.660839881002903,-0.17468156591057776,0.07538912212476132,-1.4694739192724227,-0.16119427233934402,2.3054115414619445,-0.3134807735681534,-0.9118559181690216,0.6969729870557786,-0.7384810119867324,0.42090216279029863,-0.13557187765836715,0.12329437322914598,-0.43850435614585875,-0.30025582760572433
2019-04-22 14:00:00,0.021309572603786336,0.5532920449972153,-0.7383954167366028,-0.169707641005516,0.3412300296127796,-0.37452561580576,1.1265990242362025,-5.930362606048584,-2.7367666721343995,2.1054788827896114,-0.10079185786380548,0.022797290701419084,2.1816391706466676,0.6335365355014801,0.1422880440950393,-0.49176708459854124,-0.30782960802316667,-0.15046776905655862,0.03778089865518265,-0.9285268139094114,-0.08004873991012569,1.9109204292297364,-0.2905362710356712,-1.0225728452205658,0.592132006585598,-0.572586926817894,-0.4535881668329239,-0.2354073490947485,0.25271845012903216,-0.07402006462216375,-0.1408103171736002
2019-04-22 15:00:00,0.0057509667240083035,0.1070046209730208,0.5085079461336136,0.5220225185155869,0.23722348888404668,-0.18905623778700828,1.219785951077938,-4.5479477643966675,-2.7720048427581787,2.1718833565711977,-0.06252776011824605,0.08857795633375642,2.1816391706466676,0.29662284106016157,0.10677497554570436,6.28617148399353,-0.8890312373638153,-0.19889542534947394,0.00017267976654689233,-0.8412774227559566,0.001096796931233233,1.5771202206611634,-0.2839807331562042,-1.054206296801567,0.29667115211486816,-0.4251255959272385,-0.8908333599567413,-0.38516049236059197,0.015440947376191616,0.047474731283728,-0.2205331042408943
2019-04-22 16:00:00,-0.05648346981033683,-0.02050611728918734,-1.0055890023708343,0.018946032738313044,0.05521203875541687,-0.040680800005793535,1.2570608124136926,-5.354356384277344,-3.1596242189407353,2.2050855755805965,-0.04339569732546803,0.35170060098171235,1.6101256549358367,-0.43335694447159767,0.1422880440950393,5.317895221710205,-1.1796321034431458,-0.17468156591057776,0.03778089865518265,-0.8412774227559566,-0.08004873991012569,0.6364105343818665,-0.2741473615169525,-1.096384170651436,0.24901615902781488,-0.2960969239473343,-1.9110720038414002,-0.43507822006940844,0.037011627526953784,-0.19551490470767022,-0.5553686350584031
2019-05-10 11:00:00,0.021309572603786336,-1.1043472409248352,0.33037892580032346,-0.106823119148612,0.6012463584542275,-0.5970888569951057,1.0893243193626405,-5.00875244140625,-2.1377190828323362,1.9394680380821228,-0.31124447882175443,0.022797290701419084,2.7531524777412413,-0.09644320383667945,0.37312296852469445,-16.95247564315796,1.5326423346996307,-0.19889542534947394,0.11299733612686395,-1.3822244092822076,-0.3234853595495224,2.6088664650917055,-0.24464733712375164,-0.8327724367380143,0.7732209652662277,-0.5541542798280716,3.044373321533203,-0.7845023095607757,-0.48068479001522063,1.6269070506095886,-0.2045885667204857
2019-05-10 12:00:00,0.03686818240093997,-1.614390254020691,0.5085079461336136,0.3333688020706177,0.6619168668985367,-0.708370566368103,1.1638737410306932,-5.584758949279785,-2.5605761051177987,1.607445776462555,-0.21558419093489647,-0.04298337325453754,1.8006301999092102,-0.09644320383667945,0.44414910674095165,-6.301429319381714,0.7092733711004258,-0.17952436134219169,0.00017267976654689233,-1.0506763108074664,0.001096796931233233,2.1536841988563533,-0.24792509190738202,-0.8538613468408585,0.5444770574569702,-0.3145295545458794,1.5868894696235654,-1.0840086221694947,-0.41597271263599406,2.112885904312134,-0.2364776879549027
2019-05-10 13:00:00,0.05242679007351396,-0.5943043828010559,1.7554113507270812,0.45913798809051515,0.4019005037844182,-0.5043542779982091,1.219785951077938,-4.5479477643966675,-2.5253380179405216,2.0058721899986267,-0.15181067064404483,-0.10876403599977494,2.0387609124183657,-0.15259552448987962,0.37312296852469445,2.4130638599395753,-0.017228730395436265,-0.1698388479650021,-0.03743554074317214,-0.7016782648861408,0.08224233053624627,1.425392860174179,-0.22825839295983313,-0.9118559181690216,0.36338811665773385,-0.14863555431365966,-0.01634297594428059,-1.2836796522140501,-0.3944019883871078,2.355875706672668,-0.31620039343833917
2019-05-10 14:00:00,0.05242679007351396,-0.976836496591568,0.8647660970687866,0.773560756444931,0.1418841365724802,-0.37452561580576,1.3129728615283969,-3.8567402362823486,-2.631052327156067,1.9726701498031616,-0.08165981862694023,-0.10876403599977494,1.6101256549358367,-0.20874775946140295,0.05350536955520509,6.28617148399353,-0.501563450694084,-0.14562498815357686,-0.07504375763237475,-0.7889277324080467,0.1633878797292709,0.84882892370224,-0.21514727147296067,-0.9540338039398193,0.17276821713894602,0.09098918298259376,-1.3280784606933596,-1.3835149586200712,-0.32968998327851295,2.598865246772766,-0.2364776879549027
2019-05-10 15:00:00,0.03686818240093997,-0.5943043828010559,0.15224988684058188,0.018946032738313044,0.011875976622104661,-0.05922772139310835,1.4434344992041586,-2.359124302864075,-2.7720048427581787,2.072276735305786,-0.024263646453619003,-0.04298337325453754,1.324369078874588,-0.321052297600545,-0.10630342110525817,5.317895221710205,-1.034331637620926,-0.1698388479650021,-0.07504375763237475,-0.6318786412477494,0.1633878797292709,0.24191940277814866,-0.2085916810669005,-0.996211701631546,0.22042318433523186,0.07255649876315147,-1.9110720038414002,-1.483350443840027,-0.32968998327851295,2.720359897613526,-0.1408103171736002
2019-05-10 16:00:00,-0.040924855368211846,-1.423124158382416,0.4194433718919754,0.2075997084379196,-0.19613710697740322,0.21897630020976067,1.5179841846227644,-3.9719415664672852,-3.1596242189407353,2.2050855755805965,0.001245754584670064,0.2859199419617653,0.7052295237779618,-0.6018138498067855,-0.0352772934362292,6.28617148399353,-1.470232927799225,-0.19889542534947394,-0.03743554074317214,-0.5271791517734528,0.08224233053624627,0.3936468154191971,-0.20203613620251418,-1.1122008442878724,0.1346442328998819,0.18315252996981143,-1.7653236627578734,-1.533268189430237,-0.35126067399978633,2.355875706672668,-0.5553686350584031
2019-05-10 17:00:00,-0.05648346981033683,-0.6580597192049027,-1.1837180852890015,0.018946032738313044,-0.36081414222717284,0.40444573387503624,1.6484458461403846,-5.123954248428345,-3.4415285110473635,2.5703099846839903,-0.005131583660840988,0.35170060098171235,1.3719951272010804,-1.5002502799034119,-0.07079034522175787,7.254449510574341,-1.6639669358730316,-0.07298354879021644,0.15060555152595043,-0.3003304457291961,-0.3234853595495224,0.1205375177785754,-0.19875832460820675,-1.1491064578294754,0.07745826013851909,0.2568832150660455,-1.9110720038414002,-1.3835149586200712,-0.3728313639760017,1.8698964595794678,-0.4118676409125328
2019-05-10 18:00:00,-0.040924855368211846,0.5532920449972153,-0.9165244221687316,1.0879835724830627,-0.53415840677917,0.6084619972854852,1.0893243193626405,-7.543179750442505,-3.723433256149292,2.835927939414978,0.001245754584670064,0.2859199419617653,1.8482563614845275,-2.6232962846755985,-0.01752075571566818,11.127556324005127,-1.6155334174633027,-0.11656841449730562,0.18821381069719792,-0.5446291130036116,-0.4046309068799019,-0.06153533007018268,-0.2085916810669005,-1.170195296406746,-0.04644469711929557,0.2937485497444869,-2.0568206548690795,-1.183844083547592,-0.41597271263599406,1.2624226212501526,-0.4756458759307861
2019-05-10 19:00:00,-0.02536625182256101,-0.9130811572074891,-1.361847007274628,0.8993299067020416,-0.4908223042264582,0.7753844350576401,0.5302027881145477,-9.50160026550293,-4.498671340942383,3.101545691490173,0.007623097300529491,0.15435861498117448,2.8484045267105103,-2.5671436667442324,-0.01752075571566818,12.095834159851075,-1.6639669358730316,-0.09719737954437732,0.15060555152595043,-0.7191281206905842,-0.3234853595495224,-0.4560264766216278,-0.2217028339393437,-1.1860121339559555,0.08698924100026487,0.33061383962631224,-2.639813947677612,-0.9342554628849029,-0.5238261833786966,0.5334538578987121,-0.4118676409125328
2019-05-10 20:00:00,0.0057509667240083035,-0.5305490046739578,-1.361847007274628,-0.106823119148612,-0.568827210040763,0.8495723143219948,0.25064192637801164,-10.653614139556884,-4.745338821411133,3.83199462890625,0.033132530748844126,0.022797290701419084,3.658048629760742,-2.398686933517456,0.00023577543906870975,3.381341028213501,-1.7124002695083618,-0.11656841449730562,0.11299733612686395,-1.0855761982500554,-0.16119427233934402,-0.031189775653183444,-0.2380917513743043,-1.2123732447624205,0.1822992189787328,0.34904650300741197,-2.785562586784363,-0.6347491383552551,-0.868957108259201,-0.07402006462216375,-0.2843112871050836
2019-05-10 21:00:00,-0.02536625182256101,-1.0405918300151824,-1.5399759769439696,0.6477916598320007,-0.620830437541008,0.8310252845287323,-0.1966554295271635,-11.460022258758544,-4.886291193962098,4.064410519599916,0.039509861171245546,0.15435861498117448,4.134309720993042,-2.230230188369751,0.05350536955520509,-4.364875650405883,-1.9061340928077697,-0.15531053543090817,0.03778089865518265,-1.3822244092822076,0.001096796931233233,0.2722649019211531,-0.2577584691345692,-1.2492790848016742,0.3824501246213913,0.2937485497444869,-1.4738270163536071,-0.38516049236059197,-1.300370728969574,-0.43850435614585875,-0.3480894640088082
2019-05-11 10:00:00,-0.05648346981033683,-0.08426147587597368,0.5085079461336136,0.270484246313572,0.39323326051235197,-0.31888485960662366,0.25064192637801164,-9.155997848510742,-0.7986713051795961,0.6445811286568641,-0.3367538139224052,0.41748128235340126,3.943805623054504,1.9811914563179016,0.19555762484669686,-15.01592321395874,1.3389085441827773,-0.1940526474267244,0.26343020536005496,-1.8184720657765865,-0.7292129904031753,3.246121048927307,-0.3036474585533142,-0.5322550321929157,1.0114956766366958,-0.5541542798280716,3.6273667573928834,-0.035736454534344354,-0.049271094333380436,0.16896948516368865,-0.31620039343833917
2019-05-11 11:00:00,-0.040924855368211846,0.1070046209730208,0.9538305163383484,0.5220225185155869,0.4279021076858044,-0.3930726174265146,0.41837837100029,-7.197576475143433,-0.5872425705194473,0.3457611240446568,-0.24109354093670848,0.2859199419617653,3.5151699781417847,1.9250390172004699,0.24882725700736047,-2.428321504592895,0.9030072748661041,-0.14562498815357686,0.18821381069719792,-1.4869237668812276,-0.4857764333486557,2.912320923805237,-0.2970919162034989,-0.5849774450063705,0.7827520161867142,-0.4619909882545472,1.2953925251960754,-0.4849959760904312,0.18800639882683753,0.6549486756324768,-0.2205331042408943
2019-05-11 12:00:00,-0.02536625182256101,-0.976836496591568,0.5975724250078202,-0.5470150440931321,0.4452365815639496,-0.4301664635539056,0.6047522693872451,-4.778350067138673,-0.12914746422320605,0.14654777012765405,-0.1390559769992251,0.22013929337263108,2.705526268482208,1.9811914563179016,0.21331418678164482,6.28617148399353,0.1765051379799843,-0.17468156591057776,0.15060555152595043,-1.3298745669424537,-0.3234853595495224,2.184029531478882,-0.26759182959794997,-0.6956943154335022,0.6016630098223686,-0.3882602840662003,-0.5993365556001663,-0.6846668690443038,0.3821425348520279,1.2624226212501526,-0.1408103171736002
2019-05-11 13:00:00,-0.009807640360668248,-0.7855704307556153,0.4194433718919754,0.8993299067020416,0.32389558777213096,-0.30033792443573476,0.8470382988452911,-3.741539168357849,-0.6224807560443878,-0.2850811667740345,-0.05615039430558679,0.15435861498117448,1.7053780913352967,2.037343740463257,0.17780109867453575,16.93721961975098,-0.5984304010868072,-0.19889542534947394,0.11299733612686395,-1.0332261830568314,-0.24233981519937514,1.607465648651123,-0.2544806733727455,-0.7853223472833634,0.5158840134739875,-0.2407988920807838,-1.9110720038414002,-0.9342554628849029,0.468425315618515,1.6269070506095886,-0.30025582760572433
2019-05-11 14:00:00,-0.13427648935467001,0.23451532572507858,0.33037892580032346,-0.2954768121242523,0.22855627172102685,-0.13341547204181553,0.9402252420783046,-1.2071116030216218,-0.9748618066310882,0.17975001577287913,0.001245754584670064,0.6806039392948151,1.2767429411411286,2.2619529366493225,0.07126192301511763,2.4130638599395753,-1.2280656456947328,-0.15046776905655862,0.07538912212476132,-0.6667784083634616,-0.16119427233934402,1.334356468915939,-0.2380917513743043,-0.8380446165800095,0.35385715439915655,-0.20393355526030063,-3.514304518699646,-1.0840086221694947,0.44685459285974505,2.598865246772766,-0.5075349166989327
2019-05-11 15:00:00,-0.02536625182256101,-0.5305490046739578,-0.204008249938488,-0.5470150440931321,0.020543194562196727,0.14478857754729688,1.0706868886947634,-1.2071116030216218,-1.714861798286438,0.5117722166702153,0.07139659635722637,0.22013929337263108,0.22896842807531356,2.318105101585388,-0.19508609212934974,3.381341028213501,-1.6639669358730316,-0.08751181513071057,0.37625493183732034,-0.5097293149679899,-0.8103585571050644,0.8184834361076355,-0.22825839295983313,-0.874950322508812,0.15370619576424357,-0.038039499893784516,-1.3280784606933596,-1.483350443840027,0.468425315618515,3.084843993186951,-0.5075349166989327
2019-05-11 16:00:00,0.06798539794981479,-0.3392829045653344,-0.5602663516998291,0.2075997084379196,-0.1441338188946247,0.441539566218853,1.145236352086067,-3.3959351778030396,-2.313909482955933,1.2090188443660737,-0.024263646453619003,-0.17454470247030257,0.22896842807531356,1.8127345085144042,-0.2128426067531109,-2.428321504592895,-2.196735072135925,-0.08751181513071057,0.11299733612686395,-0.12583145555108782,-0.24233981519937514,0.18122845096513626,-0.20203613620251418,-0.9118559181690216,0.06792723797261711,0.03569118361920115,-1.4738270163536071,-1.683021318912506,0.4899959459900856,1.8698964595794678,-0.49159042984247214
2019-05-22 14:00:00,0.05242679007351396,-0.14801682457327842,-1.450911545753479,1.0250990271568299,0.27189237903803587,-0.31888485960662366,1.0893243193626405,-7.312777996063232,-3.1596242189407353,2.7695234775543214,-0.2283388704061508,-0.10876403599977494,2.705526268482208,-1.8371639132499695,0.35536643937230106,-12.111091327667237,0.4186725128442049,-0.15531053543090817,-0.07504375763237475,-1.1379257608205082,0.1633878797292709,2.184029531478882,-0.3036474585533142,-1.0014839261770248,0.5254151150584221,-0.4435581952333451,1.7326376557350158,-0.08565416410565375,-0.9336690723896026,-0.43850435614585875,-0.07703218150418252
2019-05-23 12:00:00,0.05242679007351396,-0.6580597192049027,0.33037892580032346,1.4024062991142272,0.557910418510437,-0.782558286190033,0.8843130066990852,-6.391167545318603,-1.3977189421653744,1.1426144659519197,-0.20920679718255997,-0.10876403599977494,2.6102741003036503,1.0827548265457154,0.44414910674095165,-12.111091327667237,0.9030072748661041,-0.1940526474267244,-0.03743554074317214,-1.2077252719551326,0.08224233053624627,1.789538526535034,-0.25120288208127023,-0.790594545006752,0.4301050782203674,-0.4251255959272385,1.878386104106903,-0.7845023095607757,-0.07084178153309037,1.1409278631210327,-0.3321449413895607
2019-05-23 13:00:00,0.06798539794981479,-0.6580597192049027,0.5085079461336136,0.45913798809051515,0.4105677142739296,-0.5970888569951057,1.0520495176315305,-3.165532755851746,-1.2215283870697022,0.9101989507675171,-0.16456538289785383,-0.17454470247030257,2.3721435189247133,0.46507968604564665,0.42639260515570643,-5.333152961730958,-0.06566224191337822,-0.14078222187235948,-0.07504375763237475,-0.9983266800642013,0.1633878797292709,1.0612472355365754,-0.24792509190738202,-0.8907670050859451,0.44916708320379256,-0.22236619219183923,0.8581472218036652,-0.8843377470970154,0.0585823119850829,1.5054120421409605,-0.2843112871050836
2019-05-23 14:00:00,0.08354400703683493,-0.5943043828010559,-0.47120180130004885,1.213752681016922,0.13321691527962687,-0.37452561580576,1.2011486425995825,-3.165532755851746,-1.5386714458465576,0.7441878110170365,-0.11992390654049814,-0.24032534211874007,1.0386123836040497,-0.09644320383667945,0.07126192301511763,-4.364875650405883,-0.4046965405344962,-0.15531053543090817,-0.11265198960900306,-0.9110770810395479,0.24453340470790863,1.1219381928443908,-0.24136954778950895,-0.9382171511650086,0.33479509428143506,-0.14863555431365966,-0.16209138240665197,-1.0340909540653227,0.16643572673201562,1.2624226212501526,-0.15675491392612456
2019-05-23 15:00:00,0.06798539794981479,-0.9130811572074891,-0.2930727660655975,0.8993299067020416,-0.09213053733110424,-0.13341547204181553,1.2384234085679056,-1.5527152895927432,-2.349147617816925,1.043007755279541,-0.07528244415298102,-0.17454470247030257,1.0386123836040497,-0.7702707797288896,0.00023577543906870975,0.4765099465847015,-0.7437308490276336,-0.1940526474267244,-0.15026019737124444,-0.42247972507029774,0.3256789341568947,0.7577924579381944,-0.23153619170188905,-0.9751227229833603,0.28714016824960714,0.05412383317016063,-0.30783977508544924,-0.9342554628849029,0.12329437322914598,1.6269070506095886,-0.3321449413895607
2019-05-23 16:00:00,-0.009807640360668248,-1.0405918300151824,-0.7383954167366028,0.8993299067020416,-0.3001436647027731,0.237523253634572,1.38752239048481,-2.704727840423584,-3.0186716318130498,1.8066589832305908,-0.06890509612858293,0.15435861498117448,0.37184679508209223,-1.107184386253357,-0.01752075571566818,5.317895221710205,-1.0827651560306548,-0.14078222187235948,-0.11265198960900306,-0.42247972507029774,0.24453340470790863,0.6060651123523713,-0.2380917513743043,-1.0067561209201812,0.02027227263897659,0.07255649876315147,-1.0365817546844482,-1.0840086221694947,-0.11398315876722336,1.5054120421409605,-0.39592315554618834
2019-05-23 17:00:00,-0.02536625182256101,-0.4030382663011551,-1.6290406346321107,-0.4841305136680603,-0.28280924260616314,0.36735178753733644,1.4247972279787064,-3.511136293411255,-3.335814666748047,2.4375012755393985,-0.03701834864914416,0.22013929337263108,0.8481079041957855,-1.0510319948196414,0.03574883146211503,13.064111137390137,-1.1311986207962037,-0.12141118645668028,0.07538912212476132,-0.1781811762601137,-0.16119427233934402,-0.24360819011926652,-0.22825839295983313,-1.0383896082639694,0.02027227263897659,0.10942185268540924,-1.7653236627578734,-1.0340909540653227,-0.32968998327851295,1.3839173793792725,-0.39592315554618834
2019-05-23 18:00:00,0.0057509667240083035,-0.6580597192049027,-1.6290406346321107,0.8364453971385956,-0.3868158251047135,0.49718042234890164,1.1079616978764533,-6.27596616744995,-3.5824810028076173,2.7363211274147035,-0.005131583660840988,0.08857795633375642,1.1814906537532806,-1.4440980374813082,0.10677497554570436,9.191003799438477,-1.3733660101890564,-0.12141118645668028,0.11299733612686395,-0.35268018301576376,-0.24233981519937514,-0.24360819011926652,-0.23153619170188905,-1.0911118924617766,-0.11316169183701277,0.16471982984803618,-2.931310606002808,-0.9841732680797577,-0.5885382026433945,1.0194330036640165,-0.4756458759307861
2019-05-24 16:00:00,0.08354400703683493,-0.6580597192049027,-1.0055890023708343,1.7168291330337524,-0.3001436647027731,0.274617138504982,0.9588626697659495,0.2905045263469219,-1.9967665195465087,0.8437944740056992,-0.11992390654049814,-0.24032534211874007,-0.48542330265045164,0.7458411395549774,0.05350536955520509,-15.984199523925785,-0.5984304010868072,-0.14078222187235948,-0.15026019737124444,0.03121764191891995,0.3256789341568947,-0.6987902641296387,-0.1922027464956045,-0.8644058167934418,-0.1608166415244341,0.18315252996981143,1.0038958251476289,-1.683021318912506,0.6194200903177262,1.9913913369178773,-0.2524222115054726
2019-05-24 17:00:00,0.021309572603786336,-1.2956133008003234,-0.8274598300457001,0.5220225185155869,-0.45615347735583783,0.4600865326821804,0.9961372822523117,-0.9767091572284698,-2.419623732566834,1.4746367752552034,-0.12630126613657922,0.022797290701419084,-0.39017111957073214,0.46507968604564665,-0.08854687903076411,19.842049980163573,-0.7437308490276336,-0.1649960644543171,-0.15026019737124444,0.13591705039143562,0.3256789341568947,-0.820172107219696,-0.18892495892941955,-0.9329448968172074,-0.22753361314535142,0.2937485497444869,1.4411409378051758,-1.2337617635726927,0.5331373140215874,1.7484017252922057,-0.31620039343833917
2019-05-24 18:00:00,0.021309572603786336,-1.0405918300151824,-0.7383954167366028,-0.5470150440931321,-0.6294977784156799,0.4600865326821804,0.6606643974781037,-2.8199289321899412,-2.6662906050682067,1.8730633735656739,-0.14543330539017912,0.022797290701419084,0.133716189302504,0.18431822883430868,-0.01752075571566818,3.381341028213501,-0.6952974468469619,-0.14562498815357686,0.00017267976654689233,0.10101724984124302,0.001096796931233233,-1.032590353488922,-0.2184250290505588,-0.9329448968172074,-0.28471955060958865,0.3674792468547821,-3.951549792289734,-1.1339263200759888,0.14486505053937435,1.9913913369178773,-0.2843112871050836
2019-05-24 19:00:00,0.021309572603786336,-1.1681025981903077,-1.361847007274628,0.45913798809051515,-0.8028418399393559,0.441539566218853,0.306554114818573,-4.5479477643966675,-2.8424809455871585,2.1054788827896114,0.09052868895232677,0.022797290701419084,0.8957340627908706,-0.15259552448987962,0.1422880440950393,-4.364875650405883,-0.5499969631433487,-0.15531053543090817,0.00017267976654689233,-0.09093167288228866,0.001096796931233233,-1.2146633505821227,-0.2249806083738804,-0.9909393846988678,-0.2656575866043568,0.3859118968248367,-1.4738270163536071,-1.2337617635726927,-0.00612973833922294,1.7484017252922057,-0.39592315554618834
2019-05-25 10:00:00,-0.02536625182256101,-1.614390254020691,1.4882176756858823,0.7106762111186982,0.12454974725842476,-0.5414481535553932,-0.32711709178984166,-1.5527152895927432,0.29370973706245423,-0.5506988823413849,-0.36864052563905714,0.2859199419617653,1.4672474205493924,0.9142979741096496,0.37312296852469445,-23.730416679382323,1.5326423346996307,-0.19889542534947394,0.2258219975978136,-1.1379257608205082,-0.6480674862861633,2.3054115414619445,-0.2741473615169525,-0.33718257169239224,0.5730700701475145,-0.517289036512375,4.9391021728515625,-0.6846668690443038,0.015440947376191616,1.5054120421409605,-0.2843112871050836
2019-05-25 11:00:00,0.021309572603786336,-0.4030382663011551,0.33037892580032346,-0.106823119148612,0.21122186572756618,-0.5043542779982091,-0.1407432030886412,1.3273157119750976,0.5403764139860868,-0.683507838845253,-0.29848971739411356,0.022797290701419084,0.37184679508209223,0.8581457257270813,0.42639260515570643,-3.396598243713379,1.145174613595009,-0.15531053543090817,0.11299733612686395,-0.5795289766043425,-0.3234853595495224,1.516429328918457,-0.2544806733727455,-0.39517704769968987,0.41104312539100646,-0.4435581952333451,2.607127833366394,-1.0340909540653227,0.015440947376191616,2.2343811273574827,-0.26836675330996507
2019-05-25 12:00:00,0.06798539794981479,0.6808028757572175,0.06318533928133546,0.8364453971385956,0.24589069122448567,-0.6527297556400299,0.06426811730489135,1.096913278102875,0.7518049567937852,-0.9159233450889588,-0.19645211473107335,-0.17454470247030257,-0.818806117773056,0.6896888852119446,0.5506883226335049,8.222725629806519,0.6124064266681671,-0.16015328913927077,0.00017267976654689233,-0.1781811762601137,0.001096796931233233,1.0005562782287598,-0.23153619170188905,-0.47953274846076965,0.10605121776461598,-0.18550089932978156,-0.4535881668329239,-1.3335973203182216,-0.00612973833922294,2.4773704290390013,-0.39592315554618834
2019-05-25 13:00:00,0.08354400703683493,-0.3392829045653344,0.9538305163383484,0.018946032738313044,0.05521203875541687,-0.37452561580576,0.4370157763361931,3.170535755157471,0.6813289232552051,-1.1151367843151094,-0.06252776011824605,-0.24032534211874007,-0.7235538780689239,2.767323446273804,0.26658378094434737,10.159279823303223,-0.16252917903475464,-0.12141118645668028,-0.11265198960900306,0.25806632270105184,0.24453340470790863,0.029501087311655315,-0.21186946812085808,-0.5586162246763706,-0.11316169183701277,-0.07490484882146119,-2.202568876743317,-1.4334328174591064,0.0585823119850829,2.841855001449585,-0.15675491392612456
2019-05-25 14:00:00,0.05242679007351396,0.1070046209730208,0.33037892580032346,1.33952180147171,-0.1701354752061889,-0.22615016996860504,0.5488401040434837,3.976944637298584,0.29370973706245423,-1.0487322866916657,0.014000478014349945,-0.17454470247030257,-1.5808241486549375,1.8127345085144042,0.01799230948090555,17.905496597290036,-1.1796321034431458,-0.1940526474267244,-0.15026019737124444,0.22316661062650386,0.3256789341568947,-0.6684446990489961,-0.20531391631811857,-0.6166107863187791,-0.35143657997250555,0.03569118361920115,-2.494065594673157,-1.5831858515739436,0.037011627526953784,2.2343811273574827,-0.5394240990281105
2019-05-25 15:00:00,0.0057509667240083035,-0.21177218556404115,0.06318533928133546,0.6477916598320007,-0.31747806072235113,-0.02213386464864015,0.4929279625415803,2.5945291519165044,-0.27009977847337724,-0.683507838845253,0.026755134761333437,0.08857795633375642,-1.9142066717147828,1.363516354560852,-0.08854687903076411,35.334480667114256,-1.760833752155304,-0.07782630845904348,-0.07504375763237475,0.5372648236341775,0.24453340470790863,-1.4270816206932069,-0.19548053592443465,-0.6851499021053316,-0.3323745429515839,0.16471982984803618,-3.6600528240203856,-1.3335973203182216,-0.027700414648279513,2.112885904312134,-0.5553686350584031
2019-05-25 16:00:00,0.08354400703683493,-0.4667936325073242,-0.8274598300457001,0.1447151482105255,-0.5948288837447763,0.274617138504982,0.6793017953634262,1.672919499874115,-0.7986713051795961,-0.15227227779105307,0.07777396272867917,-0.30610603839159006,-1.3426933526992797,1.1389071941375732,-0.0352772934362292,7.254449510574341,-1.8577006936073304,-0.07298354879021644,0.03778089865518265,0.6594141733832657,-0.08004873991012569,-1.36639062166214,-0.21186946812085808,-0.7484166204929352,-0.5039324104785919,0.27531589102,-6.283523607254028,-1.2836796522140501,0.7704148292541504,1.9913913369178773,-0.5234795048832893
2019-05-25 17:00:00,0.08354400703683493,0.04324924582615492,-1.1837180852890015,0.08183058388531207,-0.7941746406257153,0.6641027368605136,0.7538513496518136,-0.4007028296589851,-1.186290407180786,0.3457611240446568,0.19256627857685094,-0.30610603839159006,-0.9616844117641449,0.5212319940328598,-0.17732956893742083,2.4130638599395753,-2.2451684713363647,-0.08266908675432205,-0.15026019737124444,0.4500152673572302,0.4068244367837906,-1.9126091599464417,-0.21514727147296067,-0.8011390268802643,-0.5706494823098183,0.3121812459081411,-2.0568206548690795,-1.2337617635726927,0.40371323078870774,1.2624226212501526,-0.5394240990281105
2019-05-25 18:00:00,0.05242679007351396,0.4257814198732376,-1.2727824330329893,-0.42124592661857607,-1.0108549907803535,0.8866660252213479,0.34382884949445724,-2.704727840423584,-1.6443855524063111,0.7109855636954308,0.007623097300529491,-0.10876403599977494,-0.10441432129591703,-0.15259552448987962,-0.12405995540320876,1.4447869062423708,-3.116971218585968,-0.07782630845904348,-0.15026019737124444,0.3104160907125334,0.4068244367837906,-2.1250274658203123,-0.2184250290505588,-0.8591336071491241,-0.45627753585577013,0.3674792468547821,-1.3280784606933596,-0.9342554628849029,0.23114777430891992,0.5334538578987121,-0.5075349166989327
2019-05-25 19:00:00,0.05242679007351396,-0.7855704307556153,-1.2727824330329893,0.018946032738313044,-0.9935205593705178,0.923759987950325,-0.1407432030886412,-4.663149213790893,-2.0672429203987126,1.1426144659519197,-0.024263646453619003,-0.17454470247030257,0.8481079041957855,-0.8264229685068131,-0.05303384064463897,-2.428321504592895,-1.7124002695083618,-0.08751181513071057,-0.07504375763237475,-0.0036821319721639474,0.1633878797292709,-1.7608819484710694,-0.2380917513743043,-0.9645782768726349,-0.38002957105636603,0.27531589102,-1.1823301136493682,-0.6347491383552551,0.14486505053937435,-0.07402006462216375,-0.3321449413895607
2019-05-25 20:00:00,0.03686818240093997,-0.976836496591568,-1.361847007274628,0.018946032738313044,-1.14953034222126,1.072135505080223,-0.4575787246227264,-6.27596616744995,-2.419623732566834,1.5410412490367889,-0.0306410079821944,-0.10876403599977494,1.6577519178390503,-0.9948797166347504,0.01799230948090555,-4.364875650405883,-1.470232927799225,-0.14078222187235948,-0.07504375763237475,-0.35268018301576376,0.24453340470790863,-1.5181180715560911,-0.2577584691345692,-0.996211701631546,-0.20847162641584874,0.2568832150660455,-0.5993365556001663,-0.38516049236059197,-0.0924124727025628,-1.653452217578888,-0.26836675330996507
2019-05-25 21:00:00,0.021309572603786336,-0.14801682457327842,-1.361847007274628,-0.9243224143981934,-1.2102007478475572,1.4059804290533067,-1.0539750427007673,-7.082375478744508,-2.8072426557540897,1.8730633735656739,-0.05615039430558679,-0.04298337325453754,2.3245176672935486,-1.5002502799034119,-0.10630342110525817,-8.23798327445984,-1.4217993021011355,-0.16015328913927077,-0.03743554074317214,-0.6493284929543733,0.1633878797292709,-0.971899437904358,-0.2741473615169525,-0.9803949952125549,-0.017851696722209445,0.23845056670252235,-0.30783977508544924,0.2637699004262686,-0.35126067399978633,-2.7469052314758304,-0.31620039343833917
2019-05-26 09:00:00,-0.009807640360668248,-0.5305490046739578,-0.11494370661675928,-0.043938554078340505,-0.005458445101976375,-0.2632440492510796,-0.588040454685688,-3.165532755851746,0.9279955990612507,-1.3475525379180908,-0.34313115626573565,0.15435861498117448,2.2292652130126953,2.2058006763458256,0.21331418678164482,-17.920754051208498,2.065410524606705,-0.2279519758722018,0.2258219975978136,-1.1902754712849855,-0.5669219076633454,2.578520882129669,-0.32003641203045846,-0.23173773288726807,0.6588489711284637,-0.7200483918190004,4.064612150192261,-0.08565416410565375,-0.20026588067412376,0.047474731283728,-0.2205331042408943
2019-05-26 10:00:00,0.03686818240093997,-0.02050611728918734,0.15224988684058188,-0.3583614051342011,0.05521203875541687,-0.337431800365448,-0.3084795955568552,-0.17030033711344,1.5622813314199449,-1.2811479210853576,-0.2602256558835506,-0.04298337325453754,1.0386123836040497,2.65501891374588,0.23107070848345757,-0.49176708459854124,0.9514406532049179,-0.17468156591057776,0.07538912212476132,-0.8587272845208644,-0.16119427233934402,1.789538526535034,-0.29381409138441084,-0.27391562461853025,0.439636093378067,-0.6647503465414047,1.7326376557350158,-0.43507822006940844,0.25271845012903216,1.0194330036640165,-0.09297675048001108
2019-05-26 11:00:00,0.03686818240093997,0.04324924582615492,0.24131439998745918,-0.6727841436862947,0.12454974725842476,-0.3930726174265146,-0.23393010022118688,3.170535755157471,1.808948114514351,-1.8787880539894104,-0.15818800888955592,-0.04298337325453754,-0.19966659247875215,3.6657599925994875,0.26658378094434737,14.03238821029663,0.32180557693354783,-0.21342371096834536,-0.03743554074317214,-0.42247972507029774,0.08224233053624627,1.0915927350521089,-0.2708696059882641,-0.36881574876606465,0.2585471630096436,-0.517289036512375,-0.8908333599567413,-0.8344199776649475,0.5115666344761849,1.6269070506095886,-0.2524222115054726
2019-05-26 12:00:00,0.06798539794981479,0.5532920449972153,0.33037892580032346,0.2075997084379196,0.13321691527962687,-0.5785419642925262,-0.047556232288479786,4.20734670162201,1.3860907852649693,-2.111203503608704,-0.04339569732546803,-0.24032534211874007,-1.5808241486549375,2.037343740463257,0.30209683179855346,16.93721961975098,-0.45313007533550265,-0.1649960644543171,-0.03743554074317214,0.03121764191891995,0.08224233053624627,0.5150286599993705,-0.24464733712375164,-0.4742604970932007,0.02027227263897659,-0.3329622104763985,-3.0770591735839847,-1.0840086221694947,0.5547080203890802,1.9913913369178773,-0.2364776879549027
2019-05-26 13:00:00,0.06798539794981479,0.1070046209730208,1.2210240185260772,0.5849070847034454,-0.09213053733110424,-0.15196244190447034,0.21336713880300517,5.244157648086548,1.1041860710829496,-1.7127767205238342,0.052264558151364306,-0.17454470247030257,-2.0094587922096245,1.7565824270248414,0.08901843638159333,15.00066556930542,-1.3249325215816499,-0.1698388479650021,-0.11265198960900306,0.5372648236341775,0.3256789341568947,-0.24360819011926652,-0.22825839295983313,-0.5638884961605073,-0.22753361314535142,-0.18550089932978156,-3.514304518699646,-1.2337617635726927,0.7272734463214874,2.355875706672668,-0.2843112871050836
2019-05-26 14:00:00,0.08354400703683493,0.1070046209730208,-0.025879181642085313,-0.42124592661857607,-0.29147646725177767,0.0891477584838867,0.21336713880300517,7.087377834320068,0.4699001729488373,-1.4471588730812075,0.07139659635722637,-0.30610603839159006,-2.438093936443329,1.7004301071166992,-0.14181648287922144,11.127556324005127,-2.051434671878815,-0.15531053543090817,-0.11265198960900306,0.694313857704401,0.24453340470790863,-1.032590353488922,-0.2184250290505588,-0.6376997649669648,-0.5039324104785919,-0.05647220271639525,-3.2228078365325943,-1.3835149586200712,1.1155458539724348,2.2343811273574827,-0.4118676409125328
2019-05-26 15:00:00,0.06798539794981479,1.063335019350052,-0.204008249938488,-0.3583614051342011,-0.45615347735583783,0.3858987718820572,0.34382884949445724,5.013755750656129,-0.2348616637289524,-0.8495190501213074,0.05864191465079784,-0.24032534211874007,-3.200111746788025,1.4758208394050598,-0.33713833466172216,17.905496597290036,-2.196735072135925,-0.11656841449730562,-0.15026019737124444,0.8513630961999297,0.4068244367837906,-1.9126091599464417,-0.2085916810669005,-0.6746053576469422,-0.5897114485502243,0.09098918298259376,-2.639813947677612,-1.3335973203182216,0.4899959459900856,2.112885904312134,-0.4278122052550316
2019-05-26 16:00:00,0.08354400703683493,0.8083136081695557,-0.5602663516998291,0.5849070847034454,-0.6728337667882442,0.7197436198592186,0.4929279625415803,3.6313405752182013,-0.8339093208312987,-0.18547450271435081,0.033132530748844126,-0.30610603839159006,-2.3428413629531857,1.363516354560852,-0.2128426067531109,9.191003799438477,-2.0998684763908386,-0.11172566777095194,-0.11265198960900306,1.1305613711476328,0.3256789341568947,-2.1857184410095214,-0.21186946812085808,-0.753688856959343,-0.675490391254425,0.18315252996981143,-3.6600528240203856,-1.2836796522140501,0.3821425348520279,2.112885904312134,-0.4437567725777626
2019-05-26 17:00:00,0.09910262040793898,0.9358244478702545,-1.0055890023708343,0.6477916598320007,-0.8981813237071037,0.9979476496577263,0.5115653529763222,0.9817117869853973,-1.327242648601532,0.37896331399679184,0.07777396272867917,-0.3718866735696792,-1.77132807970047,1.1389071941375732,-0.30162528343498707,1.4447869062423708,-1.9061340928077697,-0.10688290167599915,-0.15026019737124444,0.8164632210507989,0.4068244367837906,-2.4588277578353877,-0.21514727147296067,-0.7747778594493866,-0.8279863238334656,0.23845056670252235,-2.348317325115204,-1.2836796522140501,0.3605719015002251,1.0194330036640165,-0.4756458759307861
2019-05-26 18:00:00,0.06798539794981479,1.254601204395294,-0.7383954167366028,0.270484246313572,-1.14953034222126,1.0535885214805603,0.02699332479387521,-1.7831177949905395,-1.5739093899726866,0.8437944740056992,0.020377802848815886,-0.17454470247030257,-0.6759277522563935,1.1950594544410704,-0.31938183419406413,-1.4600440144538882,-2.2451684713363647,-0.09719737954437732,-0.18786845169961452,0.6070644189603627,0.4879700571298599,-2.9443552494049072,-0.21514727147296067,-0.8275002092123032,-0.6564284175634384,0.2937485497444869,-1.1823301136493682,-0.8344199776649475,0.2742891512811184,0.047474731283728,-0.4756458759307861
2019-05-27 10:00:00,-0.05648346981033683,-0.4667936325073242,0.5975724250078202,-0.4841305136680603,-0.005458445101976375,-0.6156359165906906,-0.5694030776619912,0.17530326792038972,2.1965669393539424,-2.177607834339142,-0.31124447882175443,0.41748128235340126,1.2767429411411286,2.2619529366493225,0.08901843638159333,-15.01592321395874,1.4842089891433714,-0.20858094906434416,0.26343020536005496,-0.7889277324080467,-0.7292129904031753,1.2736654341220854,-0.30692522525787347,-0.1842875225469469,0.35385715439915655,-0.7937789261341095,3.6273667573928834,-0.3352427750825882,0.6409907102584839,0.29046432077884676,-0.17269946485757826
2019-05-27 11:00:00,-0.05648346981033683,-0.5305490046739578,1.0428951382637024,-0.8614377975463867,-0.03146005584858357,-0.6712767273187638,-0.4575787246227264,1.672919499874115,2.760376822948456,-2.476428139209747,-0.24109354093670848,0.35170060098171235,-0.34254494607448577,2.65501891374588,-0.01752075571566818,6.28617148399353,0.7092733711004258,-0.18920988067984582,0.18821381069719792,-0.5097293149679899,-0.4857764333486557,0.8184834361076355,-0.2774252071976661,-0.3055489619262516,0.22042318433523186,-0.5357216358184814,1.2953925251960754,-0.5349136680364609,0.7057028234004974,0.8979382932186126,-0.15675491392612456
2019-05-27 12:00:00,0.0057509667240083035,-0.14801682457327842,2.111669325828552,-0.5470150440931321,-0.005458445101976375,-0.6527297556400299,-0.2898422945290804,5.4745612144470215,2.1260908603668214,-3.0076635360717776,-0.1390559769992251,0.08857795633375642,-0.9616844117641449,2.1496480822563164,0.17780109867453575,18.873773765563968,0.1765051379799843,-0.1940526474267244,0.18821381069719792,0.08356737801805138,-0.4046309068799019,0.3936468154191971,-0.2643140248954296,-0.4320826068520546,0.06792723797261711,-0.3882602840662003,-1.9110720038414002,-0.7845023095607757,0.6625614613294601,1.9913913369178773,-0.2524222115054726
2019-05-27 13:00:00,-0.02536625182256101,0.6808028757572175,2.200733697414398,-0.043938554078340505,-0.23947310941293837,-0.35597874205559493,-0.10346846021711827,6.741773653030395,1.7032337576150898,-2.4100233793258665,0.001245754584670064,0.22013929337263108,-2.5333460211753853,1.7004301071166992,-0.0352772934362292,32.429652786254884,-0.5984304010868072,-0.1649960644543171,0.03778089865518265,0.3104160907125334,-0.08004873991012569,-0.09188079028390347,-0.24792509190738202,-0.5164384119212627,-0.2561265889555216,-0.25923158824443815,-3.8058011054992678,-1.2337617635726927,0.5762786850333214,1.5054120421409605,-0.4437567725777626
2019-05-27 14:00:00,-0.05648346981033683,1.3183566212654116,0.33037892580032346,0.08183058388531207,-0.3694812908768653,-0.05922772139310835,-0.010281512094661582,5.704962539672851,0.892757423967123,-2.0115968227386474,0.08415130693465471,0.35170060098171235,-3.0572335004806517,1.5319732069969176,-0.230599183216691,41.14415092468262,-1.6639669358730316,-0.10688290167599915,0.11299733612686395,0.8862628391012549,-0.24233981519937514,-1.123626959323883,-0.2184250290505588,-0.5744329258799553,-0.38002957105636603,-0.09333751276135445,-5.846278667449951,-1.0340909540653227,0.7272734463214874,1.1409278631210327,-0.5553686350584031
2019-05-27 15:00:00,0.03686818240093997,2.0834208369255065,-0.2930727660655975,-0.106823119148612,-0.4908223042264582,0.14478857754729688,0.21336713880300517,4.552950668334961,0.047043068241328,-1.2479456067085266,0.17343419494573023,-0.04298337325453754,-2.628598690032959,1.1389071941375732,-0.31938183419406413,4.349618053436279,-2.2936018943786625,-0.07298354879021644,0.18821381069719792,1.0782117482274771,-0.4046309068799019,-1.5181180715560911,-0.23153619170188905,-0.6376997649669648,-0.6945524483919143,-0.01960684694349767,-7.158014297485352,-0.8843377470970154,0.5331373140215874,1.2624226212501526,-0.8264259461313486
2019-05-27 16:00:00,0.05242679007351396,1.254601204395294,-0.2930727660655975,0.3962533861398697,-0.6294977784156799,0.441539566218853,0.1574549835175276,3.516139602661133,-0.5167664647102356,-0.4510922908782959,0.2308304015547038,-0.10876403599977494,-2.1523371815681456,0.5773842573165894,-0.30162528343498707,2.4130638599395753,-2.971670615673066,0.009343432635068873,-0.03743554074317214,0.9211626367643475,0.08224233053624627,-2.5195184707641607,-0.24136954778950895,-0.679877656698227,-0.7993933439254761,0.07255649876315147,-1.619575309753418,-0.9342554628849029,0.3605719015002251,1.0194330036640165,-0.698869539797306
2019-05-27 17:00:00,0.06798539794981479,1.5096225976943969,-0.6493308842182162,-0.8614377975463867,-0.9241828128695488,0.8495723143219948,0.21336713880300517,0.7513097584247589,-0.9043855428695678,0.08014322482049466,-0.011508954502642138,-0.24032534211874007,-1.7237021207809449,0.07201366722583769,-0.31938183419406413,6.28617148399353,-3.4075716972351073,-0.029398676380515125,-0.07504375763237475,0.7466636663302779,0.1633878797292709,-2.8533187866210934,-0.2380917513743043,-0.7115109592676163,-0.7136144042015076,0.23845056670252235,-1.3280784606933596,-0.8344199776649475,0.295859856903553,0.5334538578987121,-0.7467031218111514
2019-05-27 18:00:00,0.05242679007351396,2.4021972537040712,-0.7383954167366028,-0.9243224143981934,-1.03685669451952,1.090682452917099,-0.2898422945290804,-1.2071116030216218,-1.327242648601532,0.44536778405308725,-0.024263646453619003,-0.10876403599977494,-0.5806755810976029,-0.20874775946140295,-0.2128426067531109,4.349618053436279,-1.567099964618683,-0.014870369061827654,-0.11265198960900306,0.5896145443432034,0.3256789341568947,-2.580209755897522,-0.24464733712375164,-0.7589612185955048,-0.6183043941855431,0.16471982984803618,-1.9110720038414002,-0.6347491383552551,0.14486505053937435,-0.19551490470767022,-0.6510359361767769
2019-06-01 13:00:00,0.0057509667240083035,-0.976836496591568,-0.6493308842182162,0.5849070847034454,0.1158825106918812,-0.4858072638511658,0.19472980499267578,-5.00875244140625,-2.1024810791015627,1.3418279051780702,-0.2602256558835506,0.08857795633375642,1.9435084223747254,-0.5456614404916763,0.28434034064412117,-16.95247564315796,1.0483076691627502,-0.10204011201858518,-0.03743554074317214,-0.9983266800642013,0.08224233053624627,1.395047402381897,-0.32003641203045846,-0.8011390268802643,0.4586981236934662,-0.830644378066063,2.4613795280456547,0.21385216303169727,-0.43754342198371887,-1.0459783554077149,-0.4756458759307861
2019-06-01 14:00:00,0.03686818240093997,-0.21177218556404115,-1.0946534633636475,0.5220225185155869,0.09854808896780015,-0.5043542779982091,0.3624662265181542,-3.741539168357849,-2.2434334635734556,1.5742432713508605,-0.190074759721756,-0.04298337325453754,1.8006301999092102,-0.6579660117626192,0.26658378094434737,-7.269706535339355,0.32180557693354783,-0.09719737954437732,0.03778089865518265,-0.7540279090404512,-0.08004873991012569,1.152283614873886,-0.3134807735681534,-0.8275002092123032,0.33479509428143506,-0.6463176220655441,1.5868894696235654,0.014181280508637433,-0.45911408215761185,-0.6814938664436341,-0.49159042984247214
2019-06-02 15:00:00,0.08354400703683493,0.1070046209730208,-1.0055890023708343,0.5220225185155869,-0.07479613833129406,-0.13341547204181553,0.306554114818573,-5.469557476043701,-1.3977189421653744,1.0098056107759477,-0.17732006683945653,-0.24032534211874007,1.9435084223747254,-0.15259552448987962,0.26658378094434737,-16.95247564315796,-0.06566224191337822,-0.22310920590534805,-0.15026019737124444,-0.9808766152709723,0.3256789341568947,0.9702108204364777,-0.3364253126084805,-0.8275002092123032,0.3252641871571541,-0.6463176220655441,1.878386104106903,0.41352306455373766,0.08015300398692488,-1.774946975708008,-0.31620039343833917
2019-06-04 13:00:00,-0.02536625182256101,-0.6580597192049027,0.5085079461336136,-0.3583614051342011,0.003208795562386524,-0.6898235619068146,0.13881759941577912,-1.3223127722740176,-0.3758140802383423,-0.318283374607563,-0.21558419093489647,0.2859199419617653,0.8481079041957855,0.2591880939900875,0.35536643937230106,-13.079368591308594,0.46710600331425667,-0.12141118645668028,0.15060555152595043,-0.4922794446349144,-0.3234853595495224,0.6667560398578644,-0.3134807735681534,-0.6956943154335022,0.3157331489026546,-0.6463176220655441,0.7123990058898926,-0.035736454534344354,-0.07084178153309037,-0.07402006462216375,-0.36403405666351313
2019-06-06 15:00:00,0.09910262040793898,-0.849325829744339,-0.2930727660655975,0.3962533861398697,-0.3434797309339047,-0.13341547204181553,0.2879166960716248,4.322548127174377,-1.432957077026367,0.24615444056689734,-0.11354655427858233,-0.30610603839159006,-1.1521888732910157,-0.6579660117626192,-0.14181648287922144,-12.111091327667237,-0.6952974468469619,-0.11172566777095194,-0.15026019737124444,0.38021569401025773,0.3256789341568947,-1.0629360735416413,-0.2249806083738804,-0.7695055603981018,-0.31331253945827486,-0.038039499893784516,0.7123990058898926,-1.483350443840027,-0.41597271263599406,2.112885904312134,-0.3321449413895607
2019-06-06 16:00:00,0.06798539794981479,0.04324924582615492,-0.5602663516998291,0.2075997084379196,-0.568827210040763,0.20042937695980073,0.41837837100029,2.5945291519165044,-1.7500999569892883,0.9434010535478592,-0.11354655427858233,-0.17454470247030257,-2.0570850729942323,-0.882575124502182,-0.12405995540320876,2.4130638599395753,-0.7921643793582916,-0.14078222187235948,-0.18786845169961452,0.38021569401025773,0.4068244367837906,-1.3056996345520018,-0.20203613620251418,-0.7958668082952499,-0.4181534938514232,0.07255649876315147,0.8581472218036652,-1.2836796522140501,-0.41597271263599406,1.5054120421409605,-0.36403405666351313
2019-06-06 17:00:00,0.0057509667240083035,-0.08426147587597368,-0.47120180130004885,0.45913798809051515,-0.7941746406257153,0.3858987718820572,0.2879166960716248,0.060101984860375504,-1.9615283727645874,1.2422211825847627,-0.11992390654049814,0.08857795633375642,-1.3426933526992797,-1.107184386253357,-0.12405995540320876,14.03238821029663,-0.7921643793582916,-0.13109671548008917,-0.11265198960900306,0.7117636675015093,0.24453340470790863,-1.6394998550415039,-0.21514727147296067,-0.8169557243585587,-0.4181534938514232,0.1278545311652124,-1.3280784606933596,-1.0340909540653227,-0.45911408215761185,-0.19551490470767022,-0.6669804468750954
2019-06-06 18:00:00,-0.05648346981033683,-0.849325829744339,-1.1837180852890015,0.08183058388531207,-0.9068484842777252,0.47863345155492426,0.1574549835175276,-1.4375140666961668,-2.208195209503174,1.4414343714714053,-0.024263646453619003,0.35170060098171235,-0.29491889625787737,-1.1633366763591766,-0.07079034522175787,6.28617148399353,-0.7437308490276336,-0.03908417280763388,0.03778089865518265,0.4500152673572302,-0.08004873991012569,-1.6394998550415039,-0.23153619170188905,-0.8275002092123032,-0.5992424875497818,0.201585216447711,-3.0770591735839847,-0.3352427750825882,-0.5453968077898026,-0.9244834363460541,-0.5234795048832893
2019-06-06 19:00:00,0.021309572603786336,0.4257814198732376,-0.9165244221687316,0.45913798809051515,-0.9761860713362693,0.5157273102086037,-0.1407432030886412,-3.3959351778030396,-2.384385824203491,1.6738500952720643,0.052264558151364306,-0.04298337325453754,0.3242206387221813,-1.2756411969661712,0.07126192301511763,9.191003799438477,-1.470232927799225,-0.08266908675432205,0.18821381069719792,0.06611744435504079,-0.4046309068799019,-2.2160637855529783,-0.2774252071976661,-0.8538613468408585,-0.45627753585577013,0.33061383962631224,-1.9110720038414002,-0.035736454534344354,-0.6316795334219932,-1.653452217578888,-0.3480894640088082
2019-06-19 13:00:00,0.08354400703683493,-0.08426147587597368,-1.0946534633636475,0.2075997084379196,0.003208795562386524,-0.2817909851670265,0.25064192637801164,-0.2855016432702541,-0.27009977847337724,-0.4510922908782959,-0.20920679718255997,-0.30610603839159006,0.4670990318059921,-0.20874775946140295,0.33760991469025614,-12.111091327667237,0.22493859976530076,-0.1698388479650021,-0.11265198960900306,-0.7540279090404512,0.24453340470790863,0.8791744112968445,-0.3429809004068375,-0.6904220759868622,0.30620215833187103,-0.8122117549180985,1.5868894696235654,0.014181280508637433,0.015440947376191616,-0.19551490470767022,-0.2524222115054726
2019-06-19 14:00:00,0.08354400703683493,-0.7855704307556153,-1.0055890023708343,1.213752681016922,-0.07479613833129406,-0.20760317668318748,0.2879166960716248,0.7513097584247589,-0.7634331256151199,-0.15227227779105307,-0.15181067064404483,-0.30610603839159006,-0.15204046983271835,-0.321052297600545,0.21331418678164482,-4.364875650405883,-0.06566224191337822,-0.1649960644543171,-0.15026019737124444,-0.21308098081499338,0.4068244367837906,0.6667560398578644,-0.3003696635365486,-0.7220554500818253,0.2013612004346214,-0.6647503465414047,0.8581472218036652,-0.3352427750825882,-0.15712452828884124,-0.19551490470767022,-0.30025582760572433
2019-06-20 14:00:00,0.06798539794981479,1.5096225976943969,-0.8274598300457001,-0.8614377975463867,-0.10079778041690587,-0.22615016996860504,0.10154285291209815,-3.741539168357849,-0.3405759790097363,-0.5839011698961258,-0.26660300493240363,-0.17454470247030257,1.4672474205493924,-0.20874775946140295,0.30209683179855346,-12.111091327667237,0.8545737326145172,-0.18920988067984582,-0.11265198960900306,-0.7540279090404512,0.24453340470790863,1.2736654341220854,-0.3429809004068375,-0.6060664013028145,0.34432614371180537,-0.9043750762939453,1.7326376557350158,0.41352306455373766,0.25271845012903216,-1.774946975708008,-0.2524222115054726
2019-06-20 15:00:00,0.05242679007351396,1.3821118235588075,-0.8274598300457001,-0.7356686830520631,-0.1354666143655777,-0.24469708576798438,0.13881759941577912,-1.6679166197776794,-0.7986713051795961,-0.0858677163720131,-0.15818800888955592,-0.10876403599977494,1.2767429411411286,-0.4895091846585274,0.12453151643276214,-6.301429319381714,0.37023900970816614,-0.1649960644543171,-0.11265198960900306,-0.5795289766043425,0.24453340470790863,0.7881379425525666,-0.3265919514000416,-0.6587887346744538,0.2013612004346214,-0.830644378066063,0.8581472218036652,0.31368759671458973,-0.027700414648279513,-1.2889679670333862,-0.2205331042408943
2019-06-20 16:00:00,0.06798539794981479,0.23451532572507858,-1.1837180852890015,-0.8614377975463867,-0.1701354752061889,-0.20760317668318748,0.13881759941577912,-1.0919102787971497,-1.151052224636078,0.3457611240446568,-0.11992390654049814,-0.17454470247030257,0.41947289407253274,-0.6018138498067855,0.08901843638159333,-5.333152961730958,-0.45313007533550265,-0.17468156591057776,-0.07504375763237475,-0.5097293149679899,0.1633878797292709,0.3329558439552784,-0.32003641203045846,-0.7167832672595977,0.10605121776461598,-0.7384810119867324,-0.01634297594428059,0.11401670873165126,-0.22183656096458435,-0.9244834363460541,-0.36403405666351313
2019-06-20 17:00:00,0.0057509667240083035,0.6808028757572175,-0.7383954167366028,-1.1129762351512908,-0.23947310941293837,-0.1148685583844781,0.12018025014549494,-2.704727840423584,-1.1158142089843746,0.6777833059430123,-0.08165981862694023,0.022797290701419084,0.18134224493987855,-0.882575124502182,0.01799230948090555,-6.301429319381714,-0.7437308490276336,-0.13109671548008917,-0.11265198960900306,-0.1956310737878084,0.24453340470790863,0.029501087311655315,-0.30692522525787347,-0.7747778594493866,0.06792723797261711,-0.4619909882545472,-0.16209138240665197,-0.035736454534344354,-0.3728313639760017,-1.653452217578888,-0.4118676409125328
2019-06-25 14:00:00,0.06798539794981479,-1.6781454801559448,0.15224988684058188,1.213752681016922,0.06387926265597343,-0.7454642951488495,0.4556531697511673,-2.243922781944275,-2.490100085735321,2.1718833565711977,-0.190074759721756,-0.17454470247030257,1.0386123836040497,-1.6687071919441223,0.30209683179855346,-11.142814350128173,0.22493859976530076,-0.13593947868794204,-0.07504375763237475,-0.43992968145757916,0.1633878797292709,0.6364105343818665,-0.32003641203045846,-0.8907670050859451,0.1822992189787328,-0.9043750762939453,1.5868894696235654,0.11401670873165126,-0.9552398204803467,-1.1674730598926546,-0.2843112871050836
2019-06-25 15:00:00,-0.02536625182256101,-0.849325829744339,0.5975724250078202,1.1508681535720826,0.0378775916993618,-0.5785419642925262,0.4929279625415803,-1.898319149017334,-2.6662906050682067,1.9394680380821228,-0.15181067064404483,0.22013929337263108,0.6576034188270569,-1.9494686841964721,0.24882725700736047,-5.333152961730958,-0.21096266098320476,-0.15531053543090817,-0.11265198960900306,-0.42247972507029774,0.24453340470790863,0.2722649019211531,-0.30692522525787347,-0.9276727080345154,0.029803262650966632,-0.6831830263137817,0.7123990058898926,0.06409901697188616,-0.8473863571882247,-1.2889679670333862,-0.45970132797956464
2019-07-31 11:00:00,0.06798539794981479,0.3620260149240494,-0.11494370661675928,-0.3583614051342011,-0.6121632687747478,-0.8381990998983383,-1.57582186460495,5.4745612144470215,3.042281603813172,-2.542832601070404,-0.31124447882175443,-0.17454470247030257,-2.5333460211753853,0.46507968604564665,0.4619055874645709,-19.857308387756348,1.3389085441827773,-0.18436710759997366,-0.11265198960900306,0.5372648236341775,0.24453340470790863,-0.7594812333583831,-0.34953640922904017,-0.14738190546631813,-0.38002957105636603,-0.9965384602546692,3.3358699560165403,0.4634407766163349,-0.0924124727025628,-1.774946975708008,-0.2364776879549027
2019-07-31 12:00:00,0.06798539794981479,0.23451532572507858,-0.025879181642085313,-0.60989950299263,-0.5861616401001812,-0.7454642951488495,-1.314898359775543,9.045798969268798,3.0070436596870422,-3.2732810974121094,-0.2283388704061508,-0.17454470247030257,-2.5333460211753853,-0.09644320383667945,0.4619055874645709,-6.301429319381714,0.7092733711004258,-0.1698388479650021,-0.11265198960900306,0.8862628391012549,0.24453340470790863,-1.5181180715560911,-0.3298696920275689,-0.20010431632399558,-0.5039324104785919,-0.830644378066063,2.0241347908973695,0.31368759671458973,0.0585823119850829,-1.2889679670333862,-0.379978570342064
2019-07-31 15:00:00,0.05242679007351396,1.955910074710846,-0.3821372658014298,-2.2448984146118165,-1.03685669451952,-0.05922772139310835,-1.1098871618509292,7.317779541015625,1.5975194990634916,-2.2440122842788695,-0.017886292864568533,-0.10876403599977494,-1.2950671434402465,-1.2756411969661712,-0.12405995540320876,-13.079368591308594,-1.034331637620926,-0.18436710759997366,-0.11265198960900306,1.2876103959977627,0.24453340470790863,-2.5195184707641607,-0.3102030023932457,-0.352999109774828,-0.9900132715702057,-0.3882602840662003,0.8581472218036652,0.9626180201768875,-0.32968998327851295,-1.5319576025009156,-0.45970132797956464
2019-07-31 16:00:00,0.03686818240093997,0.5532920449972153,-0.47120180130004885,-0.8614377975463867,-1.14953034222126,0.18188247410580513,-1.0912498384714124,7.317779541015625,0.9984719861298801,-1.9119900941848755,-0.11992390654049814,-0.04298337325453754,-3.295363998413086,-1.7810119271278382,-0.19508609212934974,-3.396598243713379,-1.5186663210392,-0.10204011201858518,-0.07504375763237475,0.4325654136016965,0.1633878797292709,-3.4602283477783202,-0.3626476190984249,-0.4215381219983101,-0.9137652963399887,-0.3329622104763985,1.0038958251476289,0.21385216303169727,-0.45911408215761185,-1.1674730598926546,-0.4437567725777626
2019-08-01 11:00:00,0.03686818240093997,1.6371333599090576,0.6866370111703873,-0.8614377975463867,-0.6554994519799948,-0.708370566368103,-1.5571844041347505,4.78335280418396,1.3508526489138601,-3.306483507156372,-0.3303764447569847,-0.04298337325453754,-1.7237021207809449,0.8581457257270813,0.23107070848345757,-13.079368591308594,1.6779425859451298,-0.18436710759997366,0.00017267976654689233,0.36276575482916085,-0.08004873991012569,-0.6987902641296387,-0.37248089909553533,-0.052481826022267364,-0.27518859505653376,-0.9781058430671692,3.3358699560165403,0.8128648281097413,0.18800639882683753,-2.503915762901306,-0.1408103171736002
2019-08-01 12:00:00,0.05242679007351396,1.7008885860443115,1.0428951382637024,-0.8614377975463867,-0.6728337667882442,-0.7640113443136215,-1.3708106398582458,5.359358406066894,2.8308529496192927,-1.6795746326446532,-0.2283388704061508,-0.10876403599977494,-2.2475893259048463,1.419668734073639,0.28434034064412117,-1.4600440144538882,0.8545737326145172,-0.19889542534947394,-0.03743554074317214,0.5896145443432034,0.08224233053624627,-1.1843178153038028,-0.3528142049908637,-0.15265422835946083,-0.4086225628852844,-0.9043750762939453,1.0038958251476289,0.6131939455866814,0.40371323078870774,-1.774946975708008,-0.2045885667204857
2019-08-01 13:00:00,0.05242679007351396,1.5733778119087218,0.9538305163383484,-0.7356686830520631,-0.7075025990605355,-0.6712767273187638,-1.3894479662179946,6.165769004821778,2.8308529496192927,-3.0740679025650026,-0.12630126613657922,-0.10876403599977494,-2.4857198357582098,1.1389071941375732,0.12453151643276214,6.28617148399353,0.07963819392025469,-0.17952436134219169,-0.07504375763237475,0.7815634181722999,0.1633878797292709,-1.6091543912887574,-0.33970304504036897,-0.22646554708480834,-0.5325255051255227,-0.7753463417291642,-0.7450849533081054,0.31368759671458973,0.0585823119850829,-1.1674730598926546,-0.1408103171736002
2019-08-01 14:00:00,0.0057509667240083035,2.4659530401229857,1.1319595277309418,-1.1129762351512908,-0.8028418399393559,-0.4301664635539056,-1.3335359364747998,7.087377834320068,2.5841860651969912,-3.0740679025650026,-0.04977305196225642,0.08857795633375642,-2.819102740287781,0.1281659547239542,0.01799230948090555,27.58826560974121,-0.6952974468469619,-0.19889542534947394,-0.07504375763237475,0.8688131114467978,0.1633878797292709,-2.003645622730255,-0.32003641203045846,-0.28446001634001733,-0.63736642152071,-0.6278849810361863,-1.9110720038414002,0.06409901697188616,0.037011627526953784,-1.5319576025009156,-0.31620039343833917
2019-08-01 15:00:00,-0.040924855368211846,1.254601204395294,0.33037892580032346,-2.6222055673599245,-0.9415173888206482,-0.1148685583844781,-1.2217116296291355,7.087377834320068,1.9146622121334076,-2.8416523694992066,0.001245754584670064,0.2859199419617653,-3.200111746788025,-0.9387275636196136,-0.30162528343498707,57.604855346679685,-1.2764990508556366,-0.14562498815357686,0.03778089865518265,0.9909623876214028,-0.08004873991012569,-2.337445783615112,-0.3036474585533142,-0.33718257169239224,-0.6850214213132857,-0.517289036512375,-5.117537117004394,0.21385216303169727,0.25271845012903216,-1.653452217578888,-0.2524222115054726
2019-08-01 16:00:00,-0.05648346981033683,2.529708349704743,0.15224988684058188,-2.559321165084839,-1.0628582015633583,0.18188247410580513,-1.1844368636608125,3.976944637298584,1.4213289290666582,-2.2108101844787598,0.14154745396226645,0.35170060098171235,-3.200111746788025,-1.2756411969661712,-0.33713833466172216,52.763465118408206,-1.6639669358730316,-0.1649960644543171,0.15060555152595043,1.1305613711476328,-0.3234853595495224,-2.4891731262207033,-0.3134807735681534,-0.3740880150347947,-0.7517383560538292,-0.4435581952333451,-9.635736417770385,0.2637699004262686,0.14486505053937435,-2.7469052314758304,-0.2205331042408943
2019-08-02 10:00:00,-0.009807640360668248,2.7209745407104493,-0.7383954167366028,-1.6789373517036439,-0.6815008964389563,-0.6712767273187638,-1.482634845376015,2.8249317169189454,2.4784719049930573,-2.509630239009857,-0.4834329396486282,0.22013929337263108,-1.104562622308731,3.216541886329651,0.28434034064412117,-29.540081214904784,2.4528786063194277,-0.18920988067984582,0.18821381069719792,0.013767749723047002,-0.7292129904031753,-0.12222624570131302,-0.40198094882071017,-0.16847091242671014,-0.05597569276578722,-0.9965384602546692,7.999818420410156,1.2122067928314209,0.037011627526953784,-2.8684003591537475,-0.2205331042408943
2019-08-02 11:00:00,0.03686818240093997,1.6371333599090576,-0.2930727660655975,-1.930475127696991,-0.6121632687747478,-0.8752930134534835,-1.4453599870204932,5.1289560317993175,2.760376822948456,-2.742045974731446,-0.4324141293764113,-0.04298337325453754,-1.437945520877838,4.957262706756592,0.26658378094434737,-3.396598243713379,2.0169767737388606,-0.17468156591057776,0.07538912212476132,0.36276575482916085,-0.24233981519937514,-0.486371910572052,-0.37903647534549234,-0.5269828316755593,-0.21800262071192264,-1.014970952272415,3.481618070602417,0.7629470884799958,0.295859856903553,-2.8684003591537475,-0.12486580871045591
2019-08-02 12:00:00,0.03686818240093997,-0.14801682457327842,0.24131439998745918,-1.1129762351512908,-0.6554994519799948,-0.8381990998983383,-1.3521731615066528,5.9353657245635985,2.760376822948456,-3.0076635360717776,-0.23471621647477153,-0.04298337325453754,-2.3904677510261534,4.676501274108887,0.17780109867453575,15.00066556930542,1.6295093238353728,-0.20373819582164288,-0.03743554074317214,0.48491510949097566,0.08224233053624627,-1.0022449731826781,-0.34953640922904017,-0.38463253155350685,-0.4086225628852844,-0.9228077292442322,-0.4535881668329239,0.7629470884799958,0.468425315618515,-1.774946975708008,-0.17269946485757826
2019-08-02 13:00:00,0.03686818240093997,2.784729743003845,0.6866370111703873,-1.2387450993061067,-0.6381648723036051,-0.726917451620102,-1.314898359775543,9.045798969268798,1.808948114514351,-3.0076635360717776,-0.06252776011824605,-0.04298337325453754,-2.7238503098487845,2.037343740463257,0.00023577543906870975,18.873773765563968,0.12807166296988723,-0.18920988067984582,-0.03743554074317214,0.8339131051674485,0.08224233053624627,-1.6091543912887574,-0.34953640922904017,-0.4004491962492466,-0.4753394976258278,-0.7937789261341095,-3.2228078365325943,0.31368759671458973,0.9429803699254989,-0.8029887020587921,-0.2045885667204857
2019-08-02 14:00:00,0.03686818240093997,3.3585278272628782,0.6866370111703873,-0.9872070670127868,-0.7421714022755623,-0.5599949643015861,-1.296261247992516,8.008988094329833,-0.5872425705194473,-2.111203503608704,0.05864191465079784,-0.04298337325453754,-4.009754967689514,0.5212319940328598,-0.19508609212934974,29.524821472167968,-1.1796321034431458,-0.17952436134219169,-0.03743554074317214,0.9560623815283179,0.08224233053624627,-1.8215727925300598,-0.32003641203045846,-0.36881574876606465,-0.665959419310093,-0.6647503465414047,-3.8058011054992678,-0.08565416410565375,1.6116714835166932,-0.9244834363460541,-0.30025582760572433
2019-08-02 15:00:00,-0.040924855368211846,0.617047518491745,0.33037892580032346,-1.2387450993061067,-0.8895140424370765,-0.41161964144557717,-1.2403490424156187,6.856975030899048,0.36418595612049104,0.14654777012765405,0.08415130693465471,0.2859199419617653,-3.581120800971985,-1.1633366763591766,-0.2838687643408775,50.82691612243653,-2.0998684763908386,-0.15046776905655862,-0.03743554074317214,1.4272097185254096,0.08224233053624627,-2.428482174873351,-0.29381409138441084,-0.39517704769968987,-0.7326763719320297,-0.49885629713535307,-5.409033298492432,-0.035736454534344354,1.5038180470466613,-1.774946975708008,-0.6032021880149842
2019-08-02 16:00:00,0.03686818240093997,-0.2755275502800941,-0.204008249938488,-2.8737440109252925,-1.0628582015633583,0.1633355031721294,-1.0912498384714124,6.626572799682617,0.2584715664386749,-0.7499123930931091,0.15430221240967515,-0.04298337325453754,-3.104859948158264,-1.2194889962673188,-0.39040795527398586,18.873773765563968,-2.2936018943786625,-0.05845523662865162,0.15060555152595043,1.270160723477602,-0.3234853595495224,-2.640900659561157,-0.2970919162034989,-0.4215381219983101,-0.9900132715702057,-0.49885629713535307,-8.615497922897339,0.31368759671458973,0.4899959459900856,-1.774946975708008,-0.45970132797956464
2019-08-03 11:00:00,0.0057509667240083035,1.1270903468132019,-0.3821372658014298,-0.3583614051342011,-0.603495991230011,-0.8752930134534835,-1.4639977008104323,4.552950668334961,3.042281603813172,-3.572101593017578,-0.4387915015220643,0.08857795633375642,-1.485571455955505,4.564196467399597,0.44414910674095165,-18.889032554626464,2.16227730512619,-0.22310920590534805,0.15060555152595043,0.10101724984124302,-0.4857764333486557,-0.5470628380775452,-0.37575866393744944,-0.11574853509664536,-0.15128563959151506,-0.9965384602546692,4.9391021728515625,0.6131939455866814,0.6625614613294601,-1.774946975708008,-0.17269946485757826
2019-08-03 12:00:00,0.03686818240093997,1.5733778119087218,0.15224988684058188,0.2075997084379196,-0.57749441601336,-0.8567459970712662,-1.4080853134393694,5.244157648086548,2.6899003624916076,-3.2732810974121094,-0.29848971739411356,-0.04298337325453754,-2.1523371815681456,2.7111713409423825,0.35536643937230106,-6.301429319381714,1.6779425859451298,-0.18920988067984582,0.03778089865518265,0.5023649764480069,-0.08004873991012569,-0.7898266911506653,-0.33970304504036897,-0.23700984045863147,-0.2656575866043568,-0.8675096452236175,1.878386104106903,0.31368759671458973,0.7488441437482833,-0.9244834363460541,-0.1408103171736002
2019-08-03 13:00:00,0.021309572603786336,1.254601204395294,0.9538305163383484,-0.6727841436862947,-0.6468321118503809,-0.782558286190033,-1.3335359364747998,7.317779541015625,2.6194241464138033,-2.941259002685547,-0.16456538289785383,0.022797290701419084,-2.438093936443329,2.0934959650039673,0.31985335424542427,7.254449510574341,0.6124064266681671,-0.19889542534947394,-0.03743554074317214,0.7466636663302779,0.08224233053624627,-1.1539723575115202,-0.32003641203045846,-0.3213657279498875,-0.4848705351352692,-0.7937789261341095,-0.01634297594428059,-0.035736454534344354,0.9861216396093369,-0.6814938664436341,-0.31620039343833917
2019-08-03 14:00:00,0.021309572603786336,0.9358244478702545,0.9538305163383484,-1.4273989319801328,-0.7595059037208557,-0.6156359165906906,-1.1657994508743286,8.700195741653442,2.1613289296627047,-2.8748548030853276,-0.08165981862694023,0.022797290701419084,-3.295363998413086,0.3527750879526138,0.10677497554570436,14.03238821029663,-0.4046965405344962,-0.14562498815357686,0.00017267976654689233,0.8513630961999297,0.001096796931233233,-1.85191810131073,-0.2970919162034989,-0.36881574876606465,-0.6183043941855431,-0.6463176220655441,-2.0568206548690795,-0.13557187765836715,1.4606767654418946,-1.1674730598926546,-0.379978570342064
2019-08-04 14:00:00,0.05242679007351396,0.1070046209730208,-1.0946534633636475,0.773560756444931,-0.7248369902372361,-0.6156359165906906,-1.1844368636608125,7.663385105133057,1.9851387202739719,-2.7752482891082764,-0.24747093692421912,-0.10876403599977494,-2.5333460211753853,-0.6579660117626192,0.30209683179855346,-9.206260871887208,0.6124064266681671,-0.18920988067984582,-0.15026019737124444,0.76411357447505,0.3256789341568947,-1.9126091599464417,-0.2905362710356712,-0.36881574876606465,-0.6850214213132857,-0.6278849810361863,2.0241347908973695,-0.035736454534344354,0.16643572673201562,-0.43850435614585875,-0.5075349166989327
2019-08-04 15:00:00,0.06798539794981479,0.17076000049710274,-1.1837180852890015,-0.043938554078340505,-0.8808468252420425,-0.31888485960662366,-1.1098871618509292,7.087377834320068,1.3508526489138601,-2.277214646339417,-0.17094274759292602,-0.17454470247030257,-3.438242030143738,-1.2756411969661712,-0.0352772934362292,-8.23798327445984,0.22493859976530076,-0.08751181513071057,-0.07504375763237475,0.8862628391012549,0.1633878797292709,-2.4891731262207033,-0.2970919162034989,-0.4004491962492466,-0.6278354391455652,-0.4251255959272385,0.42090216279029863,-0.2354073490947485,-0.22183656096458435,-0.19551490470767022,-0.4278122052550316
2019-08-08 10:00:00,-0.040924855368211846,-0.4667936325073242,-0.5602663516998291,0.270484246313572,-0.6901681646704674,-0.8752930134534835,-1.57582186460495,6.280969333648682,2.9365672588348386,-2.9080564975738525,-0.49618766009807586,0.35170060098171235,-1.0569367945194243,0.9142979741096496,0.4974187657237053,-26.63524684906006,2.646612215042114,-0.18436710759997366,0.2258219975978136,0.03121764191891995,-0.7292129904031753,-0.3649899542331696,-0.36592536196112635,-0.16319872811436653,-0.0845686572487466,-0.9412403523921966,6.83383150100708,0.7629470884799958,-0.0924124727025628,-2.1394315123558045,-0.15675491392612456
2019-08-08 11:00:00,0.0057509667240083035,-0.2755275502800941,0.33037892580032346,-1.4273989319801328,-0.6294977784156799,-0.8752930134534835,-1.5199098080396654,6.626572799682617,3.359424316883087,-3.1736750602722172,-0.38139534592628477,0.08857795633375642,-2.8667287826538086,0.07201366722583769,0.44414910674095165,-1.4600440144538882,2.1138441264629364,-0.1940526474267244,0.15060555152595043,0.3453158528427594,-0.4046309068799019,-0.5774083852767944,-0.34953640922904017,-0.22119322232902042,-0.22753361314535142,-0.9043750762939453,3.044373321533203,0.4634407766163349,-0.00612973833922294,-1.1674730598926546,-0.2205331042408943
2019-08-09 11:00:00,0.06798539794981479,0.1070046209730208,-0.6493308842182162,0.7106762111186982,-0.6815008964389563,-0.8196521103382111,-1.4639977008104323,4.322548127174377,2.407996106147766,-3.4392925024032595,-0.41328204423189163,-0.17454470247030257,-1.533197855949402,-0.6018138498067855,0.4974187657237053,-15.984199523925785,2.16227730512619,-0.1698388479650021,-0.03743554074317214,0.3976655658800155,0.001096796931233233,-0.7898266911506653,-0.3593697987496853,-0.17901534009724857,-0.2656575866043568,-0.849077120423317,3.773115134239198,0.4634407766163349,0.4899959459900856,-1.5319576025009156,-0.15675491392612456
2019-08-09 12:00:00,0.05242679007351396,-0.21177218556404115,-0.9165244221687316,-0.5470150440931321,-0.6554994519799948,-0.8196521103382111,-1.6130966007709504,5.589761495590209,2.020376759767532,-2.6756412506103517,-0.24747093692421912,-0.10876403599977494,-2.0570850729942323,-1.0510319948196414,0.5862012945115567,-5.333152961730958,1.4842089891433714,-0.1940526474267244,-0.11265198960900306,0.5198149223113433,0.24453340470790863,-1.1539723575115202,-0.3298696920275689,-0.1948320944793523,-0.42768456339836114,-0.8122117549180985,1.4411409378051758,0.21385216303169727,0.12329437322914598,-0.9244834363460541,-0.1408103171736002
2019-08-09 13:00:00,0.05242679007351396,-0.21177218556404115,-0.8274598300457001,0.2075997084379196,-0.7508386455476284,-0.7454642951488495,-1.4267227947711947,7.317779541015625,1.8441860854625702,-2.310416948795319,-0.14543330539017912,-0.10876403599977494,-2.580972278118133,-1.387945955991745,0.5329317316412926,5.317895221710205,0.22493859976530076,-0.19889542534947394,-0.07504375763237475,0.7117636675015093,0.1633878797292709,-1.6698454022407532,-0.3134807735681534,-0.27918777316808696,-0.4944015696644783,-0.6647503465414047,-0.16209138240665197,-0.035736454534344354,-0.3944019883871078,-0.43850435614585875,-0.17269946485757826
2019-08-09 14:00:00,0.05242679007351396,0.7445582747459412,-0.5602663516998291,-0.2954768121242523,-0.828843605518341,-0.6156359165906906,-1.296261247992516,6.51137113571167,1.738471621274948,-2.144405519962311,-0.07528244415298102,-0.10876403599977494,-3.295363998413086,-1.387945955991745,0.10677497554570436,14.03238821029663,-0.5499969631433487,-0.18920988067984582,-0.07504375763237475,0.9037127928808332,0.1633878797292709,-1.882263731956482,-0.2970919162034989,-0.3160934451501817,-0.5992424875497818,-0.5541542798280716,-1.7653236627578734,-0.2354073490947485,-0.5238261833786966,-0.6814938664436341,-0.1408103171736002
2019-08-10 12:00:00,0.05242679007351396,-0.14801682457327842,-0.11494370661675928,-0.7356686830520631,-0.57749441601336,-0.8567459970712662,-1.4639977008104323,4.322548127174377,3.2184718370437624,-2.8416523694992066,-0.28573502078652385,-0.10876403599977494,-1.437945520877838,-0.15259552448987962,0.4796621724963188,-15.984199523925785,1.3389085441827773,-0.1649960644543171,-0.07504375763237475,0.48491510949097566,0.1633878797292709,-1.275354266166687,-0.33314750567078594,-0.28446001634001733,-0.35143657997250555,-0.7937789261341095,3.3358699560165403,0.5133584946393966,0.44685459285974505,-1.2889679670333862,-0.07703218150418252
2019-08-24 13:00:00,0.06798539794981479,-0.6580597192049027,-0.2930727660655975,0.6477916598320007,-0.3434797309339047,-0.8011051565408707,-0.6812272876501083,2.0185234427452086,-0.5872425705194473,-0.019463337026536492,-0.28573502078652385,-0.17454470247030257,-0.5330493748188019,-2.6794483661651616,0.42639260515570643,-15.01592321395874,1.2420415997505188,-0.17952436134219169,-0.11265198960900306,-0.03858195645734669,0.24453340470790863,-0.09188079028390347,-0.3429809004068375,-0.5955218955874443,-0.18940963372588154,-0.9228077292442322,2.898624873161316,0.31368759671458973,-1.214087963104248,-1.5319576025009156,-0.2205331042408943
2019-08-24 14:00:00,0.06798539794981479,-0.21177218556404115,-0.3821372658014298,-0.60989950299263,-0.37814857959747317,-0.708370566368103,-0.6439524978399277,2.479328083992004,-0.4815283492207527,0.14654777012765405,-0.20920679718255997,-0.17454470247030257,-1.104562622308731,-2.6232962846755985,0.31985335424542427,-4.364875650405883,0.5155394323170185,-0.17468156591057776,-0.11265198960900306,0.15336693627759815,0.24453340470790863,-0.9112084925174713,-0.32003641203045846,-0.6007941201329231,-0.18940963372588154,-0.7384810119867324,1.2953925251960754,0.21385216303169727,-1.235658696293831,-1.774946975708008,-0.3480894640088082
2019-08-24 15:00:00,0.05242679007351396,-1.1043472409248352,-0.2930727660655975,0.2075997084379196,-0.5254911674186588,-0.5229011885821819,-0.513490891456604,2.7097305774688727,-0.7281950920820236,0.04694098783656954,-0.1390559769992251,-0.10876403599977494,-1.2950671434402465,-2.2863820552825924,0.19555762484669686,-1.4600440144538882,-0.06566224191337822,-0.13593947868794204,-0.11265198960900306,0.36276575482916085,0.24453340470790863,-0.9112084925174713,-0.3134807735681534,-0.5955218955874443,-0.2942505680024624,-0.572586926817894,-0.30783977508544924,0.31368759671458973,-1.3219413340091706,-1.2889679670333862,-0.2364776879549027
2019-08-25 15:00:00,0.09910262040793898,0.5532920449972153,-1.361847007274628,0.018946032738313044,-0.3521469555795193,0.052053876966238,-0.028918875637464203,1.4425169944763183,0.39942402094602575,-1.2147433578968048,-0.19645211473107335,-0.30610603839159006,-1.676076054573059,0.07201366722583769,0.07126192301511763,-12.111091327667237,-0.16252917903475464,-0.17952436134219169,-0.22547663152217864,0.18826675927266476,0.4879700571298599,-0.3346445620059967,-0.287258505821228,-0.5269828316755593,-0.07503770156763494,-0.5541542798280716,2.3156312704086304,-0.3352427750825882,0.23114777430891992,-0.9244834363460541,-0.36403405666351313
2019-08-25 16:00:00,0.05242679007351396,1.764644193649292,-0.8274598300457001,0.3962533861398697,-0.4648206319659948,0.1633355031721294,0.08290545162744818,1.212114119529724,0.18799552656710145,-0.7831144273281098,-0.18369743712246414,-0.10876403599977494,-0.8664322137832642,-0.3772046145051718,-0.08854687903076411,6.28617148399353,-0.16252917903475464,-0.13109671548008917,-0.18786845169961452,0.5721645575016737,0.4068244367837906,-0.5470628380775452,-0.2774252071976661,-0.5955218955874443,-0.31331253945827486,-0.4619909882545472,0.8581472218036652,-0.035736454534344354,0.08015300398692488,-0.9244834363460541,-0.30025582760572433
2019-08-27 14:00:00,0.05242679007351396,-0.9130811572074891,0.5975724250078202,0.1447151482105255,-0.248140334058553,-0.5414481535553932,-0.3643918834626675,-0.5159041345119477,-0.5520045816898346,0.17975001577287913,-0.25384826287627227,-0.10876403599977494,0.5623511612415314,-0.6018138498067855,0.33760991469025614,-12.111091327667237,0.757706768810749,-0.19889542534947394,-0.07504375763237475,-0.37013007588684566,0.1633878797292709,0.15088299326598642,-0.3626476190984249,-0.5480716831982135,0.12511321455240249,-0.7753463417291642,2.3156312704086304,0.8128648281097413,-0.20026588067412376,-2.503915762901306,-0.12486580871045591
2019-08-27 15:00:00,0.03686818240093997,-0.3392829045653344,1.5772823572158814,0.45913798809051515,-0.3001436647027731,-0.3930726174265146,-0.23393010022118688,-1.4375140666961668,-0.5872425705194473,0.11334547102451324,-0.18369743712246414,-0.04298337325453754,-0.05678831078112125,-0.7702707797288896,0.37312296852469445,-8.23798327445984,0.27337204385548824,-0.20373819582164288,-0.07504375763237475,-0.24798077438026667,0.1633878797292709,0.09019205728545787,-0.3528142049908637,-0.5797052040696145,-0.008320723334327321,-0.7016156733036041,0.8581472218036652,0.6131939455866814,-0.2865485809743405,-2.503915762901306,-0.10892123896628614
2019-08-29 12:00:00,0.021309572603786336,0.2982707038521767,0.06318533928133546,0.6477916598320007,-0.28280924260616314,-0.893840092420578,-0.5321281909942627,2.8249317169189454,-1.327242648601532,0.8105921983718872,-0.41328204423189163,0.022797290701419084,-0.6283015608787538,-1.6967834115028382,0.5329317316412926,-14.047644138336182,1.920110148191452,-0.17952436134219169,0.07538912212476132,-0.12583145555108782,-0.3234853595495224,0.3936468154191971,-0.385592019930482,-0.6535164207220078,0.08698924100026487,-1.1071345329284665,4.9391021728515625,0.9626180201768875,-0.9336690723896026,-2.382421159744262,-0.17269946485757826
2019-08-29 13:00:00,0.021309572603786336,0.8083136081695557,0.5975724250078202,-0.5470150440931321,-0.308810842037201,-0.8381990998983383,-0.513490891456604,2.479328083992004,-1.432957077026367,0.8437944740056992,-0.29848971739411356,0.022797290701419084,-1.437945520877838,-1.6687071919441223,0.4796621724963188,-0.49176708459854124,1.4842089891433714,-0.18920988067984582,0.00017267976654689233,0.18826675927266476,0.001096796931233233,-0.031189775653183444,-0.3626476190984249,-0.6640609711408616,-0.14175464790314435,-0.9965384602546692,1.149644124507904,0.5632762923836709,-0.9768104374408721,-2.8684003591537475,-0.2045885667204857
2019-08-29 14:00:00,-0.009807640360668248,0.17076000049710274,1.4882176756858823,-0.4841305136680603,-0.43881903402507316,-0.6898235619068146,-0.47621608376503,3.4009380102157594,-1.3977189421653744,0.9434010535478592,-0.13267860524356362,0.15435861498117448,-1.2950671434402465,-2.0056208014488215,0.12453151643276214,5.317895221710205,0.6124064266681671,-0.17952436134219169,0.00017267976654689233,0.48491510949097566,0.001096796931233233,-0.7594812333583831,-0.3364253126084805,-0.6640609711408616,-0.31331253945827486,-0.8122117549180985,-0.8908333599567413,0.7629470884799958,-0.9552398204803467,-2.503915762901306,-0.15675491392612456
2019-09-02 11:00:00,-0.009807640360668248,-0.02050611728918734,-0.47120180130004885,-1.050091516971588,-0.31747806072235113,-0.7454642951488495,-1.1285244435071944,-1.3223127722740176,0.8222812682390213,-1.1151367843151094,-0.36226326078176496,0.22013929337263108,0.7528556436300278,0.5773842573165894,0.4086360074579717,-25.666969490051276,1.8232431948184966,-0.20858094906434416,-0.03743554074317214,-0.43992968145757916,0.001096796931233233,0.6364105343818665,-0.3888698112219572,-0.39517704769968987,0.12511321455240249,-0.9043750762939453,4.501857304573059,1.1622890055179596,-0.32968998327851295,-3.2328845977783205,-0.18864394500851633
2019-09-02 12:00:00,0.0057509667240083035,-0.2755275502800941,-0.11494370661675928,0.5220225185155869,-0.28280924260616314,-0.7454642951488495,-0.9980627745389938,0.5209070980548859,0.7518049567937852,-1.1815412759780883,-0.2793577007949352,0.08857795633375642,0.27659452706575394,0.5212319940328598,0.3908794671297074,-8.23798327445984,1.0967410564422608,-0.18436710759997366,0.07538912212476132,-0.3177803298458457,-0.24233981519937514,0.09019205728545787,-0.37575866393744944,-0.4162659697234631,0.029803262650966632,-0.8122117549180985,2.898624873161316,0.9127002745866776,-0.17869518771767615,-2.7469052314758304,-0.2364776879549027
2019-09-10 15:00:00,0.05242679007351396,-0.849325829744339,0.15224988684058188,0.5220225185155869,-0.785507468879223,-0.6341827213764191,-0.9980627745389938,5.4745612144470215,1.0689479803666475,-1.9119900941848755,-0.18369743712246414,-0.10876403599977494,-2.438093936443329,-2.3425348401069632,0.1422880440950393,-20.82558460235596,0.031204704591073072,-0.19889542534947394,-0.15026019737124444,0.6594141733832657,0.3256789341568947,-1.6394998550415039,-0.3167585596442223,-0.3899047642946244,-0.6468973875045776,-0.5357216358184814,2.0241347908973695,0.06409901697188616,-1.084663885831833,-1.2889679670333862,-0.06108757909387352
2019-09-10 16:00:00,0.03686818240093997,-1.35936866402626,-0.2930727660655975,-0.7356686830520631,-0.9155157133936882,-0.30033792443573476,-0.9235133975744245,6.165769004821778,0.716566975787282,-1.4139567494392395,-0.17094274759292602,-0.04298337325453754,-2.5333460211753853,-2.5671436667442324,0.01799230948090555,0.4765099465847015,-0.2593961164355279,-0.22310920590534805,-0.07504375763237475,0.8513630961999297,0.1633878797292709,-2.3677910566329956,-0.3036474585533142,-0.4268104359507561,-0.5706494823098183,-0.4066928818821907,2.1698830366134643,0.11401670873165126,-1.0199518710374833,-1.8964417219161986,-0.4118676409125328
2019-09-11 13:00:00,0.05242679007351396,-0.5305490046739578,-0.47120180130004885,0.5220225185155869,-0.41281737834215165,-0.6898235619068146,-0.6439524978399277,3.2857367277145393,2.4784719049930573,-2.542832601070404,-0.23471621647477153,-0.10876403599977494,-1.247441118955612,2.767323446273804,0.4796621724963188,-12.111091327667237,0.757706768810749,-0.1698388479650021,0.07538912212476132,0.03121764191891995,-0.16119427233934402,-0.8505176186561585,-0.3626476190984249,-0.27918777316808696,-0.21800262071192264,-0.8859424293041229,2.3156312704086304,0.663111662864685,-0.11398315876722336,-2.503915762901306,-0.2364776879549027
2019-09-11 14:00:00,-0.009807640360668248,0.1070046209730208,-0.2930727660655975,-0.4841305136680603,-0.4908223042264582,-0.5229011885821819,-0.6253152012825012,4.552950668334961,1.738471621274948,-2.742045974731446,-0.18369743712246414,0.15435861498117448,-1.6284499526023866,0.5773842573165894,0.21331418678164482,-0.49176708459854124,0.12807166296988723,-0.1698388479650021,-0.07504375763237475,0.4151154281105846,0.1633878797292709,-1.0022449731826781,-0.3429809004068375,-0.4215381219983101,-0.22753361314535142,-0.7200483918190004,0.8581472218036652,0.6131939455866814,-0.13555382490158077,-2.382421159744262,-0.39592315554618834
2019-09-11 15:00:00,0.021309572603786336,-0.08426147587597368,-0.11494370661675928,-1.6160525321960448,-0.620830437541008,-0.35597874205559493,-0.6066778481006623,3.0553344249725347,1.3508526489138601,-2.044798994064331,-0.11992390654049814,0.022797290701419084,-2.1523371815681456,-0.882575124502182,0.21331418678164482,-6.301429319381714,-0.2593961164355279,-0.12141118645668028,0.07538912212476132,0.5547147437930107,-0.16119427233934402,-1.032590353488922,-0.33970304504036897,-0.5217105912044645,-0.43721557781100273,-0.6463176220655441,-0.8908333599567413,0.5632762923836709,0.33900123089551926,-2.625410318374634,-0.49159042984247214
2019-09-27 13:00:00,-0.07204207852482795,-0.5943043828010559,0.5085079461336136,0.6477916598320007,0.10721532329916954,-0.8011051565408707,0.21336713880300517,-2.5895264148712154,-0.5520045816898346,-0.019463337026536492,-0.28573502078652385,0.48326185047626496,1.3719951272010804,0.07201366722583769,0.4619055874645709,-13.079368591308594,0.9998741835355759,-0.1940526474267244,0.26343020536005496,-0.6493284929543733,-0.7292129904031753,1.2736654341220854,-0.35609198808670045,-0.7378722161054612,0.3157331489026546,-0.7200483918190004,3.481618070602417,0.663111662864685,-0.15712452828884124,-2.01793657541275,-0.1408103171736002
2019-09-27 15:00:00,-0.18095230516046287,0.6808028757572175,-0.2930727660655975,0.270484246313572,-0.1701354752061889,-0.4487134464085103,0.4742905855178833,-2.359124302864075,-1.3977189421653744,0.5117722166702153,-0.12630126613657922,0.9437265515327453,0.5147250637412071,-1.2194889962673188,0.16004456132650374,-17.920754051208498,0.12807166296988723,-0.17468156591057776,0.2258219975978136,-0.3352303111925721,-0.5669219076633454,0.15088299326598642,-0.3265919514000416,-0.8064112216234207,0.08698924100026487,-0.6278849810361863,0.27515375316143037,0.11401670873165126,-0.027700414648279513,-1.774946975708008,-0.3321449413895607
2019-10-01 12:00:00,0.03686818240093997,-0.7218150913715363,0.6866370111703873,-0.23259227722883224,-0.05746169798076153,-0.8752930134534835,-0.38302912935614586,-3.165532755851746,0.08228115094825625,-1.0487322866916657,-0.38139534592628477,-0.04298337325453754,1.6101256549358367,-0.7702707797288896,0.35536643937230106,-22.762139892578126,1.8232431948184966,-0.21826649624854327,0.11299733612686395,-0.596978822350502,-0.4046309068799019,0.9095197737216949,-0.3233141958713532,-0.5533439956605436,0.22995419055223465,-0.7384810119867324,4.9391021728515625,0.21385216303169727,-0.3728313639760017,-1.0459783554077149,-0.2843112871050836
2019-10-01 13:00:00,0.021309572603786336,-1.1681025981903077,0.6866370111703873,-0.4841305136680603,-0.048794525070115925,-0.8196521103382111,-0.2898422945290804,-2.4743251800537114,0.01180511880666019,-0.4842945337295532,-0.29848971739411356,0.022797290701419084,1.0386123836040497,-0.9948797166347504,0.37312296852469445,-6.301429319381714,1.2420415997505188,-0.15531053543090817,-0.03743554074317214,-0.6318786412477494,0.08224233053624627,0.4239922553300858,-0.3134807735681534,-0.6113386496901512,0.1155822217464447,-0.5910196095705033,2.4613795280456547,0.014181280508637433,-0.2649779461324215,-0.8029887020587921,-0.17269946485757826
2019-10-01 14:00:00,0.03686818240093997,-0.5305490046739578,0.15224988684058188,0.5220225185155869,-0.12679938413202768,-0.6712767273187638,-0.047556232288479786,-1.4375140666961668,-0.3053378257900477,-0.41789001822471616,-0.190074759721756,-0.04298337325453754,0.7528556436300278,-1.5002502799034119,0.42639260515570643,-0.49176708459854124,0.6124064266681671,-0.18920988067984582,0.00017267976654689233,-0.42247972507029774,0.001096796931233233,0.059846560610458274,-0.3003696635365486,-0.6640609711408616,0.1346442328998819,-0.4435581952333451,-0.01634297594428059,-0.08565416410565375,-0.3944019883871078,-0.3170096084475517,-0.2045885667204857
2019-10-01 15:00:00,0.021309572603786336,0.4257814198732376,-0.204008249938488,-0.42124592661857607,-0.3434797309339047,-0.4858072638511658,-0.028918875637464203,-1.2071116030216218,-0.7634331256151199,-0.11907001957297322,-0.08165981862694023,0.022797290701419084,0.3242206387221813,-1.8371639132499695,0.26658378094434737,5.317895221710205,-0.21096266098320476,-0.17952436134219169,-0.03743554074317214,-0.3177803298458457,0.08224233053624627,0.1205375177785754,-0.29381409138441084,-0.679877656698227,0.02027227263897659,-0.35139490813016894,-0.8908333599567413,-0.2853250652551651,-0.5885382026433945,-0.43850435614585875,-0.17269946485757826
2019-10-01 16:00:00,0.021309572603786336,-1.1043472409248352,0.24131439998745918,0.2075997084379196,-0.4821551095694304,-0.2632440492510796,0.02699332479387521,-1.0919102787971497,-1.151052224636078,0.31255887672305105,-0.04339569732546803,0.022797290701419084,0.22896842807531356,-2.1740778923034667,0.10677497554570436,8.222725629806519,-1.034331637620926,-0.18920988067984582,0.00017267976654689233,-0.16073121875524515,0.001096796931233233,-0.24360819011926652,-0.28070292472839353,-0.6693331211805343,-0.03691369406878945,-0.2960969239473343,-1.7653236627578734,-0.2354073490947485,-0.6748209178447724,-0.07402006462216375,-0.17269946485757826
2019-10-02 12:00:00,-0.009807640360668248,0.8083136081695557,0.5975724250078202,-0.8614377975463867,0.08121367394924164,-0.8752930134534835,-0.047556232288479786,-2.935130381584167,0.22323370873928075,-0.5506988823413849,-0.3495085746049881,0.15435861498117448,1.8006301999092102,2.0934959650039673,0.26658378094434737,-14.047644138336182,1.726376336812973,-0.21342371096834536,0.03778089865518265,-0.9983266800642013,-0.16119427233934402,1.6985021710395813,-0.35609198808670045,-0.5058938384056091,0.439636093378067,-1.1071345329284665,3.773115134239198,0.5632762923836709,0.18800639882683753,-2.01793657541275,-0.2364776879549027
2019-10-02 13:00:00,0.021309572603786336,-0.14801682457327842,0.5085079461336136,-0.3583614051342011,0.04654481932520865,-0.8381990998983383,0.08290545162744818,-2.013520336151123,0.2584715664386749,-0.6171034187078476,-0.24747093692421912,0.022797290701419084,0.9433601021766662,1.5881255269050596,0.24882725700736047,-1.4600440144538882,0.9998741835355759,-0.1698388479650021,0.07538912212476132,-0.7016782648861408,-0.16119427233934402,1.0915927350521089,-0.3364253126084805,-0.5586162246763706,0.33479509428143506,-0.9412403523921966,1.149644124507904,0.41352306455373766,0.3174305304884911,-1.5319576025009156,-0.15675491392612456
2019-10-02 14:00:00,0.021309572603786336,-0.2755275502800941,0.7757014870643616,-0.3583614051342011,0.020543194562196727,-0.708370566368103,0.21336713880300517,-0.9767091572284698,-0.12914746422320605,-0.6503056526184082,-0.13267860524356362,0.022797290701419084,0.5623511612415314,0.9142979741096496,0.21331418678164482,9.191003799438477,0.22493859976530076,-0.1940526474267244,0.00017267976654689233,-0.3875799966976047,0.001096796931233233,0.7577924579381944,-0.3265919514000416,-0.6113386496901512,0.17276821713894602,-0.7200483918190004,-0.7450849533081054,0.21385216303169727,0.44685459285974505,-0.19551490470767022,-0.17269946485757826
2019-10-02 15:00:00,-0.040924855368211846,0.17076000049710274,0.4194433718919754,0.3962533861398697,-0.11813222207128997,-0.4487134464085103,0.1574549835175276,-1.0919102787971497,-0.44629027247428904,-0.2850811667740345,-0.04977305196225642,0.2859199419617653,0.133716189302504,0.8581457257270813,0.08901843638159333,8.222725629806519,-0.6468638777732849,-0.18920988067984582,0.00017267976654689233,-0.24798077438026667,0.001096796931233233,0.24191940277814866,-0.3134807735681534,-0.6482442080974579,0.0012102818116545952,-0.5357216358184814,-2.348317325115204,-0.3352427750825882,0.5115666344761849,-0.6814938664436341,-0.2205331042408943
2019-10-02 16:00:00,-0.13427648935467001,0.617047518491745,-0.11494370661675928,-0.7985532939434051,-0.29147646725177767,-0.1705093407072127,0.32519145905971536,-0.9767091572284698,-0.7986713051795961,0.013738892972469307,0.020377802848815886,0.6806039392948151,0.18134224493987855,0.9704502522945404,-0.01752075571566818,14.03238821029663,-1.2764990508556366,-0.17468156591057776,0.15060555152595043,-0.09093167288228866,-0.3234853595495224,-0.3042990669608116,-0.2774252071976661,-0.6956943154335022,-0.07503770156763494,-0.4251255959272385,-2.202568876743317,-0.13557187765836715,0.3174305304884911,0.047474731283728,-0.2364776879549027
