,SHAP_OX_01,SHAP_TEMP_01,SHAP_HUM_01,SHAP_OX_03,SHAP_TEMP_04,SHAP_TEMP_03,SHAP_OX_17,SHAP_TEMP_05,SHAP_SPM_01,SHAP_WS_01,SHAP_TEMP_24,SHAP_OX_18,SHAP_OX_16,SHAP_TEMP_17,SHAP_SPM_14,SHAP_TEMP_06,SHAP_TEMP_18,SHAP_OX_21,SHAP_HUM_06,SHAP_OX_19,SHAP_OX_04,SHAP_OX_20,SHAP_TEMP_07,SHAP_SPM_13,SHAP_TEMP_20,SHAP_OX_15,SHAP_OX_09,SHAP_TEMP_19,SHAP_OX_02,SHAP_HUM_02
2019-04-06 11:00:00,-5.478505229949951,-26.187999534606927,3.5147338628768923,-0.8381336495280266,5.6187291741371155,9.516375398635864,0.060472959280014046,4.346242588758469,-0.9965106904506683,-0.20977775007486343,3.0660057187080385,0.16268998011946678,0.3109628640115262,-5.692177963256837,1.2158375263214107,2.225073853135109,-4.317013478279114,-1.059347748756409,-0.773356220126152,0.5638854429125786,-0.9812119036912919,0.21991577222943307,4.855525779724121,0.8860021889209747,-0.09174171653576196,0.3966357928700745,-4.70997383594513,-1.5534567542374134,0.26628277339041234,-0.6823426730930806
2019-04-06 12:00:00,-3.689640021324158,-22.482233428955077,3.872645401954651,-0.8525266125798225,4.418856167793274,7.9010009765625,-0.014163474272936604,3.626257675886154,-0.7170117765665055,0.9532065309584141,1.8414402425289154,0.12747954204678535,0.3109628640115262,-6.135597848892212,1.1268261909484862,2.158651202917099,-4.77208001613617,-0.9642078310251236,-0.7338301822543144,0.497845087852329,-0.4243918314576149,0.16697318363003433,4.640271735191345,0.8860021889209747,0.029492925107479095,0.3966357928700745,-5.610294270515443,-1.7380169086158275,-0.7261202514171601,-0.6823426730930806
2019-04-06 13:00:00,-0.11190782623452836,-20.48682060241699,4.05160083770752,-0.9388839185237885,3.518951487541199,6.716393756866455,-0.014163474272936604,2.8262752056121827,-0.5772622764110565,0.08096828237175942,2.022857296466827,0.09226914048194887,0.3109628640115262,-6.431211805343628,1.1268261909484862,1.8597508877515794,-5.113379430770874,-1.059347748756409,-0.6877163112163543,0.4318047218024731,-0.3448462292551994,0.06108797788619995,4.4680678129196165,0.8099234163761139,0.18379150182008744,0.45386620834469793,-5.010080456733704,-1.8434798553586007,-1.2223216414451599,-0.7016419749706984
2019-04-06 14:00:00,2.8695354580879213,-20.48682060241699,3.872645401954651,-0.9820626735687256,2.8590210080146785,5.316402649879455,-0.014163474272936604,2.2262882709503176,-0.29776329756714404,-0.7912698805332183,2.3856916010379794,0.09226914048194887,0.17845652345567942,-6.874631309509278,1.0378149092197417,1.527638745307922,-5.34091272354126,-1.249627298116684,-0.661365743726492,0.36576437978073956,0.1324282854795456,-0.04479725435376168,3.6931527733802794,0.8860021889209747,0.2719618838280439,0.5110966566950083,-3.6595997333526613,-1.9225770443677903,-2.214724802970886,-0.7112916968762873
2019-04-18 15:00:00,-0.11190782623452836,-12.50516700744629,1.7251768589019776,-1.0972061187028883,1.059211626648903,2.731804096698761,-1.0590732723474503,0.9463161706924439,-1.9747572660446164,-1.663508152961731,4.290570914745331,-0.43588688410818577,-0.7490881532430649,-8.057084465026856,1.3048488855361935,1.0460762202739715,-6.592344188690186,-2.1058854937553404,-0.786531512439251,-0.5918210547417402,0.6892484338954091,-0.8389365408569575,2.358576738834381,1.1142385065555573,0.525452607870102,0.8544792771339417,-0.05831690244376655,-2.2257830917835237,-2.3801252841949463,-0.7209413968026638
2019-04-19 10:00:00,-9.652526378631592,-21.05693836212158,-0.6012470573186874,-0.43513220319291585,5.198773980140685,9.085609245300294,0.8814735472202301,3.7862544119358064,-1.415759068727493,-1.0820160031318666,2.9752971231937413,0.4619783729314804,0.7526508327573538,-5.100951242446899,1.4828716039657592,2.0258065521717072,-3.463764762878417,0.27260952442884445,-0.9446360141038894,1.0261680126190185,-3.6062211990356445,0.8552270591259002,3.82230544090271,0.9620809674263,-0.3121682660654187,0.3203285291790962,-3.359493017196654,-1.3425308141857386,3.408892273902893,-0.35425460785627366
2019-04-19 11:00:00,-4.2859281539917,-18.49140739440918,0.47248711436986923,-0.5790612794458866,4.178881430625916,6.608701992034912,0.3590186655521393,3.3462639927864073,-1.2760097205638883,-1.3727621674537658,2.567108583450317,0.5147939771413803,0.48763806074857713,-5.839984941482544,1.2158375263214107,1.9261731028556823,-4.317013478279114,0.17746969629079104,-0.9512235730886459,1.0591883063316345,-2.65167248249054,0.9081696450710297,4.123661613464355,0.8099234163761139,-0.14684835448861125,0.45386620834469793,-2.009011912345886,-1.5402740113437177,0.4316833421587945,-0.46040076203644276
2019-04-22 10:00:00,-12.633970260620115,-19.061524391174316,-2.032892346382141,-0.4927039198577404,3.6389385938644407,7.039468288421631,0.43365507274866105,2.786276260018348,0.5407336667180062,0.9532065309584141,3.4288401663303376,0.37395235002040866,0.7526508327573538,-4.066304993629456,-0.47537790387868883,1.5608498215675355,-2.781165611743927,0.46288907825946807,-0.9907497614622116,0.8940872699022293,-3.049400973320008,0.8022844940423965,2.8321363568305973,-0.6355734124779702,-0.21297626793384555,0.33940532580018046,-1.408797937631607,-1.355713775753975,2.7472903609275816,-0.3156559236347675
2019-04-22 11:00:00,-4.2859281539917,-13.645402908325195,-1.317069858312607,-0.6366329431533814,3.0390021741390227,5.424094247817993,0.3590186655521393,2.3062867760658263,0.5407336667180062,-0.5005238354206085,3.156714403629303,0.30353157073259357,0.44346923679113387,-4.361918187141418,-0.6534006386995316,1.5110329627990722,-3.520647954940796,0.0823298846837133,-0.9907497614622116,0.8940872699022293,-2.33348947763443,0.6963992089033126,2.918237793445587,-0.026943174516782166,-0.135826950520277,0.5683270931243897,-1.1086908996105194,-1.3820795491337774,1.258685812354088,-0.3832036070525647
2019-04-22 13:00:00,4.062112665176391,-7.089045429229737,0.6514427721500397,-0.9676697969436645,1.3591797731816768,1.9779628038406372,-0.3500273164361716,1.3063084882684053,0.4009841099381447,-0.7912698805332183,2.204274392127991,0.1450847025960684,-0.48407536558806896,-5.02704803943634,0.3257241562008858,1.1457098394632341,-3.918830800056457,-0.10794970896095035,-0.9182851046323777,0.6959662035107612,-0.8221204504370689,0.4846287647262216,2.2724751472473144,0.2012931875884533,0.029492925107479095,0.7590953156352043,0.39184339642524724,-1.6061883425340056,-2.214724802970886,-0.47970002312213184
2019-04-22 14:00:00,8.236133432388305,-4.238454914093017,0.6514427721500397,-1.0684201538562774,0.2193004418164492,1.0087385028600693,-0.6858912169933319,0.7863196607679128,0.4009841099381447,-1.663508152961731,2.158920204639435,-0.06617770269513128,-0.5282441593706608,-5.396564960479738,0.3257241562008858,0.8966258615255356,-4.260130500793457,-0.4885088875889778,-0.8853468358516693,0.46482489928603166,0.29151976145803926,0.37874355018138883,1.8419667005538944,0.2012931875884533,0.07357813417911534,0.7590953156352043,0.8420038901269435,-1.6457367894705386,-3.372528386116028,-0.5279482990503311
2019-05-10 09:00:00,-18.000568294525145,-16.210935497283934,2.0830883145332333,-0.23363175988197335,6.038684844970703,9.516375398635864,-0.05148166790604589,4.146246796846389,-2.1145066559314727,0.08096828237175942,2.929943007230759,0.03945350670255723,0.3109628640115262,-3.696788120269775,1.5718830168247222,2.0258065521717072,-3.293115043640136,-2.201025003194809,-0.9446360141038894,0.2667037919163704,-4.083495712280273,-0.5212808161973954,3.607051467895508,1.1142385065555573,-0.03663505241274836,0.47294299863278866,-0.3584237955510617,-1.4875424720346928,6.551502227783203,-0.44110144302248955
2019-05-10 10:00:00,-6.074794435501099,-10.794813537597658,3.872645401954651,-0.30559608805924654,4.418856167793274,5.6394776821136485,-0.014163474272936604,3.9062520623207093,-1.835007506608963,0.37171436618082226,3.0660057187080385,0.07466393755748868,0.1342876862734556,-3.9184982776641846,1.3938603103160856,2.0756235778331757,-3.2362318992614747,-2.2961649417877195,-0.9578112840652466,0.2667037919163704,-3.7653131246566773,-0.30951043516397486,4.123661613464355,1.1142385065555573,-0.025613827258348442,0.5110966566950083,-0.3584237955510617,-1.5007253631949427,2.7472903609275816,-0.6051454771310091
2019-05-10 11:00:00,0.4843809658661485,-8.51434063911438,4.230556797981262,-0.6366329431533814,2.259084689617157,2.9471873402595516,-0.16343631818890572,2.8262752056121827,-1.2760097205638883,-0.20977775007486343,3.020651406049728,0.09226914048194887,0.045950137078762034,-4.5836280345916744,1.3938603103160856,1.9759900003671647,-3.406881260871887,-1.9156056225299836,-0.9512235730886459,0.3327441491186619,-3.3675844430923463,-0.30951043516397486,4.252814054489136,0.8099234163761139,-0.014592448621988297,0.7209416575729847,-0.2083703700453043,-1.4875424720346928,-0.5607197403907775,-0.7016419749706984
2019-05-10 12:00:00,4.658400964736939,-3.6683368921279906,4.230556797981262,-0.9244910299777984,0.7592432230710984,0.9010468155145646,-0.23807268836535514,1.386306654289365,-0.9965106904506683,0.08096828237175942,2.7938799381256105,0.021848333254456526,-0.43990660505369306,-5.618274593353272,1.0378149092197417,1.527638745307922,-3.918830800056457,-1.9156056225299836,-0.9051098048686981,0.36576437978073956,-1.5380321860313417,-0.20362519994378095,3.9945090293884276,1.0381597459316254,-0.025613827258348442,0.9689401686191559,0.6919503979384901,-1.527091282606125,-2.3801252841949463,-0.7209413968026638
2019-05-10 13:00:00,10.02499942779541,-4.523514461517334,4.9463791847229,-1.0828130662441253,-0.38063610568642614,0.03951387479901314,-0.6485729932785034,0.38632831182330846,-0.9965106904506683,-0.5005238354206085,2.884588515758515,-0.013362085074186325,-1.0141008585691451,-6.505114269256592,1.3048488855361935,0.9298371240496636,-4.715196251869202,-1.7253261625766754,-0.7997070387005806,0.23368362486362457,0.05288253277540209,-0.15068249143660073,2.8321363568305973,0.9620809674263,0.007450185716152169,0.9880169987678528,1.4422174364328382,-1.6457367894705386,-3.5379287958145142,-0.7209413968026638
2019-05-10 14:00:00,11.21757698059082,-2.8131600856781005,4.767423939704896,-1.1835634268820285,-0.8605853743851185,-1.7912428259849549,-1.1337097376585006,-0.37365522608160984,-0.7170117765665055,-1.663508152961731,2.929943007230759,-0.20701929079368714,-1.0582697093486786,-6.5790173530578615,1.2158375263214107,0.5146972239017487,-5.39779577255249,-1.6301864445209504,-0.6877163112163543,0.16764321052469316,0.927885553240776,-0.36245284080505374,1.2823056876659396,0.9620809674263,0.10664214193820953,1.02617067694664,1.5922710329294207,-1.830297154188156,-5.026533699035644,-0.7595399238169194
2019-05-10 15:00:00,8.236133432388305,-5.948809432983397,3.335778260231018,-1.313099506497383,-1.8804775834083558,-1.468168270587921,-1.171028059720993,-0.6936483085155488,-0.7170117765665055,-2.535746550559998,2.9752971231937413,-0.43588688410818577,-1.1466073125600815,-6.726824378967285,1.2158375263214107,0.1991907585412264,-5.4546788215637205,-2.010745567083359,-0.6218394885770977,-0.19557885304093361,1.4847056671977046,-0.4683381706476212,0.20603461600840087,1.1142385065555573,0.2609408769756556,0.9689401686191559,0.9920573074370622,-1.9884914129972457,-5.3573345184326175,-0.7498902894556523
2019-05-10 16:00:00,8.83242244720459,-7.089045429229737,3.872645401954651,-1.3418854564428329,-1.700496608018875,-2.114318096637726,-1.2456643164157866,-1.373633700609207,-0.43751278072595595,-3.407984399795532,2.929943007230759,-0.45349213778972625,-1.0141008585691451,-6.505114269256592,1.3938603103160856,0.06634603142738345,-5.5684458971023565,-2.201025003194809,-0.6086641369387509,-0.6248412504792213,2.200617390871048,-1.0507069904357194,-0.6119314331561327,1.1142385065555573,0.3931966632604599,0.9689401686191559,0.24179000034928322,-2.001674345135689,-4.530332016944887,-0.6726930847391486
2019-05-10 17:00:00,14.19901990890503,-9.369517803192139,3.1568226814270015,-1.2699209153652193,-2.060458278656006,-0.9297103222459555,-1.1337097376585006,-1.2536363780498505,-0.43751278072595595,-1.3727621674537658,3.0660057187080385,-0.488702542334795,-1.0141008585691451,-7.170244741439819,1.3938603103160856,-0.21594917513430117,-5.39779577255249,-3.247562754154205,-0.6086641369387509,-0.6578614875674248,2.3597090244293213,-1.7389607548713684,-0.9563381671905518,1.1903173208236695,0.4042179584503174,0.9880169987678528,-3.2094393014907836,-2.0280399054288862,-4.695732617378235,-0.7016419749706984
2019-05-10 18:00:00,13.602731418609618,-13.930462265014649,2.0830883145332333,-1.284313789010048,-1.4005281090736388,-0.4989441309124231,-1.1337097376585006,-1.4936309576034545,-0.7170117765665055,-1.3727621674537658,3.474194222688675,-0.43588688410818577,-1.0582697093486786,-7.9092779636383055,1.4828716039657592,-0.16613233610987665,-5.909745717048645,-4.484380328655243,-0.5823134302161634,-0.7239017613232136,1.9619800746440887,-1.7919035434722907,-1.68820281624794,1.2663961052894592,0.42626062631607053,1.1024780273437498,-6.210508728027344,-1.9884914129972457,-6.1843369007110605,-0.6630433050915598
2019-05-11 08:00:00,-20.385721969604493,-23.337410354614256,-0.42229142338037484,-0.37756053768098374,4.59883725643158,9.193300151824952,1.2546557575464248,3.0662704050540928,-0.43751278072595595,0.37171436618082226,2.3403372049331663,0.6732408076524734,2.2102210402488707,-0.3711390346288681,0.6817694872617721,1.4612161725759505,-0.4489516632631421,0.9385880451649428,-0.8721715942025184,1.6205313324928283,-2.2539437413215637,1.755251371860504,2.4016277909278867,0.657765907049179,-0.620765483379364,-0.40459053721278915,-6.0604556798934945,-0.69657042324543,5.228298139572145,-0.3928532358258962
2019-05-11 09:00:00,-10.248815250396728,-17.92128973007202,1.5462212920188902,-0.42073934944346547,4.238875257968903,7.577926063537598,1.5905196011066436,2.946272721886635,-0.43751278072595595,0.662460431456566,1.4786059081554417,0.6908459782600402,2.1660521626472473,-0.9623655134811997,0.8597921848297119,1.6272722095251084,-0.6764847636222839,1.794846235215664,-0.8787590309977531,1.4554304301738736,-2.969855308532715,1.8611366510391236,2.6599327325820923,0.5816870927810669,-0.6868933245539666,-0.2901296272873878,-4.634947061538695,-0.8415819577872753,3.408892273902893,-0.4700503702275455
2019-05-11 10:00:00,2.2732468783855437,-13.075286293029786,1.9041326999664308,-0.5790612794458866,3.3389703035354614,5.6394776821136485,1.5532013088464738,2.7062778562307352,0.12148518599569795,0.9532065309584141,1.1157716631889345,0.8492928072810173,1.9010393500328064,-2.1448187112808226,0.7707808852195741,1.5774553030729295,-1.1315508067607882,1.9851257234811786,-0.858996006846428,1.488450562953949,-2.731218099594116,1.5964237332344058,3.090441250801087,0.42952951565384867,-0.5656587909907104,-0.1375151209533215,-3.2094393014907836,-0.89431342035532,0.5970837838947773,-0.5761965669691562
2019-05-11 11:00:00,10.621288490295411,-8.51434063911438,2.0830883145332333,-0.8237407475709915,2.259084689617157,3.593336892127991,1.329292052984238,2.1062910124659537,-0.15801382809877396,0.37171436618082226,0.34474902674555785,0.8316875651478768,1.54768916964531,-3.17946527004242,0.5927581429481507,1.477821946144104,-2.041683113574982,1.5094268247485159,-0.8655837848782539,1.7856322348117828,-1.8562150955200196,1.6493662834167477,2.96128888130188,0.2773719491437078,-0.5215734988451005,-0.09936142191290856,-1.7089048266410827,-0.999776366353035,-2.8763267993926993,-0.5954958591610193
2019-05-11 12:00:00,15.987887382507324,-5.093632292747498,3.335778260231018,-1.125991715490818,1.119205144047737,1.7625797748565675,1.0307465076446534,1.386306654289365,-0.15801382809877396,-0.7912698805332183,0.4808118248358369,0.7260563582181931,1.4593516305088996,-3.696788120269775,0.4147354900836945,1.2287378817796708,-2.8380486369132996,1.604566515982151,-0.8326454419642687,1.752612060308456,-0.5039376080036163,2.1258499026298523,2.702983546257019,0.5816870927810669,-0.4334028989076614,0.01509942187112756,-1.7089048266410827,-1.210702268779278,-5.191934084892273,-0.6051454771310091
2019-05-11 13:00:00,17.180463981628417,-3.383278012275695,3.335778260231018,-1.3274924457073212,0.09931327253580095,0.03951387479901314,0.9561100602149963,0.6263230815529823,-0.5772622764110565,-1.0820160031318666,0.20868605077266694,0.5852147877216339,1.1943387553095817,-4.288014769554138,0.7707808852195741,0.9298371240496636,-3.2362318992614747,2.460824692249298,-0.7799439564347267,1.5544909596443177,1.166522797197103,2.0729072213172914,2.0572209239006045,0.5056083112955092,-0.2570615942124278,0.1295603085309267,-1.8589583039283752,-1.3952622808516026,-6.680538511276245,-0.6726930847391486
2019-05-17 13:00:00,-6.074794435501099,-7.374104642868042,1.367265558242798,-0.7805620067287237,0.9392242424190045,1.2241217970848084,-0.4619820017600432,0.5063257589936256,-2.394005501270294,-2.535746550559998,1.4332517087459562,-0.1542036969214678,-0.26323139513842764,-4.288014769554138,1.4828716039657592,0.7637810498476029,-3.1793486356735228,-0.7739282608032227,-0.9314606130123139,0.13462303727865219,-1.0607579588890075,-0.09773987907683479,1.6697633385658264,0.9620809674263,-0.21297626793384555,0.7209416575729847,1.7423245519399644,-1.3952622808516026,0.7624843303114176,-0.5182986631989479
2019-05-23 11:00:00,-1.304485061764717,-8.799399518966675,2.9778667688369755,-0.6222400113940239,1.419173612073064,1.7625797748565675,-0.08879986554384231,1.6663004152476784,-1.3615706443786624,-0.7912698805332183,1.7507315874099731,0.4267679899930954,-0.39573778174817564,-3.2533684968948364,1.268517881631851,1.477821946144104,-2.212332940101624,-0.20308951549232007,-0.9512235730886459,0.8940872699022293,-2.8107640743255615,0.7493418902158737,3.047390353679657,0.9838177978992462,-0.3893176734447479,0.7018647998571396,1.2921641036868095,-1.1316051095724107,-1.0569212973117827,-0.643744093272835
2019-05-23 12:00:00,0.4843809658661485,-5.948809432983397,2.6199556589126587,-0.9676697969436645,0.09931327253580095,0.7933550864458084,-0.6112547919154168,0.8263187249656767,-1.3187901258468628,0.37171436618082226,1.7053772985935212,0.05705874415580185,-0.39573778174817564,-4.066304993629456,1.2412693500518799,1.0460762202739715,-2.8949321508407593,-0.012809887342155013,-0.8853468358516693,0.9931478321552276,-1.6175779104232788,0.6963992089033126,2.702983546257019,0.9605282545089722,-0.3231896735727787,0.8163257330656052,1.2921641036868095,-1.2502508059144022,-1.883923840522766,-0.6533937701024115
2019-05-23 13:00:00,2.2732468783855437,-4.238454914093017,2.9778667688369755,-1.0396343797445298,-0.44062973782420156,0.14720562398433684,-0.6112547919154168,-0.05366209023632109,-1.2760097205638883,0.08096828237175942,1.4332517087459562,-0.18941410221159455,-0.6607505455613136,-4.509724855422974,1.214020997285843,0.6973587475717068,-3.520647954940796,-0.10794970896095035,-0.8062946788966656,0.2997239660471678,0.29151976145803926,0.8552270591259002,1.5836615622043608,0.9372389197349549,-0.2239977050572634,0.930786719918251,1.4422174364328382,-1.4084452725946903,-2.3801252841949463,-0.6340944709256291
2019-05-23 14:00:00,6.447268199920655,-1.9579827368259426,2.798911285400391,-1.0828130662441253,-0.8005916401743889,-0.9297103222459555,-0.8351641356945038,-0.4136544592678547,-1.1362600922584534,0.08096828237175942,1.1611260175704958,-0.18941410221159455,-0.9257632791996002,-4.953144907951356,1.1867726385593413,0.3320355609059334,-3.8619475841522215,0.17746969629079104,-0.700891661643982,-0.1625586159527302,0.6892484338954091,-0.2565677136182785,0.6795938432216644,0.9139495134353638,-0.09174171653576196,1.0643243134021758,1.1421106383204458,-1.5534567542374134,-2.8763267993926993,-0.6533937701024115
2019-05-23 15:00:00,10.02499942779541,-2.8131600856781005,2.6199556589126587,-1.125991715490818,-1.4005281090736388,-1.5758599758148195,-1.0590732723474503,-0.6536491565406323,-0.856761246919632,-3.1172387123107907,1.4332517087459562,-0.2950452925637364,-1.2349449038505553,-5.396564960479738,1.1595243275165559,0.18258519815281032,-4.203247165679931,-1.8204659640789032,-0.661365743726492,-0.1625586159527302,0.927885553240776,-0.9977643953636287,-0.26752481460571287,0.8906600654125214,0.029492925107479095,1.0738628029823303,0.6919503979384901,-1.6325540594523773,-4.034130644798279,-0.643744093272835
2019-05-24 09:00:00,-16.807990264892577,-12.220108127593996,0.11457571648061274,-0.37756053768098374,3.518951487541199,5.747168970108032,1.3666102826595306,2.5062822639942164,-1.415759068727493,0.9532065309584141,1.4332517087459562,0.8140824027359486,1.371013879776001,-0.4450423687696457,0.9488035857677459,1.3615827411413193,-0.10765206962823867,0.5580288365483284,-0.9314606130123139,1.5544909596443177,-3.128946852684021,1.4375960290431977,2.1002717852592467,0.7338446140289305,-0.7199574422091246,0.0723299115197733,-2.009011912345886,-0.69657042324543,4.566696214675903,-0.4507510647177696
2019-05-24 10:00:00,-9.056237173080444,-7.6591637134552,1.1883098781108858,-0.47831093370914457,2.319078201055526,4.024103474617005,0.8814735472202301,2.2262882709503176,-1.1362600922584534,1.2439525455236433,1.1611260175704958,0.7436616219580173,1.0618324115872384,-1.5535921752452853,0.9488035857677459,1.3947940677404405,-0.7333679974079133,1.224007485806942,-0.9314606130123139,1.7195919811725617,-2.969855308532715,1.755251371860504,2.4016277909278867,0.42952951565384867,-0.6868933245539666,0.1867907427251339,-1.558851456642151,-0.7624846599996091,2.41648930311203,-0.4989992842078209
2019-05-24 11:00:00,1.0806696116924286,-1.1028057564049956,1.7251768589019776,-0.6654188096523286,1.3591797731816768,1.4395048916339876,0.6202461279928685,1.4263057738542553,-1.1362600922584534,-1.0820160031318666,0.7075832292437554,0.5147939771413803,0.7968196244910359,-2.8099484920501707,0.5927581429481507,1.2785545498132704,-1.5866171598434449,1.794846235215664,-0.9380482107400894,1.5875111639499666,-2.4130353331565857,2.0199646592140197,2.4877293586730955,0.5816870927810669,-0.6317867502570153,0.2249444082379341,-1.558851456642151,-0.9074963659048081,0.26628277339041234,-0.556897246837616
2019-05-24 12:00:00,7.639844751358032,2.602961838245392,4.05160083770752,-0.8525266125798225,-0.08066790029406548,-0.28356089740991597,0.39633691906929014,0.7863196607679128,-1.2760097205638883,0.08096828237175942,0.4354574635624885,0.39155755043029783,0.708482026681304,-3.475078463554383,0.7707808852195741,0.9464427277445793,-2.553632414340973,2.270544996857643,-0.8458207286894321,1.158248805999756,-1.378940725326538,1.8081940412521362,2.1863733887672425,0.5816870927810669,-0.5105522021651268,0.2630980804562569,-1.1086908996105194,-1.105239325761795,-2.545525622367859,-0.5858461905270815
2019-05-24 13:00:00,7.043556261062622,3.173079800605774,4.9463791847229,-1.0972061187028883,-1.040566374361515,-2.7604673385620115,0.32170041799545285,-0.1736595505848527,-1.415759068727493,-2.2450001358985903,0.07262321673333642,0.2859263449907303,0.6201444581151009,-3.62288498878479,0.7707808852195741,0.6807531271129846,-3.065581774711609,1.8899859607219696,-0.7931193143129349,0.9271075040102005,-0.3448462292551994,1.1199401497840884,1.3253565013408661,0.2012931875884533,-0.34523222371935847,0.3584821201860905,-1.2587445378303528,-1.3293481167405847,-4.364931321144104,-0.7112916968762873
2019-05-24 14:00:00,9.42871036529541,3.4581389188766485,1.9041326999664308,-1.2555278547108173,-2.4204203486442566,-4.160458779335022,0.2470640018582344,-0.8136457860469818,-0.9965106904506683,0.08096828237175942,0.20868605077266694,0.25071596428751947,0.39930047541856767,-3.9184982776641846,0.3257241562008858,0.2822188110090792,-3.1793486356735228,0.6531687129288912,-0.7601808398962022,0.7289863914251328,1.0074314072728157,0.7493418902158737,0.6365429908037186,0.35345069877803326,-0.15786975771188735,0.5683270931243897,-0.2083703700453043,-1.4479939997196198,-4.199531078338623,-0.7595399238169194
2019-05-24 15:00:00,13.602731418609618,2.3179034352302557,2.0830883145332333,-1.241135024279356,-3.2003379225730897,-4.375842046737671,0.060472959280014046,-1.7336256682872773,-0.29776329756714404,-1.9542541027069091,0.4354574635624885,0.21550556197762488,-0.08655624063685535,-4.066304993629456,0.5037468522787094,0.016529178619384764,-3.406881260871887,-0.012809887342155013,-0.7206547632813454,0.6629460096359254,1.8824344962835315,0.4316861853003502,-0.39667728878557684,0.12521438044495878,-0.05867774449288841,0.7590953156352043,-0.5084772288799286,-1.4743595302104948,-4.861132645606995,-0.5954958591610193
2019-05-24 16:00:00,17.776749801635738,0.03743045330047608,2.6199556589126587,-1.2987066611647606,-3.32032516002655,-4.48353328704834,-0.3500273164361716,-2.253614521026611,-0.29776329756714404,-2.826492500305175,0.9343546330928802,0.12747954204678535,-0.5282441593706608,-4.288014769554138,0.23671280546113854,-0.3653995156288147,-3.520647954940796,-0.5836487233638763,-0.700891661643982,0.5969056487083435,1.8028887391090394,0.32580098509788513,-1.085490846633911,0.42952951565384867,-0.03663505241274836,0.8163257330656052,-1.558851456642151,-1.527091282606125,-6.018936443328857,-0.6051454771310091
2019-05-25 07:00:00,-26.348608016967763,-20.77187843322754,-3.1066266775131224,-0.43513220319291585,3.2789770543575285,8.116384553909302,1.5532013088464738,2.146289940178394,-0.43751278072595595,1.5346987783908839,2.7938799381256105,0.7084511786699295,2.475233739614487,2.067670524120331,0.6817694872617721,1.0958932399749757,1.4281961679458615,0.3677493020892143,-0.9116974979639053,1.3893900275230409,-2.890309715270996,1.5434810936450958,1.6267125248909,0.5056083112955092,-0.8962987452745438,-0.30920639932155614,-4.70997383594513,-0.41973018646240234,5.889900159835816,-0.2481083869934082
2019-05-25 08:00:00,-18.000568294525145,-11.364931678771974,-0.9591583728790283,-0.363167741894722,3.6389385938644407,6.931776285171509,1.8144287884235382,2.0662918627262115,-0.5772622764110565,0.9532065309584141,1.7053772985935212,0.8316875651478768,1.9452081978321076,1.4764441281557086,0.6817694872617721,1.2453435540199278,1.2006629675626754,1.4142870053648948,-0.9248727947473526,1.5214709222316742,-2.65167248249054,1.4905384182929993,1.7128141403198243,0.2773719491437078,-0.9183412671089173,-0.2519759848713875,-3.2094393014907836,-0.4065473467111588,5.062897348403929,-0.3253056606277823
2019-05-25 09:00:00,-5.478505229949951,-3.383278012275695,1.1883098781108858,-0.43513220319291585,2.979008376598358,4.670252943038941,1.3666102826595306,2.3062867760658263,-0.9965106904506683,0.9532065309584141,0.9797088801860809,0.9549240136519075,1.8127018004655837,1.0330242186784744,0.4147354900836945,1.212132275104523,0.7455968588590622,1.3191471964120867,-0.9314606130123139,1.752612060308456,-3.049400973320008,1.7023089289665223,2.1002717852592467,-0.026943174516782166,-0.9293626584112644,-0.1565919227898121,-2.009011912345886,-0.45927887260913847,2.7472903609275816,-0.44110144302248955
2019-05-25 10:00:00,5.254690408706665,1.7477848827838898,1.367265558242798,-0.6366329431533814,1.7191417813301086,1.116430127620697,1.2546557575464248,1.8662962347269059,-0.7170117765665055,0.37171436618082226,-0.06343961074016988,0.7436616219580173,1.591857922077179,0.589604252576828,0.05869010780006645,1.3117658168077468,0.4042972221970559,1.6997063294053079,-0.9248727947473526,1.9837531328201294,-2.65167248249054,2.0729072213172914,2.014170157909393,-0.17910072430968282,-0.8852772802114487,0.03417627122253179,-1.408797937631607,-0.5647416589781642,-0.7261202514171601,-0.556897246837616
2019-05-25 11:00:00,10.02499942779541,5.738611030578613,2.6199556589126587,-0.9388839185237885,-0.2606487460434437,-1.8989344239234924,1.0680646508932112,1.026314415037632,-0.018264327570795984,-0.7912698805332183,-0.6530453458428382,0.6908459782600402,1.1501699566841128,-0.5189456194639206,-0.11933257374912501,1.1291043639183045,0.0629977533593774,2.3656849384307863,-0.9314606130123139,1.5875111639499666,-1.5380321860313417,2.443505668640136,2.2724751472473144,-0.026943174516782166,-0.7971066495403647,0.2630980804562569,-1.1086908996105194,-0.6438389830291271,-3.7033295392990118,-0.5665469393134118
2019-05-25 12:00:00,11.21757698059082,10.014497566223145,4.230556797981262,-1.1979563040658832,-1.9404711723327637,-3.837383246421814,0.6948825970292092,-0.29365691989660264,-0.5772622764110565,-2.826492500305175,-0.743753807246685,0.6028199672698975,0.6201444581151009,-0.814558868482709,0.05869010780006645,0.7803867258131504,-0.7902513474225998,3.0316638708114625,-0.8787590309977531,1.488450562953949,0.1324282854795456,1.8081940412521362,1.7989159107208252,0.2773719491437078,-0.7309788301587105,0.33940532580018046,-0.6585307240486145,-0.7229360950179398,-5.026533699035644,-0.6340944709256291
2019-05-25 13:00:00,15.39159851074219,10.299556922912597,3.335778260231018,-1.313099506497383,-3.020356774330139,-5.345065879821777,0.2470640018582344,-1.4136327862739564,-0.5772622764110565,-1.0820160031318666,-0.7891080707311631,0.4267679899930954,0.44346923679113387,-1.9970119833946225,0.4147354900836945,0.2324020273983478,-1.017784360051155,1.8899859607219696,-0.7997070387005806,1.3233496367931363,1.564251446723938,1.6493662834167477,0.8948481261730195,-0.17910072430968282,-0.6648507565259933,0.4157125356607139,-1.1086908996105194,-0.9206791177392006,-5.3573345184326175,-0.7209413968026638
2019-05-25 14:00:00,13.00644292831421,7.448964595794678,3.335778260231018,-1.3418854564428329,-3.860268068313599,-6.960439825057984,0.09779118075966833,-2.133617103099823,-0.43751278072595595,-4.861715269088745,-0.6076908811926842,0.21550556197762488,0.266794121498242,-2.9577550172805784,-0.11933257374912501,-0.23255475349724303,-1.9279165506362914,1.604566515982151,-0.7206547632813454,0.9931478321552276,2.200617390871048,1.3846532225608825,-0.5258297232212499,-0.026943174516782166,-0.4995308265089989,0.6064807444810867,-0.3584237955510617,-0.9734106481075286,-6.515137577056886,-0.6726930847391486
2019-05-25 15:00:00,10.02499942779541,5.738611030578613,2.4409998536109923,-1.442635741829872,-4.760173177719117,-7.06813154220581,-0.05148166790604589,-2.693604826927186,-0.29776329756714404,-1.3727621674537658,-0.2448568125779275,0.1450847025960684,-0.17489383431384337,-3.696788120269775,0.05869010780006645,-0.5314555302262306,-2.6673992037773133,1.128867582976818,-0.7140670269727707,0.5969056487083435,2.3597090244293213,0.8552270591259002,-1.7312533020973206,-0.026943174516782166,-0.45544553846120833,0.7590953156352043,-1.1086908996105194,-1.184336507320404,-5.853536224365234,-0.6726930847391486
2019-05-25 16:00:00,10.02499942779541,1.7477848827838898,1.7251768589019776,-1.3850639432668688,-4.820166087150573,-5.991215419769286,-0.42466377168893815,-3.2935916066169737,-0.018264327570795984,-3.6987306833267213,0.0272689675912261,0.07466393755748868,-0.5282441593706608,-4.288014769554138,0.05869010780006645,-0.7639340609312057,-3.2362318992614747,0.17746969629079104,-0.6679533421993256,0.46482489928603166,2.916529059410095,0.21991577222943307,-2.506168967485428,0.2012931875884533,-0.27910428252071134,0.8354025483131409,-3.2094393014907836,-1.355713775753975,-5.026533699035644,-0.6244448340497912
2019-05-25 17:00:00,9.42871036529541,-0.24762848690152167,1.7251768589019776,-1.313099506497383,-4.22023024559021,-5.345065879821777,-0.7232094496488571,-3.3335908532142637,-0.15801382809877396,-2.2450001358985903,0.299394603818655,-0.10138809485360975,-0.7049192577600479,-5.174854898452759,0.3257241562008858,-1.013017889857292,-3.69129798412323,-0.9642078310251236,-0.6086641369387509,0.3327441491186619,2.598346245288849,0.0081453069113195,-3.108880496025086,0.2773719491437078,-0.135826950520277,0.8735561281442642,-6.360561752319336,-1.4875424720346928,-5.026533699035644,-0.5858461905270815
2019-05-25 18:00:00,8.236133432388305,-2.8131600856781005,-0.06437994409352539,-1.313099506497383,-3.860268068313599,-3.837383246421814,-0.8724822476506233,-2.9335998415946962,-0.018264327570795984,-2.535746550559998,0.9797088801860809,-0.24222970213741069,-0.7932569459080697,-5.322661113739014,0.4147354900836945,-1.0296234846115113,-4.373896813392639,-1.3447670698165897,-0.6416025221347809,0.0025423229672014826,2.200617390871048,-0.20362519994378095,-3.7546432852745055,0.12521438044495878,-0.025613827258348442,0.930786719918251,-9.061523962020875,-1.5930053601041438,-4.861132645606995,-0.5858461905270815
2019-05-25 19:00:00,6.447268199920655,-7.089045429229737,-1.317069858312607,-1.2987066611647606,-3.020356774330139,-3.0835421800613405,-0.9471186921000481,-2.693604826927186,0.4009841099381447,-1.9542541027069091,1.1611260175704958,-0.3126505328342319,-0.9257632791996002,-5.987791299819945,0.23671280546113854,-0.86356755271554,-4.487663435935974,-1.7253261625766754,-0.6416025221347809,-0.2616191431879997,2.200617390871048,-0.7330512080341578,-3.7976939201354982,0.2012931875884533,0.0625568225979805,0.8735561281442642,-10.26195158958435,-1.7511999316513538,-4.530332016944887,-0.4893497060984373
2019-05-26 07:00:00,-25.15603065490722,-12.220108127593996,-2.032892346382141,-0.4063463773578405,2.379072052240372,6.824084997177124,1.329292052984238,1.4263057738542553,-0.018264327570795984,-1.0820160031318666,1.5693144619464878,0.8140824027359486,1.9010393500328064,2.954510343074799,0.05869010780006645,0.9132315307855606,2.2245619907975196,1.794846235215664,-0.9248727947473526,1.8516726076602936,-2.8107640743255615,1.8611366510391236,0.9809497863054275,-0.25517951175570486,-1.1828531086444856,-0.27105278000235555,-7.560989952087402,-0.09015843272209167,6.551502227783203,-0.19986009895801543
2019-05-26 08:00:00,-15.019124603271484,-7.089045429229737,-1.1381140530109406,-0.30559608805924654,2.9190148234367372,5.531785702705384,1.329292052984238,1.4663047548383474,0.2612346339970827,0.662460431456566,0.299394603818655,0.7260563582181931,1.8568705201148987,1.9198639512062072,-0.2083438841626048,0.9464427277445793,1.883262155018747,1.9851257234811786,-0.9380482107400894,1.7195919811725617,-2.8107640743255615,2.231734883785248,1.239254933595657,-0.7877309650182724,-1.1938745111227036,-0.2328992791473866,-6.210508728027344,-0.22198713421821595,4.732096552848814,-0.3832036070525647
2019-05-26 09:00:00,-7.863660907745361,0.607548950612545,0.29353144839406015,-0.46391811706125735,2.1990909188985825,1.4395048916339876,1.2919739156961438,1.8262969553470612,-0.15801382809877396,-0.20977775007486343,-0.5169823076575994,0.7260563582181931,1.7685330718755723,1.4025410935282705,-0.8314232945442199,0.963048380613327,1.0868964970111845,2.6511041939258577,-0.9248727947473526,1.5544909596443177,-3.3675844430923463,2.0199646592140197,1.3253565013408661,-1.0920462131500244,-1.0836611717939377,-0.17566869109869007,-3.6595997333526613,-0.3010844372212887,1.9202878415584563,-0.43145178705453874
2019-05-26 10:00:00,3.4658241987228395,4.5983744144439695,1.367265558242798,-0.7085975289344788,-0.08066790029406548,-0.4989441309124231,1.217337441444397,1.3463074892759326,-0.018264327570795984,-0.5005238354206085,-1.151942364871502,0.7084511786699295,1.6360266357660294,0.7374107778072359,-1.1874686896800994,1.112498790025711,0.688713499903679,2.270544996857643,-0.9643990293145179,1.5544909596443177,-2.4925810098648076,1.755251371860504,1.36840740442276,-1.6245976388454437,-1.0175331979990005,-0.08028469271957872,-1.408797937631607,-0.48564463779330264,-0.06451819390058515,-0.5086490109562873
2019-05-26 11:00:00,12.410155391693115,8.874260568618775,2.4409998536109923,-0.8813123852014542,-1.1605537474155425,-3.406617259979248,1.1053828805685044,-0.1736595505848527,-0.018264327570795984,-0.7912698805332183,-1.8322565585374828,0.6732408076524734,1.4151827082037927,-0.3711390346288681,-1.8105481386184692,0.9132315307855606,0.17676438651978973,1.794846235215664,-0.9643990293145179,1.5214709222316742,-1.140303474664688,1.755251371860504,1.7558650970458989,-1.4724400341510773,-0.8632346116006374,-0.08028469271957872,-0.3584237955510617,-0.5779245857149362,-3.207127809524536,-0.5665469393134118
2019-05-26 12:00:00,15.39159851074219,12.86508617401123,3.335778260231018,-1.154777579009533,-2.780382239818573,-4.914299392700196,0.9187917828559875,-0.8936439707875252,0.4009841099381447,-1.3727621674537658,-1.8776108726859089,0.6204251945018768,1.4151827082037927,-1.7013989031314853,-1.6325255036354065,0.2822188110090792,-0.6764847636222839,1.794846235215664,-0.8392331097275019,1.4554304301738736,-0.18575461264699694,1.7023089289665223,1.239254933595657,-1.4724400341510773,-0.7860851989127695,-0.06120776161551471,-0.8085841327905655,-0.69657042324543,-5.688136005401612,-0.6244448340497912
2019-05-26 13:00:00,13.00644292831421,12.580028629302976,3.1568226814270015,-1.3706712439656257,-3.620293617248535,-6.5296740531921404,0.9187917828559875,-1.9736204504966737,0.12148518599569795,-3.1172387123107907,-1.42406779974699,0.5323991358280182,1.371013879776001,-2.1448187112808226,-1.6325255036354065,-0.016682043671607964,-1.7003835439682002,1.6997063294053079,-0.8062946788966656,1.3563698470592498,1.325614351779223,1.5964237332344058,-0.39667728878557684,-0.4834158539772034,-0.6868933245539666,0.05325304549187422,-0.8085841327905655,-0.89431342035532,-6.515137577056886,-0.6726930847391486
2019-05-26 14:00:00,14.19901990890503,10.869674491882323,2.798911285400391,-1.442635741829872,-4.520198464393616,-8.037355995178222,0.8814735472202301,-2.5336084246635435,0.4009841099381447,-1.9542541027069091,-1.151942364871502,0.5323991358280182,1.1060011327266692,-2.5882385849952705,-0.47537790387868883,-0.465033133327961,-2.041683113574982,1.5094268247485159,-0.7535932183265686,1.191268938779831,2.518800342082977,1.4375960290431977,-1.171592500805855,-0.8638097405433655,-0.5215734988451005,0.2249444082379341,0.24179000034928322,-1.1316051095724107,-5.853536224365234,-0.6630433050915598
2019-05-26 15:00:00,15.39159851074219,9.4443790435791,2.6199556589126587,-1.3850639432668688,-5.360109400749208,-7.929664468765258,0.6575643330812454,-3.1335957527160643,0.2612346339970827,-1.663508152961731,-0.5169823076575994,0.5147939771413803,0.708482026681304,-3.0316586256027223,-0.9204346895217898,-0.6975115343928338,-2.382982754707336,1.224007485806942,-0.7140670269727707,1.191268938779831,2.916529059410095,1.1728827118873595,-2.333965373039246,-0.6355734124779702,-0.3231896735727787,0.5492503225803376,-1.408797937631607,-1.210702268779278,-6.1843369007110605,-0.643744093272835
2019-05-27 08:00:00,-18.596857452392577,-4.523514461517334,0.29353144839406015,-0.23363175988197335,2.0791037261486056,4.562561392784119,1.4412467539310456,1.1063126366585494,-0.43751278072595595,1.2439525455236433,-0.33556520342826845,0.8845031201839447,1.7243643879890442,2.806703567504883,-1.54351407289505,0.7305699281394482,2.622744452953339,2.6511041939258577,-0.9446360141038894,1.7856322348117828,-3.6062211990356445,2.0199646592140197,0.3351870000362397,-1.5485187947750088,-1.282045131921768,-0.09936142191290856,-1.7089048266410827,-0.0637928307056427,6.716902208328247,-0.36390427425503735
2019-05-27 09:00:00,-17.404279804229738,2.3179034352302557,1.5462212920188902,-0.29120310917496683,1.6591481581330298,0.6856636762619018,1.1800192266702652,1.2663092081435023,-0.5772622764110565,-0.20977775007486343,-0.9705252453684807,0.7788719840347766,1.4593516305088996,1.4764441281557086,-1.7215367794036864,0.8135978743433953,1.7694957302650436,2.270544996857643,-0.9578112840652466,1.8516726076602936,-3.7653131246566773,2.1258499026298523,0.7656955659389496,-2.004991537332535,-1.2159172147512438,0.1295603085309267,-1.1086908996105194,-0.12970713078975676,2.912690687179565,-0.5086490109562873
2019-05-27 10:00:00,-1.9007735192775723,6.878847312927246,0.8303984731435776,-0.6222400113940239,-0.5006235310807824,-1.468168270587921,0.9561100602149963,0.9863152772188188,0.2612346339970827,0.08096828237175942,-1.6508397780358792,0.6556355476379394,0.9293260214850306,0.8852177709341049,-2.2556049227714543,0.880020396411419,0.7455968588590622,2.460824692249298,-0.9709866926074028,1.6535516321659087,-3.4471302032470703,2.231734883785248,0.9809497863054275,-1.9289125800132751,-1.160810375213623,0.2630980804562569,-1.408797937631607,-0.3274501621723175,2.581889843940735,-0.5761965669691562
2019-05-27 11:00:00,15.39159851074219,10.584614562988282,1.9041326999664308,-0.6510258466005324,-1.700496608018875,-4.0527665376663204,0.5082914668135345,-0.4536534331738949,0.8202327355742455,-0.7912698805332183,-2.285799315199256,0.5500043541193008,0.6201444581151009,-0.07552565038204195,-2.166593372821808,0.7637810498476029,0.290530663356185,2.6511041939258577,-0.9512235730886459,1.4224102854728702,-1.6175779104232788,1.9140792489051819,1.1531531512737272,-1.9289125800132751,-0.9954906404018402,0.3775589965283871,-1.1086908996105194,-0.5647416589781642,-1.7185233116149903,-0.5375979043543339
2019-05-27 12:00:00,20.75819416046143,14.290383529663089,2.4409998536109923,-1.025241446495056,-3.1403442263603205,-5.775832557678223,0.2470640018582344,-1.2536363780498505,0.6804832123219967,-1.3727621674537658,-2.240445189550519,0.33874197900295255,0.35513166934251783,-1.0362688526511192,-2.166593372821808,0.16597958914935584,-0.4489516632631421,2.0802654445171354,-0.8524083070456981,1.2242891252040864,-1.4584865987300875,1.5434810936450958,0.8517972469329834,-1.7767550766468048,-0.7971066495403647,0.49201984404353427,0.24179000034928322,-0.6702046103775501,-6.515137577056886,-0.5954958591610193
2019-05-27 13:00:00,12.410155391693115,13.720265102386474,1.9041326999664308,-1.442635741829872,-4.10024254322052,-7.175824546813966,0.023154745623469357,-2.2136154174804696,0.6804832123219967,-2.826492500305175,-1.9683195151388646,0.21550556197762488,0.090118920058012,-1.184075540304184,-1.9885706901550293,-0.16613233610987665,-1.1884341776371001,1.4142870053648948,-0.7535932183265686,0.8280469805002213,0.6097026310861111,1.2258253931999206,-0.6980332136154177,-1.0159673899412156,-0.7089360557496548,0.6255575362592936,0.6919503979384901,-0.8415819577872753,-8.003742790222168,-0.6244448340497912
2019-05-27 14:00:00,14.19901990890503,9.4443790435791,1.367265558242798,-1.5721718361601233,-4.880160164833067,-8.575814056396485,-0.20075446007540448,-2.8536012172698975,1.37923044860363,-4.570968723297119,-1.7415480345487595,0.10987433940172198,-0.21906258203089238,-1.8492052733898163,-1.0984573185443878,-0.5646667197346688,-1.3022007107734683,0.8434482113458216,-0.7074794575572014,0.5969056487083435,2.916529059410095,0.5905140221118927,-1.5590502202510834,-0.9398885488510131,-0.5656587909907104,0.7972488254308702,0.9920573074370622,-1.0129592657089233,-5.688136005401612,-0.5954958591610193
2019-05-27 15:00:00,10.621288490295411,6.593789339065552,1.0093542575836183,-1.3706712439656257,-5.660077667236328,-8.360431289672851,-0.4619820017600432,-3.37359014749527,2.2177272498607636,-4.570968723297119,-1.0612337753176688,0.0042430961970239935,-0.6165817745029927,-2.1448187112808226,-1.0094459533691407,-0.8303562365472317,-1.8141499400138854,-0.2982292789965868,-0.7338301822543144,0.3987844984978438,3.6324405670166016,0.21991577222943307,-2.592270362377166,-0.9398885488510131,-0.42238153517246246,0.8735561281442642,0.39184339642524724,-1.0393249273300171,-6.1843369007110605,-0.5665469393134118
2019-06-01 11:00:00,-17.404279804229738,-11.079872417449952,-2.927671217918396,-0.43513220319291585,1.539160774648189,4.024103474617005,-0.6112547919154168,1.2663092081435023,-0.7170117765665055,-1.9542541027069091,1.796085810661316,-0.13659850731492046,-0.35156900584697726,-2.8099484920501707,1.3938603103160856,0.9464427277445793,-2.3260993719100957,-2.48644483089447,-0.9643990293145179,0.0025423229672014826,-2.890309715270996,-0.6801085568964481,1.5406107306480408,0.8860021889209747,-0.2350190157070756,0.7781721666455269,0.9920573074370622,-1.2766165886074305,3.739693355560303,-0.27705736756324767
2019-06-02 12:00:00,-7.267371463775635,-9.939635467529296,-3.1066266775131224,-0.7085975289344788,0.5192686907947064,1.7625797748565675,0.1351093903183937,0.6263230815529823,0.12148518599569795,-0.20977775007486343,0.9797088801860809,0.25071596428751947,0.266794121498242,-3.0316586256027223,0.3257241562008858,0.6973587475717068,-2.496749210357666,-0.4885088875889778,-1.0039250629022718,0.497845087852329,-1.7766693949699401,0.21991577222943307,0.8948481261730195,0.04913563039153811,-0.3672748640179634,0.43478942587971686,-1.408797937631607,-1.171153685450554,0.7624843303114176,-0.30600631721317767
2019-06-02 13:00:00,-6.671082878112793,-9.369517803192139,-2.748715114593506,-0.8093477956950664,0.09931327253580095,1.0087385028600693,-0.05148166790604589,0.22633173018693925,0.12148518599569795,1.5346987783908839,0.8890002965927124,0.16268998011946678,0.22262529507279397,-3.401175045967102,0.14770147264935077,0.6143307138816454,-2.724282443523408,-0.9642078310251236,-0.9841619536280632,0.6629460096359254,-1.140303474664688,0.06108797788619995,0.6795938432216644,-0.026943174516782166,-0.29012567810714246,0.4157125356607139,-0.6585307240486145,-1.3161652904935182,-0.22991868969984353,-0.3253056606277823
2019-06-03 13:00:00,-4.8822170257568365,-7.944222164154053,-1.8539368987083436,-0.794954926148057,-0.2606487460434437,-0.28356089740991597,-0.08879986554384231,0.10633435379713774,-2.2542559862136846,-1.663508152961731,1.0250631004571915,0.21550556197762488,0.0017813604325056325,-2.9577550172805784,0.3257241562008858,0.6143307138816454,-2.496749210357666,0.3677493020892143,-0.9512235730886459,0.6299258053302765,-1.378940725326538,0.8022844940423965,0.7226446926593781,0.5816870927810669,-0.2680829679593443,0.6064807444810867,-2.4591720700263977,-1.2502508059144022,0.26628277339041234,-0.43145178705453874
2019-06-06 10:00:00,-5.478505229949951,1.4627256870269776,-0.06437994409352539,-0.4495252104476094,0.5792624372523278,0.6856636762619018,-0.3127091102302075,0.9063169993460178,-0.7170117765665055,-0.7912698805332183,1.3878973931074143,-0.06617770269513128,-0.3074001966044307,-1.2579789161682127,2.016939604282379,0.8302036173641681,-0.9609011143445969,-2.201025003194809,-1.0500388085842132,0.0685826428234577,-4.083495712280273,-0.5212808161973954,1.1531531512737272,1.5707111477851867,-0.4995308265089989,0.7400184780359268,1.4422174364328382,-0.8547648370265961,2.251089000701904,-0.3832036070525647
2019-06-06 11:00:00,-0.11190782623452836,7.448964595794678,2.9778667688369755,-0.6798116147518158,-0.5006235310807824,-1.8989344239234924,-0.536618360131979,0.26633088421076534,-0.9965106904506683,-2.2450001358985903,1.2064802527427676,-0.04857250079512596,-0.48407536558806896,-1.8492052733898163,1.9279283285140991,0.7305699281394482,-1.359083902835846,-2.2961649417877195,-1.0368634909391403,0.0685826428234577,-2.5721269845962524,-0.6271660596132278,1.0240006506443025,1.3424748063087462,-0.5546373590826988,0.7972488254308702,2.192484843730927,-0.9602278098464012,-0.7261202514171601,-0.4893497060984373
2019-06-06 12:00:00,1.676958104968071,9.159318780899047,2.9778667688369755,-0.9388839185237885,-1.9404711723327637,-3.7296918630599984,-0.6858912169933319,-0.4536534331738949,-1.415759068727493,-0.5005238354206085,1.1611260175704958,-0.1542036969214678,-0.6165817745029927,-2.2926254153251646,1.6608943462371826,0.4648803509771824,-1.8141499400138854,-2.48644483089447,-0.9841619536280632,0.10160291045904157,-1.2993949770927433,-0.6271660596132278,0.7656955659389496,1.1903173208236695,-0.4664668276906013,0.8163257330656052,2.7926987588405607,-1.0525078445672988,-2.214724802970886,-0.6533937701024115
2019-06-06 13:00:00,4.062112665176391,10.014497566223145,3.1568226814270015,-1.0684201538562774,-2.960363173484802,-5.991215419769286,-0.7978459045290947,-1.4136327862739564,-1.1362600922584534,-2.535746550559998,1.070417442917824,-0.22462455686181784,-0.6607505455613136,-2.4404319763183593,1.4828716039657592,0.16597958914935584,-2.155449771881103,-2.48644483089447,-0.9380482107400894,-0.09651822857558726,0.1324282854795456,-0.5742233589291572,0.07688205018639564,1.3424748063087462,-0.3893176734447479,0.8544792771339417,2.942752087116241,-1.1579707935452461,-2.7109264612197874,-0.6533937701024115
2019-06-06 14:00:00,5.254690408706665,12.294969749450683,3.5147338628768923,-1.1115988492965698,-4.22023024559021,-6.637365293502808,-0.8351641356945038,-2.093617820739746,-0.5073875039815902,0.662460431456566,0.9797088801860809,-0.277440104726702,-0.7490881532430649,-2.736045086383819,1.6608943462371826,-0.23255475349724303,-2.2692161917686464,-2.391304910182953,-0.8392331097275019,-0.2285989619791508,0.8483399666845799,-0.8918790318071842,-0.6980332136154177,1.2663961052894592,-0.30114706710446626,0.9689401686191559,2.7926987588405607,-1.2370679847896098,-3.372528386116028,-0.6630433050915598
2019-06-06 15:00:00,17.180463981628417,9.159318780899047,0.11457571648061274,-1.1691704452037812,-4.580192160606385,-6.960439825057984,-0.9098005816340446,-2.9335998415946962,0.12148518599569795,-0.20977775007486343,0.7529374346137047,-0.2950452925637364,-1.0141008585691451,-3.0316586256027223,1.5718830168247222,-0.5148499339818955,-2.496749210357666,-2.962143605947494,-0.7667685687541962,-0.3276595860719681,1.0869771227240563,-1.1036495305597782,-1.7312533020973206,1.2663961052894592,-0.2350190157070756,1.0643243134021758,1.5922710329294207,-1.2634337443858383,-3.7033295392990118,-0.6823426730930806
2019-06-06 16:00:00,30.895101165771486,7.734024906158448,0.47248711436986923,-1.1979563040658832,-4.760173177719117,-7.8219727039337155,-1.1337097376585006,-3.1735945820808418,0.8202327355742455,-1.663508152961731,1.1157716631889345,-0.3302556937560439,-1.2349449038505553,-3.2533684968948364,1.5718830168247222,-0.86356755271554,-2.724282443523408,-3.342702841758728,-0.6547779593616724,-0.3606797777116299,1.4051600679755212,-1.2624774634838105,-2.463118004798889,1.1142385065555573,-0.21297626793384555,1.1978619754314421,-1.2587445378303528,-1.3161652904935182,-7.011339378356936,-0.4989992842078209
2019-06-20 12:00:00,-10.845104026794434,-4.238454914093017,-3.285582423210144,-0.5934542670845985,0.3992812529206276,1.3318132936954499,-0.2753909266553819,0.26633088421076534,1.518980096280575,0.662460431456566,-0.4716281192144379,0.03945350670255723,-0.13072503879666325,-0.9623655134811997,-0.8314232945442199,0.5146972239017487,-0.7902513474225998,-0.9642078310251236,-0.9973374372348189,0.2997239660471678,-1.7766693949699401,-0.15068249143660073,0.37823794319992887,-0.4834158539772034,-0.6538294546306134,0.6827879600226879,-3.0593860149383545,-0.8152162380516529,2.41648930311203,-0.2674076586961746
2019-06-20 13:00:00,-3.689640021324158,-2.528101074695587,-1.8539368987083436,-0.6654188096523286,-0.1406615935266018,0.2548973404569551,-0.3873456317931414,0.1463335331529379,1.37923044860363,0.37171436618082226,-0.2902109995484353,-0.030967278126627217,-0.35156900584697726,-1.184075540304184,-0.47537790387868883,0.4648803509771824,-1.1315508067607882,-1.6301864445209504,-0.9841619536280632,0.2667037919163704,-1.7766693949699401,-0.2565677136182785,0.20603461600840087,0.657765907049179,-0.5877013914287091,0.7018647998571396,-3.2094393014907836,-0.9206791177392006,0.7624843303114176,-0.3156559236347675
2019-06-20 15:00:00,3.4658241987228395,1.4627256870269776,-2.032892346382141,-0.9820626735687256,-1.7604901790618896,-2.222009909152985,-0.6112547919154168,-0.613650095462799,1.7984790816903113,-0.5005238354206085,-0.10879386030137539,-0.17180888447910553,-0.6607505455613136,-1.6274955034255973,1.3048488855361935,0.2656131396070123,-1.5297337234020234,-1.9156056225299836,-0.9578112840652466,0.03556253015995027,-0.5834833309054375,-0.5212808161973954,-0.05227049961686135,0.7338446140289305,-0.4334028989076614,0.6827879600226879,-2.60922566652298,-1.0393249273300171,-2.214724802970886,-0.35425460785627366
2019-08-01 09:00:00,-15.615412330627441,12.009910583496094,-4.538272380828858,-0.2624175168573856,-3.080350422859192,-5.02199158668518,-0.16343631818890572,-2.133617103099823,3.0562244772911074,0.662460431456566,-2.739342099800706,0.07466393755748868,-0.21906258203089238,5.393319821357727,-0.742411932349205,-0.5480610519647598,3.987942969799042,-2.201025003194809,-1.0368634909391403,0.20066344366059638,-4.083495712280273,-0.20362519994378095,-2.549219572544098,-0.4073370698839426,-1.579620960354805,0.7400184780359268,1.892378169298172,0.3053275672253221,4.732096552848814,-0.19021054506301877
2019-08-01 10:00:00,-3.093350768089294,13.720265102386474,-4.001405405998231,-0.46391811706125735,-3.680287504196167,-5.991215419769286,-0.4619820017600432,-2.1736162662506104,3.475472640991211,0.37171436618082226,-2.9661134943366045,0.021848333254456526,-0.48407536558806896,4.949899840354919,-0.3863665893673897,-0.5314555302262306,3.760409891605377,-1.7253261625766754,-1.0368634909391403,0.3327441491186619,-3.6062211990356445,-0.4153954505920411,-2.549219572544098,-0.026943174516782166,-1.5245141357183458,0.9117098122835159,2.192484843730927,0.18668169975280763,2.085688316822052,-0.2481083869934082
2019-08-01 11:00:00,1.676958104968071,15.430618286132816,-3.285582423210144,-0.6942045658826828,-4.22023024559021,-7.714281320571899,-0.6858912169933319,-2.573607158660889,2.6369759619235986,1.2439525455236433,-3.1021762210875754,-0.11899328792933375,-0.8815945655107498,4.06306037902832,0.05869010780006645,-0.5480610519647598,3.419110369682312,-2.1058854937553404,-1.0302757307887078,0.23368362486362457,-2.4925810098648076,-0.20362519994378095,-2.506168967485428,0.12521438044495878,-1.4253223061561584,1.1024780273437498,2.6426449120044713,0.1339503601193428,-1.3877222418785098,-0.27705736756324767
2019-08-01 12:00:00,5.254690408706665,17.99614887237549,-2.2118484377861027,-0.9964555740356446,-5.180128979682923,-8.360431289672851,-1.0217550888657572,-2.9335998415946962,2.4972261756658556,0.08096828237175942,-3.374302451312542,-0.22462455686181784,-1.3232824504375462,3.619640362262726,0.23671280546113854,-0.7141171157360077,2.736511167883873,-1.7253261625766754,-1.0039250629022718,-0.03047789782285688,-1.219849193096161,-0.36245284080505374,-2.549219572544098,-0.3312582840211689,-1.3812369376420974,1.159708344936371,2.6426449120044713,0.05485307574272156,-2.7109264612197874,-0.3156559236347675
2019-08-01 13:00:00,9.42871036529541,18.851326560974123,-2.927671217918396,-1.1115988492965698,-5.540090560913086,-9.006580543518066,-1.394937381148338,-3.5735858201980593,5.711464953422547,-2.826492500305175,-3.4650107599794864,-0.38307131752371787,-1.4557888507843018,2.806703567504883,-0.29735521972179413,-0.86356755271554,2.395211666822433,-2.010745567083359,-0.9709866926074028,-0.2285989619791508,0.45061120092868806,-0.785993863735348,-2.9797280192375184,-0.17910072430968282,-1.3151090681552888,1.1787853837013245,0.9920573074370622,-0.10334145426750188,-3.7033295392990118,-0.3735539048910141
2019-08-01 14:00:00,13.00644292831421,19.70650520324707,-3.1066266775131224,-1.1979563040658832,-5.900051999092103,-9.97580509185791,-1.5068917989730835,-3.8135804891586305,5.152466714382172,-0.7912698805332183,-3.2382392644882203,-0.5591233022511005,-1.4999576628208162,2.4371873497962953,-0.11933257374912501,-1.1292570777237416,1.7694957302650436,-2.771863973140716,-0.9314606130123139,-0.525780738145113,1.0869771227240563,-1.1036495305597782,-3.367185616493225,0.12521438044495878,-1.1828531086444856,1.2169388473033904,1.5922710329294207,-0.18243855237960815,-4.861132645606995,-0.33495526537299153
2019-08-02 08:00:00,-26.944897842407226,6.593789339065552,-5.433050537109375,-0.10409553498029708,-2.960363173484802,-3.7296918630599984,1.2546557575464248,-2.1736162662506104,2.776725429296494,0.37171436618082226,-2.14973663687706,0.7612667448818684,1.8127018004655837,6.0584500551223766,-0.9204346895217898,-0.5978779241442681,4.499892151355743,1.0337278202176094,-0.9973374372348189,1.7195919811725617,-4.640316033363343,1.7023089289665223,-2.8505754947662356,-0.5594946548342705,-1.5245141357183458,0.09140671435743569,0.5418969348073006,0.3448763970285654,7.709305906295777,-0.19021054506301877
2019-08-02 09:00:00,-22.1745885848999,10.014497566223145,-4.717227578163147,-0.20484574586153034,-2.960363173484802,-4.698916244506836,1.2546557575464248,-2.093617820739746,2.9164749860763557,0.662460431456566,-2.4218622118234636,0.6908459782600402,1.017663560807705,5.68893301486969,-0.5643892914056778,-0.5480610519647598,4.27235916852951,1.6997063294053079,-1.023688171803951,1.6205313324928283,-4.4812249660491945,2.0199646592140197,-2.6783719778060915,-0.9398885488510131,-1.5575782358646393,0.5110966566950083,0.8420038901269435,0.3053275672253221,5.228298139572145,-0.19986009895801543
2019-08-02 10:00:00,-6.671082878112793,14.290383529663089,-3.8224493265151978,-0.42073934944346547,-3.500306510925293,-5.6681406021118175,0.5829278968274594,-2.093617820739746,3.1959736168384554,0.08096828237175942,-2.693987656384707,0.6908459782600402,0.045950137078762034,5.245513367652893,-1.0094459533691407,-0.5148499339818955,3.987942969799042,2.270544996857643,-1.023688171803951,1.488450562953949,-3.9244043827056885,1.8611366510391236,-2.549219572544098,-0.711652186512947,-1.5245141357183458,0.6827879600226879,1.7423245519399644,0.2525961071252823,3.9050940990448,-0.23845876157283782
2019-08-02 11:00:00,4.062112665176391,18.851326560974123,-2.927671217918396,-0.5358826871961355,-4.040248990058899,-6.960439825057984,-0.23807268836535514,-2.4536100625991826,3.7549717485904694,0.9532065309584141,-3.1021762210875754,0.37395235002040866,-0.35156900584697726,4.284770226478576,-0.742411932349205,-0.5148499339818955,3.646643501520157,1.9851257234811786,-1.017100416123867,1.488450562953949,-2.731218099594116,1.6493662834167477,-2.463118004798889,-0.7877309650182724,-1.4804287910461427,0.8926329880952835,2.492591732740402,0.18668169975280763,-0.3953192058950663,-0.2867070324718952
2019-08-02 12:00:00,8.236133432388305,21.986975288391115,-1.317069858312607,-0.9100981384515763,-4.760173177719117,-8.575814056396485,-0.573936589807272,-2.813602352142335,3.1959736168384554,-0.5005238354206085,-3.2382392644882203,-0.013362085074186325,-0.8374257177114487,3.619640362262726,-0.8314232945442199,-0.6643003404140473,2.9071609020233153,1.604566515982151,-0.9709866926074028,0.8940872699022293,-2.0948523640632635,1.6493662834167477,-2.463118004798889,-0.7877309650182724,-1.4253223061561584,0.9689401686191559,2.942752087116241,0.10758463591337204,-3.372528386116028,-0.33495526537299153
2019-08-11 10:00:00,-32.3114953994751,9.159318780899047,-4.717227578163147,-0.13288129270076757,-2.780382239818573,-4.160458779335022,-1.5068917989730835,-1.773624885082245,-1.6952581644058227,0.08096828237175942,-2.9207594823092218,-0.5415181331336498,-1.5441264986991883,3.545736861228943,2.016939604282379,-0.38200509250164033,2.5658613055944435,-3.6281221389770506,-1.01051274985075,-0.6578614875674248,-4.719861674308777,-1.3683624416589735,-2.075660502910614,1.4185535907745364,-1.2930665284395217,1.2550924479961396,2.7926987588405607,-0.0506100058555603,7.709305906295777,-0.1805608816444874
2019-08-18 14:00:00,-0.11190782623452836,17.99614887237549,-1.1381140530109406,-0.9676697969436645,-5.660077667236328,-9.652730464935303,-0.7605276882648468,-3.4135893106460573,-0.018264327570795984,-1.0820160031318666,-3.2382392644882203,-0.20701929079368714,-0.7049192577600479,3.471833968162536,-2.3446158885955812,-1.013017889857292,2.736511167883873,-2.1058854937553404,-0.8985221177339554,-0.09651822857558726,-0.18575461264699694,-0.5212808161973954,-3.410236883163452,-1.9289125800132751,-1.3261303037405014,1.1406316339969635,-0.2083703700453043,-0.011061245203018188,-1.3877222418785098,-0.43145178705453874
2019-08-21 11:00:00,-17.404279804229738,5.168492794036866,-4.717227578163147,-0.4063463773578405,-2.240439713001251,-3.7296918630599984,-1.0217550888657572,-1.1336386561393736,-2.394005501270294,1.2439525455236433,-1.0158794641494748,-0.277440104726702,-1.0141008585691451,0.8113141688983889,1.9279283285140991,-0.03328753560781479,0.23364745143335314,-2.201025003194809,-1.0500388085842132,0.03556253015995027,-3.4471302032470703,-0.6271660596132278,-1.085490846633911,1.5707111477851867,-1.0395757302641868,0.9689401686191559,1.1421106383204458,-0.69657042324543,4.070494318008423,-0.19986009895801543
2019-08-25 12:00:00,-6.074794435501099,4.313316011428833,-1.496025681495666,-0.794954926148057,-1.7604901790618896,-3.1912340402603148,-0.42466377168893815,-0.6936483085155488,-0.9965106904506683,-1.3727621674537658,-1.6054850980639457,0.09226914048194887,-0.48407536558806896,2.2893806636333465,0.3257241562008858,0.39845791682600973,1.598845809698105,-0.20308951549232007,-0.9841619536280632,0.6299258053302765,-1.219849193096161,0.5905140221118927,0.07688205018639564,-0.026943174516782166,-1.094682615995407,0.7972488254308702,-3.8096527814865113,-0.3538159392774105,-0.06451819390058515,-0.3735539048910141
2019-08-25 13:00:00,-4.8822170257568365,5.738611030578613,-1.317069858312607,-0.8813123852014542,-2.660395407676697,-4.160458779335022,-0.6858912169933319,-1.2936354279518132,-0.9965106904506683,-1.3727621674537658,-1.6054850980639457,-0.10138809485360975,-0.6165817745029927,1.9937671661376952,0.05869010780006645,0.06634603142738345,1.371312728524208,-0.2982292789965868,-0.9248727947473526,0.36576437978073956,-0.6630290968343615,0.2728583738207817,-0.09532137289643286,-0.4073370698839426,-0.9734479710459709,0.6827879600226879,-3.6595997333526613,-0.366998765617609,-0.5607197403907775,-0.4121524803340435
2019-08-25 14:00:00,-0.11190782623452836,7.734024906158448,-1.1381140530109406,-0.9244910299777984,-3.2003379225730897,-4.806607913970948,-0.7978459045290947,-1.8936224281787872,-1.1362600922584534,-1.3727621674537658,-1.8322565585374828,-0.22462455686181784,-0.35156900584697726,1.1808305893093347,-0.3863665893673897,-0.18273796550929547,1.1437796771526336,-0.8690679728984833,-0.8721715942025184,0.0025423229672014826,-0.18575461264699694,-0.15068249143660073,-0.9563381671905518,0.04913563039153811,-0.9624265179038047,0.6637112408876419,-3.2094393014907836,-0.41973018646240234,-0.8915207326412201,-0.42180214934051036
2019-09-01 14:00:00,-3.093350768089294,10.014497566223145,-2.3908039927482605,-0.8669194519519806,-3.5602998971939086,-5.775832557678223,-1.1337097376585006,-2.093617820739746,-0.29776329756714404,0.08096828237175942,-2.1043822381645443,-0.4006765324622393,-1.0582697093486786,1.6981538087129593,-0.2083438841626048,-0.38200509250164033,1.2575461238622667,-2.581584548950196,-0.9314606130123139,-0.3606797777116299,-0.9016662776470185,-0.9448216370306909,-1.7312533020973206,0.04913563039153811,-0.9954906404018402,0.9880169987678528,-0.5084772288799286,-0.4065473467111588,-0.7261202514171601,-0.3446048952639103
2019-09-02 10:00:00,-15.615412330627441,4.028257012367248,-3.4645379781723022,-0.34877474829554556,-1.1605537474155425,-2.006626510620117,0.2470640018582344,-0.5736509799957277,-0.29776329756714404,0.37171436618082226,-0.9251709297299385,0.6204251945018768,0.22262529507279397,3.471833968162536,0.05869010780006645,0.04974043667316437,2.395211666822433,-0.2982292789965868,-0.9907497614622116,0.9601276576519012,-4.003949975967407,0.37874355018138883,-1.171592500805855,-0.1030219532549381,-1.1828531086444856,0.5874039605259896,-0.2083703700453043,-0.1692555695772171,4.566696214675903,-0.2867070324718952
2019-09-10 13:00:00,1.676958104968071,19.421446228027342,-1.8539368987083436,-0.794954926148057,-4.880160164833067,-8.683505868911743,-1.7308011412620545,-2.9335998415946962,-1.2760097205638883,0.08096828237175942,-3.9639076799154283,-0.5943337395787239,-1.6766328275203706,3.250123476982117,0.8597921848297119,-0.6809059113264084,2.736511167883873,-2.581584548950196,-0.9380482107400894,-0.7569220498204232,-1.9357611179351806,-1.474247705936432,-1.989558756351471,0.7338446140289305,-1.3591942191123962,1.2169388473033904,3.3929121613502504,0.02848730981349947,-1.5531227707862854,-0.40250280015170575
2019-09-11 10:00:00,-17.404279804229738,5.168492794036866,-5.254094696044921,-0.34877474829554556,-1.7604901790618896,-2.7604673385620115,-0.42466377168893815,-1.0536404639482497,-0.856761246919632,0.662460431456566,-2.557924933591858,0.18029512986540797,-0.35156900584697726,3.619640362262726,-0.11933257374912501,-0.08310433849692343,2.679628172516823,0.27260952442884445,-1.0500388085842132,1.158248805999756,-3.5266755342483522,0.9611123025417327,-1.4729484230279923,0.657765907049179,-1.4473650515079497,0.7209416575729847,-1.2587445378303528,0.10758463591337204,4.401295638084411,-0.20950984507799147
2019-09-11 11:00:00,-10.248815250396728,8.304143381118774,-4.538272380828858,-0.4927039198577404,-2.4204203486442566,-4.160458779335022,-0.573936589807272,-1.2936354279518132,-0.43751278072595595,0.9532065309584141,-2.9207594823092218,-0.10138809485360975,-0.43990660505369306,3.397930502891539,0.8597921848297119,-0.08310433849692343,2.395211666822433,0.3677493020892143,-1.0500388085842132,0.5308652073144913,-3.128946852684021,1.1199401497840884,-1.3437960952520371,0.9620809674263,-1.3591942191123962,0.8926329880952835,-0.6585307240486145,-0.11652428954839707,2.581889843940735,-0.20950984507799147
2019-09-27 13:00:00,0.4843809658661485,-0.8177466586232185,-2.032892346382141,-0.7661691579967738,-1.040566374361515,-1.3604767203330992,-1.3203007876873016,-0.29365691989660264,-0.5772622764110565,-0.20977775007486343,0.34474902674555785,-0.4006765324622393,-1.0141008585691451,-2.0709152698516844,1.4828716039657592,0.4648803509771824,-1.7003835439682002,-1.8204659640789032,-0.9643990293145179,-0.2285989619791508,-2.0948523640632635,-0.6271660596132278,0.8517972469329834,1.1903173208236695,-0.5215734988451005,1.02617067694664,2.492591732740402,-1.026142081618309,-0.5607197403907775,-0.35425460785627366
2019-10-01 11:00:00,-15.615412330627441,-0.8177466586232185,-0.9591583728790283,-0.4495252104476094,-0.1406615935266018,-0.17586934864521026,-0.4619820017600432,0.5063257589936256,-1.6952581644058227,0.37171436618082226,-0.743753807246685,0.0042430961970239935,-1.1024384409189225,0.3678942918777466,0.5037468522787094,0.5811195207759738,0.23364745143335314,-1.6301864445209504,-0.9051098048686981,0.16764321052469316,-3.5266755342483522,-0.5212808161973954,0.4643395856022835,0.35345069877803326,-0.8632346116006374,1.1787853837013245,-0.6585307240486145,-0.5647416589781642,3.9050940990448,-0.44110144302248955
2019-10-01 12:00:00,-5.478505229949951,0.607548950612545,-0.6012470573186874,-0.5358826871961355,-0.9805728279054164,-2.006626510620117,-1.2083460807800293,-0.21365871541202058,-1.2760097205638883,-0.5005238354206085,-0.7891080707311631,-0.11899328792933375,-1.4999576628208162,-0.29723561704158785,0.5037468522787094,0.5645139195024967,-0.10765206962823867,-2.2961649417877195,-0.9182851046323777,0.20066344366059638,-2.5721269845962524,-0.4683381706476212,0.37823794319992887,0.8099234163761139,-0.7971066495403647,1.2360158562660217,0.24179000034928322,-0.68338758982718,2.085688316822052,-0.44110144302248955
2019-10-01 13:00:00,1.676958104968071,2.888021039962769,0.47248711436986923,-0.6942045658826828,-2.000464928150177,-2.868159556388855,-1.5442101031541826,-0.7736465390771627,-1.835007506608963,0.37171436618082226,-0.6530453458428382,-0.47109730318188675,-1.6324640214443207,-0.3711390346288681,1.0378149092197417,0.2656131396070123,-0.6196014489978552,-2.201025003194809,-0.8985221177339554,-0.03047789782285688,-2.0948523640632635,-0.4153954505920411,0.3351870000362397,0.9620809674263,-0.6979146718978881,1.2360158562660217,0.24179000034928322,-0.7624846599996091,-0.7261202514171601,-0.46040076203644276
2019-10-01 14:00:00,8.83242244720459,4.028257012367248,0.47248711436986923,-0.9388839185237885,-2.4804137468338014,-3.406617259979248,-1.6561647772789,-1.4536319375038147,-1.1362600922584534,0.08096828237175942,-0.5169823076575994,-0.6295441314578056,-1.6324640214443207,-0.5189456194639206,1.2158375263214107,0.033134768903255465,-0.6764847636222839,-2.1058854937553404,-0.8260576838394627,-0.6908815249800682,-1.219849193096161,-0.785993863735348,-0.4397282018326223,1.2663961052894592,-0.6317867502570153,1.083400970697403,0.5418969348073006,-0.8811305105686188,-2.7109264612197874,-0.5182986631989479
2019-10-01 15:00:00,13.00644292831421,5.168492794036866,-0.06437994409352539,-1.1115988492965698,-2.780382239818573,-4.268149876594544,-1.6561647772789,-1.773624885082245,-1.1362600922584534,-0.7912698805332183,-0.5169823076575994,-0.682359804213047,-1.2791136622428894,-1.0362688526511192,1.5718830168247222,-0.24916035970672964,-0.7902513474225998,-2.771863973140716,-0.7997070387005806,-0.9880632370710373,0.1324282854795456,-1.844846072793007,-1.0424399614334106,1.3424748063087462,-0.5325948625802994,1.02617067694664,0.8420038901269435,-0.89431342035532,-4.695732617378235,-0.5182986631989479
2019-10-01 16:00:00,11.813865852355958,3.4581389188766485,-0.24333556853234767,-1.284313789010048,-3.2603312015533445,-4.698916244506836,-1.3576188176870347,-1.9736204504966737,-0.5772622764110565,-0.7912698805332183,-0.2448568125779275,-0.682359804213047,-1.1466073125600815,-1.8492052733898163,1.6608943462371826,-0.38200509250164033,-1.1884341776371001,-4.674660265445709,-0.7997070387005806,-1.0871237635612487,1.0869771227240563,-2.321329510211945,-1.7743044257164002,1.3424748063087462,-0.5215734988451005,0.9498633414506912,0.5418969348073006,-0.9206791177392006,-5.853536224365234,-0.4893497060984373
2019-10-02 09:00:00,-29.330052375793457,-12.50516700744629,-5.433050537109375,-0.11848827749490742,1.5991544626653196,4.2394866943359375,1.5158832520246506,0.9863152772188188,0.4009841099381447,0.662460431456566,0.25404040068387984,0.7788719840347766,2.298558610677719,1.4025410935282705,-0.11933257374912501,0.7305699281394482,1.4281961679458615,0.46288907825946807,-1.01051274985075,1.7195919811725617,-4.242587089538574,1.6493662834167477,0.550441338121891,-0.17910072430968282,-0.9514052078127861,-0.27105278000235555,-0.8085841327905655,-0.3274501621723175,7.543904447555542,-0.11301332092843949
2019-10-02 10:00:00,-17.404279804229738,-7.6591637134552,-4.1803603887557985,-0.2192387878894806,1.4791671310551464,3.05487892627716,1.6651560872793199,0.9463161706924439,0.12148518599569795,0.9532065309584141,-0.10879386030137539,0.8140824027359486,1.8568705201148987,0.8113141688983889,-0.11933257374912501,0.7637810498476029,0.688713499903679,1.604566515982151,-1.0434511423110961,1.6535516321659087,-4.401678729057312,2.0199646592140197,0.7656955659389496,-0.1030219532549381,-0.9954906404018402,-0.02305421512573962,-0.6585307240486145,-0.4065473467111588,5.889900159835816,-0.19986009895801543
2019-10-02 11:00:00,-4.8822170257568365,-4.238454914093017,-2.3908039927482605,-0.363167741894722,0.8192368358373642,1.5471964240074156,1.2919739156961438,0.8663178736343979,0.12148518599569795,0.9532065309584141,-0.33556520342826845,0.8845031201839447,1.2826763823628426,0.07228090749122203,-0.030321220681071286,0.7471755102276803,0.23364745143335314,2.270544996857643,-1.0500388085842132,1.7195919811725617,-3.844858694076538,1.9140792489051819,0.8517972469329834,-0.17910072430968282,-0.9293626584112644,0.14863713309168816,-0.3584237955510617,-0.5779245857149362,2.581889843940735,-0.2674076586961746
2019-10-02 12:00:00,5.254690408706665,0.892607631534338,-1.317069858312607,-0.6510258466005324,-0.020674279425293214,-0.28356089740991597,0.8068371325731277,0.4263274196535349,0.2612346339970827,-0.5005238354206085,-0.6983995378017426,0.7084511786699295,0.8851571721956134,-0.6667523380368948,-0.11933257374912501,0.7139642886817456,-0.33518515042960645,2.0802654445171354,-1.0302757307887078,1.8516726076602936,-3.049400973320008,2.0199646592140197,0.8087463855743409,-0.026943174516782166,-0.7860851989127695,0.45386620834469793,0.6919503979384901,-0.68338758982718,-0.8915207326412201,-0.36390427425503735
2019-10-02 13:00:00,7.043556261062622,3.173079800605774,-0.24333556853234767,-0.9532769441604614,-1.040566374361515,-1.5758599758148195,0.4709732625633478,-0.13366040410473942,0.12148518599569795,-0.20977775007486343,-0.8798166319727898,0.4795835703611374,0.17845652345567942,-1.184075540304184,0.05869010780006645,0.5313027150928974,-0.9040177881717681,2.270544996857643,-1.023688171803951,1.5214709222316742,-1.4584865987300875,2.231734883785248,0.7226446926593781,-0.026943174516782166,-0.6979146718978881,0.7781721666455269,1.5922710329294207,-0.8152162380516529,-3.7033295392990118,-0.42180214934051036
2019-10-02 14:00:00,13.602731418609618,4.028257012367248,-0.24333556853234767,-1.1979563040658832,-1.7604901790618896,-3.514308476448059,-0.12611809615045785,-0.8136457860469818,-0.018264327570795984,-1.663508152961731,-1.0612337753176688,0.32113675773143774,-0.5724129736423493,-1.8492052733898163,0.05869010780006645,0.2988243978470564,-1.3022007107734683,2.6511041939258577,-0.9643990293145179,1.0922083854675293,0.21197405382990833,1.7023089289665223,0.24908538144081832,-0.1030219532549381,-0.5877013914287091,0.8926329880952835,1.892378169298172,-0.9470448330044746,-4.199531078338623,-0.47970002312213184
2019-10-02 15:00:00,8.83242244720459,3.7431982278823854,0.29353144839406015,-1.241135024279356,-2.840376234054565,-4.375842046737671,-0.7605276882648468,-1.2936354279518132,0.2612346339970827,-0.20977775007486343,-0.7891080707311631,0.03945350670255723,-0.8374257177114487,-2.2187219500541686,-0.030321220681071286,0.016529178619384764,-1.8141499400138854,1.6997063294053079,-0.9182851046323777,0.795026758313179,1.564251446723938,1.0140548765659334,-0.35362638887017966,-0.1030219532549381,-0.4774882271885872,0.9117098122835159,2.192484843730927,-1.0393249273300171,-6.018936443328857,-0.47970002312213184
