,SHAP_NO2_01,SHAP_TEMP_24,SHAP_WD_03,SHAP_SPM_04,SHAP_TEMP_01,SHAP_TEMP_21,SHAP_TEMP_22,SHAP_TEMP_23,SHAP_TEMP_02,SHAP_OX_01,SHAP_WS_02,SHAP_TEMP_17,SHAP_WD_02,SHAP_TEMP_03,SHAP_TEMP_20,SHAP_TEMP_05,SHAP_TEMP_06,SHAP_HUM_03,SHAP_TEMP_04,SHAP_SPM_03,SHAP_OX_02,SHAP_HUM_02,SHAP_TEMP_07,SHAP_WS_03,SHAP_HUM_01,SHAP_TEMP_10,SHAP_WS_01,SHAP_TEMP_11
2019-04-22 10:00:00,-0.21238447427749635,14.817008781433106,-2.682947599887848,-0.30879665017127983,-25.746282196044923,-6.596399569511414,-2.955743837356567,-1.7782791413366799,-1.9957977801561355,-18.94551811218262,1.4477965593338014,-3.7110020995140074,-2.9319701910018923,3.0097835540771483,-4.361564159393311,7.0737255096435545,6.385111093521118,-1.413772487640381,9.11636643409729,0.5115613356232643,0.013019140565302201,-2.4789788365364074,3.0185200363397593,-0.17147718593478203,-5.973072075843811,-1.2342426240444182,1.5974574387073517,-3.5486663341522218
2019-04-22 11:00:00,-0.21238447427749635,12.410625076293947,-3.057175886631012,0.016527731064707014,-21.12277183532715,-6.385119056701662,-2.9881869375705716,-1.5536149241030215,-1.7104684978723526,-8.540138006210327,0.6662417769432067,-4.475892913341522,-2.508419120311737,2.524148201942444,-4.86661012172699,6.095751047134399,6.1079635381698605,-1.1366588294506073,8.039967155456543,1.2281814694404602,-0.1404656209051609,-1.6927934050559998,3.0547167778015134,0.8910191535949707,-4.399426651000977,-1.2651883780956268,1.5974574387073517,-3.714475750923156
2019-05-10 09:00:00,-0.4011018147692084,9.750939846038818,-3.057175886631012,-0.7967831671237946,-20.54483470916748,-5.680852746963501,-2.6962012052536015,-1.2676789481192823,-1.8661027513444424,-15.04350118637085,-0.11531304158270358,-2.361194217205047,-2.508419120311737,2.9187269449234012,-3.672864484786988,7.492856454849244,6.385111093521118,-0.5131532810628414,9.92366690635681,-1.638299202919006,-0.08465300276875491,-0.21869527995586396,2.982323181629181,-0.5964757233858109,3.4687985420227045,-1.0485679193399846,-0.2541080258786678,-2.719618809223175
2019-05-10 10:00:00,-0.02366714782547202,9.244333457946777,-2.682947599887848,-1.2847696781158449,-18.233081817626957,-5.328718590736389,-2.5664298474788665,-1.3902230665087698,-1.4770171284675597,-3.9877843141555784,-0.6363495975732804,-2.541168528795242,-2.9319701910018923,2.2206261456012726,-3.764691185951233,6.724448394775391,6.523684954643249,-0.3399572279304266,7.770867347717285,-0.29463636875152593,-0.2241846167249605,0.6657634586095811,3.0547167778015134,-0.3839764505624771,5.4358546257019045,-1.2032967418432237,-3.586925578117371,-3.051237672567367
2019-05-10 11:00:00,0.22795597612857815,10.004243373870851,-3.057175886631012,-0.4714587777853012,-12.74266538619995,-5.469572234153748,-2.404215395450591,-1.308527048677206,-1.373260985314846,5.1169233322143555,-2.9810140252113344,-2.8561237335205076,3.4212995767593384,1.3100602202117442,-3.9942577123641967,5.0479213953018185,5.7615286111831665,-0.028204483538866044,5.70776710510254,-0.8321015119552613,-0.4613883882761002,1.1571294277906419,3.127110221982002,-0.8089749813079834,6.616088724136352,-1.3116070702672007,-3.21661262512207,-3.6039358019828804
2019-05-10 12:00:00,0.22795597612857815,9.497636842727662,2.5562533974647526,-0.7967831671237946,-11.00885057449341,-5.821705746650696,-2.4691012799739833,-1.206406983733177,-1.1268401430919766,8.368603658676147,-2.7204957485198973,-2.991104745864868,2.5741968870162966,1.0672424100339413,-4.22382423877716,3.4412494897842407,4.098642385005951,0.1449915867298841,3.0167670845985417,-0.5633689522743225,-0.6567327201366424,1.4519490718841552,2.7289461106061936,-2.7214685201644904,6.616088724136352,-1.3116070702672007,0.4865181609988213,-3.9908249258995054
2019-05-10 13:00:00,0.22795597612857815,8.864378356933594,1.807796049118042,-0.6341209769248962,-8.697096729278565,-6.173839211463928,-2.6313154339790343,-1.2472548555582759,-1.049023124575615,10.969949245452879,-0.11531304158270358,-3.5760209560394287,3.4212995767593384,0.4905505871400237,-4.407477188110351,1.345590454339981,2.5050427436828615,0.24890914410352707,2.299167001247406,-0.20505885444581512,-0.7264984427951277,1.4519490718841552,1.8602247059345245,-2.5089689731597895,9.369967079162597,-1.3425529539585115,0.11620506774634123,-3.9908249258995054
2019-05-10 14:00:00,0.22795597612857815,9.11768217086792,2.5562533974647526,-0.4172380641102791,-6.674312543869019,-6.4555457592010494,-2.793529826402664,-1.3493749968707558,-0.9452668845653533,13.571294784545898,-0.3758313016965985,-4.115944409370423,-2.508419120311737,0.3084373891353607,-4.728870797157287,0.7867480993270874,0.42643451541662214,0.24890914410352707,0.5948668763041496,-0.20505885444581512,-0.7823110930621624,2.1398613691329955,1.0277001149952412,-0.3839764505624771,8.583144998550415,-1.3734987080097203,-0.2541080258786678,-4.101364588737487
2019-05-10 15:00:00,0.1650501977652311,9.750939846038818,-2.682947599887848,-0.4172380641102791,-5.2294658660888675,-6.948532891273499,-2.9233010530471804,-1.4514950454235074,-0.854480291903019,13.571294784545898,-0.6363495975732804,-4.655866909027099,1.7270943045616147,0.06561981849372386,-4.86661012172699,-0.5405026402324439,-0.12786099910736085,0.4913834545761347,0.05666685551404953,-0.20505885444581512,-0.8381238006055355,1.9433149278163913,-0.058201687783002866,-0.5964757233858109,9.369967079162597,-1.2032967418432237,-0.9947341799736023,-4.211904144287109
2019-05-10 18:00:00,-0.4011018147692084,11.777367496490477,-0.8118043690919876,-0.6341209769248962,-17.366173267364502,-8.920481109619141,-3.6694867312908173,-1.7374309666454792,-1.256535391509533,10.969949245452879,-8.191379356384278,-5.690719866752625,-0.39066233932971955,0.09597198301926255,-6.5654032230377215,-2.007464039325714,-2.414329890906811,0.24890914410352707,-1.737332969903946,0.6011388331651688,-0.8381238006055355,0.07612426597625017,-1.2526936084032056,-6.971453905105591,1.108330887556076,-0.011884329840540884,-8.771308612823486,-1.006254105269909
2019-05-10 19:00:00,-1.533405877649784,12.157322788238524,-0.8118043690919876,0.07074845880270003,-20.54483470916748,-9.765601539611817,-4.058800750970841,-2.002943135797977,-1.3343525186181069,5.1169233322143555,-6.628269672393799,-5.690719866752625,0.0328889651224017,0.7940726622939109,-6.840882778167725,-2.3567405581474303,-2.899338504672051,-0.23603967279195787,-0.5712332181632519,0.6011388331651688,-0.7823110930621624,0.07612426597625017,-1.5422673672437668,-6.971453905105591,-2.43237065076828,0.11189885064959526,-6.919743633270263,0.6518405668437481
2019-05-11 09:00:00,-0.5269133976660669,8.10446810722351,2.5562533974647526,0.558734980225563,-25.168341064453127,-2.5820770978927614,-1.3984869286417958,-0.6958069268614053,-1.9179807603359222,-15.04350118637085,-1.1573861360549926,-1.1463672220706937,3.4212995767593384,3.0097835540771483,-1.5608521580696106,6.445027685165405,4.999372482299804,-1.3791332304477695,9.026667547225951,1.9448015987873077,-0.056746616959571915,-1.9876128196716312,2.149798619747162,-0.3839764505624771,-4.006015872955323,-0.6772185422480106,1.5974574387073517,-1.006254105269909
2019-05-11 10:00:00,-0.5898191129672341,5.698086071014405,2.5562533974647526,0.8840593218803405,-19.099988746643067,-2.089090222120285,-1.1389441980049013,-0.5732629850506783,-1.6845293819904328,-7.239465856552124,0.6662417769432067,-1.4163287341594697,-2.084867691993714,2.3420351564884188,-1.3312855720520018,6.025895738601685,5.484381604194641,-0.9634629189968109,8.039967155456543,0.1532512407749891,-0.2241846167249605,-1.2014273405075073,2.3307823717594145,-1.2339735567569732,-2.038959288597107,-0.6772185422480106,-1.3650472342967985,-1.7247619658708573
2019-05-11 11:00:00,-0.4640075655654073,4.938175940513611,-2.3087188601493835,-0.20035517327487473,-14.476482009887695,-1.73695667386055,-0.9118442013859749,-0.4098709531186614,-1.4121695809066293,5.1169233322143555,-1.4179043412208556,-1.9112582564353944,-1.6613163828849793,1.7956954151391984,-1.9281585454940795,5.257487320899964,5.068659663200378,-0.686349231004715,6.0665671825408936,0.9594489395618438,-0.39162252843379974,-0.7100614041090011,2.58415943980217,0.2535213680937886,-0.4653141513466835,-0.8164746191352605,0.4865181609988213,-1.7247619658708573
2019-05-11 12:00:00,-0.21238447427749635,3.9249624490737913,-1.934490144252777,0.2876313528977334,-9.564004468917847,-2.6525039315223693,-0.7496299386024475,-0.2669029425829649,-1.2046572774648663,12.27062225341797,-0.11531304158270358,-2.0912327110767364,-0.39066233932971955,1.1582990858703852,-2.9841648578643807,3.7206705808639526,4.306503081321717,-0.5131532810628414,4.451967310905458,1.1386040300130842,-0.6567327201366424,-0.3169685821980238,2.366979119181633,-1.4464727640151973,3.8622095823287963,-0.9557304758578539,-0.2541080258786678,-2.2221903800964355
2019-05-11 13:00:00,-0.3381960045546293,3.0384002923965463,-0.8118043690919876,0.3960727915167809,-7.541219997406006,-4.272318243980408,-1.1713870083913207,-0.16478293314576145,-0.9841754510998726,15.522303771972656,-0.6363495975732804,-2.3162004888057712,-0.8142136931419373,0.672663863003254,-3.2596444845199586,2.463275277614594,2.782190465927124,-0.3745965097099543,2.5682669162750242,1.5864915311336518,-0.8102174073457717,0.764036676287651,1.968814954161644,-0.3839764505624771,7.796322774887085,-1.0330950690433383,-6.549429798126221,-2.719618809223175
2019-05-11 14:00:00,-0.02366714782547202,2.4051417589187625,-1.1860329568386079,0.6671764448285102,-5.8074042320251476,-4.6948782205581665,-1.917572447657585,-0.4302949460223317,-0.8933888107538224,8.368603658676147,-5.065160226821899,-2.631155776977539,-0.39066233932971955,0.15667639654129745,-3.764691185951233,0.9963139355182647,1.5350256979465486,0.006434714794158936,1.1330669581890107,-0.652946475148201,-0.8799832945689559,1.746768593788147,1.1724869966506961,-0.8089749813079834,9.369967079162597,-1.1414052341133358,-7.2900557041168215,-2.995967829227448
2019-05-11 15:00:00,0.1650501977652311,4.051613926887511,-0.8118043690919876,-0.6883416891098022,-4.651527380943298,-5.469572234153748,-2.112229895591736,-0.9000469367951153,-0.8155716672539711,9.018940448760986,-5.58619680404663,-3.2610658526420595,0.0328889651224017,-0.05578902084380386,-3.948344326019287,-0.12137087117880582,0.07999991299584507,0.3528267227113247,-0.3918331980705262,-0.652946475148201,-0.7264984427951277,2.1398613691329955,0.5209459589328617,-4.421462655067445,5.4358546257019045,-1.0485679193399846,-3.586925578117371,-3.3828564465045927
2019-05-23 14:00:00,0.22795597612857815,6.4579963207244875,-1.1860329568386079,-0.7967831671237946,-7.252250671386719,-7.018959951400757,-2.598872721195222,-0.9613189883530142,-0.9322974398732186,2.5155781507492065,-0.6363495975732804,-3.980963444709778,-2.084867691993714,0.6423116244375706,-5.279830551147461,0.4374716386198999,1.0500170588493347,-0.028204483538866044,1.5815669357776643,-1.4591441452503204,-0.6148731514811516,0.6657634586095811,0.846716544777155,-1.6589720726013184,3.0753870964050294,-1.094986603036523,-5.068178248405458,-3.3828564465045927
2019-05-24 15:00:00,0.29086177200078966,3.1650521039962767,2.1820247650146483,-0.7425623834133148,4.88445737361908,-5.328718590736389,-1.9824583113193512,-0.4302949460223317,-0.36163853406906127,-1.3864394862204792,-7.930861949920654,-3.126085031032563,3.4212995767593384,-0.9967072606086731,-4.040170955657959,-2.007464039325714,-0.9593042865395546,0.4913834545761347,-3.7107333660125734,-1.3695666968822473,-0.5451072944328189,2.2381346344947817,-0.09439842663705349,-4.421462655067445,10.15679039955139,-0.8938389592804015,-8.030682277679443,-2.885428237915039
2019-05-24 16:00:00,0.3537675574421883,4.051613926887511,2.5562533974647526,-1.1221074163913727,5.173426818847656,-5.892132592201232,-2.404215395450591,-0.9408949162811044,-0.3356995489448309,-1.3864394862204792,-6.107233047485352,-3.5310274720191956,2.9977481365203857,-1.300229436159134,-4.499304032325744,-3.893557047843933,-2.899338504672051,0.5260227050632238,-3.800433373451233,-1.3695666968822473,-0.5172010412439704,2.3364077687263487,-0.7821362495422364,-6.758954429626465,9.763378238677978,-0.6307998597621918,-5.808803844451904,-2.498539501428604
2019-05-25 09:00:00,-0.1494786933064461,6.584647512435913,2.5562533974647526,-0.36301733255386354,-13.60957374572754,-0.11714231595396998,-0.03588710855692624,-0.2669029425829649,-1.4770171284675597,-13.092492580413818,-0.896867859363556,1.643235546350479,2.9977481365203857,1.947456380724907,0.18385370634496218,4.768500351905823,3.54434677362442,-0.47851408272981644,6.425367069244385,-1.3695666968822473,-0.21023141872137785,-0.02214889696333559,1.2448804870247843,-1.021474266052246,1.8951533317565918,-0.16661322191357614,2.338083422183991,0.15441241338849068
2019-05-25 10:00:00,-0.02366714782547202,3.0384002923965463,2.1820247650146483,-1.1221074163913727,-7.252250671386719,0.5871247198432684,-0.00344434436410668,0.2845451196655631,-1.165748631209135,-5.938793182373047,1.187278324365616,0.6533764809370041,-2.9319701910018923,1.3100602202117442,0.27568030034890395,4.0000920534133915,3.8214945793151855,-0.2706788063049316,4.900467109680176,-1.638299202919006,-0.26604411080479623,0.2726706497371197,1.5706510409712793,-1.021474266052246,5.042443823814392,-0.27492339969612656,1.9677703380584717,0.09914241591468453
2019-05-25 11:00:00,-0.02366714782547202,-0.38119556712917985,-3.057175886631012,-1.2847696781158449,-2.0508044719696046,0.7279781419783831,0.32098420113325127,0.30496913157403477,-0.8804193794727325,2.5155781507492065,0.9267600119113922,0.023466074839234363,-2.084867691993714,0.5816072523593903,0.3215936679393053,2.8125517845153807,3.059338402748108,-0.16676131561398505,3.0167670845985417,-0.11548134558834133,-0.4195289000868797,1.058856201171875,1.7154379606246948,0.6785198599100114,5.829266095161438,-0.38323369622230524,0.11620506774634123,-0.2877464465796947
2019-05-25 12:00:00,-0.08657290665432808,-0.507847098633647,-2.3087188601493835,-0.36301733255386354,4.59548783302307,0.7984049573540688,0.3858699262142181,0.5092091338708997,-0.6469679951667786,9.66927661895752,-0.3758313016965985,-1.4613222777843475,-1.2377650260925293,-0.0861412323080003,-0.13753948211669922,1.345590454339981,1.8814602017402648,0.11035234229639172,0.8639669477939605,-0.921679025888443,-0.6009200289845467,1.2554026663303375,1.3172738656401635,0.4660206243395805,7.796322774887085,-0.5689083859324455,0.11620506774634123,-0.674635173380375
2019-05-25 13:00:00,-0.21238447427749635,-1.7743642300367355,-1.5602615237236026,-0.8510038316249847,4.59548783302307,0.0941377654671669,0.41831276938319206,0.5500570943579078,-0.34866899996995926,14.221631240844726,-0.3758313016965985,-1.9112582564353944,-1.2377650260925293,-0.632480937242508,-1.1476323187351227,-0.33093674629926684,0.42643451541662214,0.17963071614503862,-1.1094331830739974,-0.3842139005661011,-0.7544047895818948,1.746768593788147,0.7019296068698168,-0.5964757233858109,7.402911281585693,-0.7081643782556057,-0.2541080258786678,-1.3378730773925782
2019-05-25 14:00:00,-0.4640075655654073,-2.027667650580406,-1.5602615237236026,-0.5256795167922974,6.6182726383209225,-1.4552497506141666,0.09388421438634394,0.5704811748117209,-0.34866899996995926,20.724994468688966,-0.6363495975732804,-2.1812197387218473,1.7270943045616147,-1.3305815637111662,-1.7904186844825745,-1.8677532911300658,-1.2364518105983735,0.3528267227113247,-2.724033260345459,-0.29463636875152593,-0.8520769014954567,1.6484954416751862,-0.058201687783002866,-0.5964757233858109,8.189733457565307,-0.7700559724122286,-10.622874116897583,-1.8353016436100007
2019-05-26 07:00:00,-0.3381960045546293,9.11768217086792,1.807796049118042,1.1009421288967132,-19.099988746643067,-0.9622628480195999,-0.9767299383878708,-0.7570789311081171,-1.7104684978723526,-19.595853805541992,1.4477965593338014,2.543107324838638,2.5741968870162966,2.1599217474460604,0.2297670166939497,2.602986013889313,1.2578778684139251,-1.8640820324420928,5.1695671558380125,3.736352002620697,-0.0288403119891882,-2.4789788365364074,0.1589787267614156,1.7410163521766662,-3.2191927433013916,0.17379040527157485,1.5974574387073517,1.757237195968628
2019-05-26 08:00:00,-0.02366714782547202,6.078040885925295,1.807796049118042,1.968473917245865,-14.476482009887695,0.6575515302334679,-0.3927585661411286,-0.3077508952468634,-1.4121695809066293,-7.239465856552124,0.6662417769432067,2.318139338493347,2.9977481365203857,1.8563998490571976,0.2297670166939497,3.022117781639099,1.6735995531082153,-1.1366588294506073,5.528367400169373,1.049026420712471,-0.12651246562600135,-1.004880928993225,0.37615907005965715,0.8910191535949707,-0.07190303895622494,0.08095304593443872,0.4865181609988213,1.315078577399254
2019-05-26 09:00:00,0.10214442545548079,3.2917037487030028,2.1820247650146483,0.3418520800769329,-8.408127927780153,0.6575515302334679,0.3534270666539669,0.059881094098091114,-1.2046572774648663,-0.7361030511558055,-0.11531304158270358,1.868203404545784,2.9977481365203857,1.1582990858703852,0.551160205155611,3.3015389442443848,2.0893210887908937,-0.6170709133148193,4.631367588043213,0.06367369638755915,-0.39162252843379974,-0.21869527995586396,0.5933393501676619,0.2535213680937886,1.108330887556076,-0.02735719019547104,-0.6244210921227932,0.9834596410393717
2019-05-26 10:00:00,0.10214442545548079,1.0119732290506362,2.1820247650146483,-0.2545758977532387,-2.0508044719696046,1.1505384773015979,0.3534270666539669,0.5296331997960806,-0.9322974398732186,10.969949245452879,-0.896867859363556,1.1483058258891106,2.5741968870162966,0.672663863003254,0.7807267371565103,2.602986013889313,2.366468942165375,-0.3399572279304266,2.5682669162750242,-1.3695666968822473,-0.5311541958595626,0.07612426597625017,0.8105198182165623,-0.3839764505624771,3.0753870964050294,-0.10472166053950789,1.9677703380584717,0.596570753864944
2019-05-26 11:00:00,0.1650501977652311,-1.9010155588388442,1.807796049118042,-1.1221074163913727,3.7285808324813843,1.5026718974113462,0.5805271241581067,0.5296331997960806,-0.6469679951667786,19.424320793151853,0.9267600119113922,0.29342766106128687,-2.084867691993714,0.035267585515975954,0.551160205155611,0.9963139355182647,1.6735995531082153,-0.23603967279195787,1.1330669581890107,-0.652946475148201,-0.7823110930621624,0.5674902377650142,0.9553066588938236,-1.021474266052246,4.649032092094421,-0.1975589789450169,0.8568311586976052,0.3202217066660523
2019-05-26 12:00:00,0.1650501977652311,-1.9010155588388442,-2.3087188601493835,-0.6883416891098022,7.774149847030641,1.1505384773015979,0.7427413657307624,0.6726011561229825,-0.38757754415273665,23.326339340209962,0.14520520144142204,-0.56145055196248,-0.39066233932971955,-0.632480937242508,0.09202705249190327,-0.12137087117880582,0.07999991299584507,-0.06284368308261037,-0.7506331108510494,0.1532512407749891,-0.9637024324387312,0.9605830729007723,0.5933393501676619,0.4660206243395805,5.829266095161438,-0.290396336838603,-0.6244210921227932,-0.011397339403629306
2019-05-26 13:00:00,0.03923864115495234,-2.7875778138637544,-0.8118043690919876,-0.20035517327487473,12.108687973022459,0.4462712988257408,0.5805271241581067,0.7747211275622248,-0.20600437000393867,29.829700088500978,-0.896867859363556,-1.0113864094018938,0.0328889651224017,-1.2395249605178833,-0.6425858914852143,-1.5883320212364194,-1.0285911232233047,0.07571312980726361,-2.724033260345459,0.06367369638755915,-1.0474212802946568,1.2554026663303375,-0.239185293763876,-0.17147718593478203,5.829266095161438,-0.38323369622230524,-1.3650472342967985,-0.3430161789059639
2019-05-26 14:00:00,-0.21238447427749635,-3.4208363056182867,-0.43757570534944534,-0.2545758977532387,12.108687973022459,-0.6805560365319252,0.2560984961688519,0.6726011561229825,-0.011461632046848524,41.53575592041015,-1.4179043412208556,-1.371335208415985,-0.39066233932971955,-1.6644557714462276,-1.514938694238663,-3.125148916244507,-2.483616827428341,0.17963071614503862,-4.518033242225647,0.06367369638755915,-1.1869529452174903,1.2554026663303375,-0.8183328837156296,-1.021474266052246,6.616088724136352,-0.4451251938939095,-3.957238864898683,-0.674635173380375
2019-05-27 08:00:00,-1.2188770063221452,3.7983106136322022,1.4335674583911895,0.7756178647279739,-11.586789512634278,1.432245236635208,0.2560984961688519,0.059881094098091114,-1.3084134876728055,-21.54686164855957,1.9688332557678223,2.543107324838638,1.3035429179668425,1.4921733424067496,1.423513132333755,2.0441434502601625,0.8421561107039451,-0.9981018841266632,4.182867097854614,2.57184442281723,0.11069134175777436,-1.4962470710277556,0.05038844048976897,0.8910191535949707,-4.399426651000977,0.2202090449631214,1.5974574387073517,2.2546656668186187
2019-05-27 09:00:00,-0.7785364713519811,1.0119732290506362,0.6851102650165558,1.263604426383972,-5.2294658660888675,2.488645541667938,0.7102984957396984,0.4683610824868084,-1.0749620672315359,-9.190474224090577,0.6662417769432067,2.6780878782272337,2.9977481365203857,0.9154814809560776,1.423513132333755,2.2537093877792356,1.1193039923906327,-0.7902669161558151,3.5549673080444335,0.4219837926328182,-0.08465300276875491,-1.2997005224227904,0.1589787267614156,1.3160176813602447,-1.2521368622779847,0.14284459687769413,2.708396410942078,1.4808879405260087
2019-05-27 10:00:00,-0.4640075655654073,-1.5210608020424843,2.1820247650146483,-0.037693000398576246,0.2609496025368571,2.488645541667938,1.1969413042068482,0.7542972523719073,-0.7896326661109925,5.1169233322143555,1.4477965593338014,2.2281520903110503,2.9977481365203857,0.3691418133676051,0.9643799304962158,1.7647223234176637,1.3271648645401002,-0.7209883540868759,1.8506669580936432,0.7802938282489776,-0.3497631072998047,-0.5135148927569391,0.3037655308842659,0.2535213680937886,1.501742160320282,0.08095304593443872,1.5974574387073517,1.2045390099287032
2019-05-27 11:00:00,-0.5269133976660669,-3.2941847920417784,2.1820247650146483,0.17918990850448607,8.063119268417358,1.784378856420517,1.1969413042068482,1.0606573194265365,-0.5432117968797684,16.822974300384523,0.6662417769432067,1.0583188224583864,1.3035429179668425,-0.2986066522076726,0.7807267371565103,0.4374716386198999,0.8421561107039451,-0.4438748858869076,0.2360670190071687,0.5115613356232643,-0.6567327201366424,0.17439742870628838,0.4123557759448886,0.8910191535949707,3.0753870964050294,-0.0583029817789793,1.227144366502762,0.9834596410393717
2019-06-02 12:00:00,0.22795597612857815,5.4447825908660885,-3.057175886631012,-1.0678867220878603,-15.054419803619387,-3.6384777426719666,-1.4309298738837242,-0.71623093187809,-1.3473219498991968,-5.288457345962525,-0.3758313016965985,-1.821271151304245,-0.8142136931419373,1.006538026034832,-2.938251304626465,2.3934199929237367,2.158608043193817,-1.1366588294506073,3.465267205238342,-0.11548134558834133,-0.3497631072998047,-2.2824322819709777,1.0638968028128146,0.04102208288386462,-6.759894561767578,-0.4760710313916208,0.4865181609988213,-1.006254105269909
2019-06-06 12:00:00,0.1650501977652311,5.4447825908660885,2.5562533974647526,-0.36301733255386354,3.4396116018295286,-3.2159174203872682,-1.301158530265093,-0.5324150029569864,-0.6339984327554703,5.1169233322143555,-3.502050590515137,-1.641296672821045,-2.9319701910018923,-0.3289589315652847,-2.38729168176651,0.7168928086757662,0.4957215264439583,-0.582431684434414,0.05666685551404953,-0.47379143834114074,-0.5590605236589908,-0.3169685821980238,0.4485525155439973,-2.5089689731597895,1.108330887556076,-0.3368149891495705,-6.179117727279663,-0.3430161789059639
2019-07-25 11:00:00,-0.1494786933064461,0.7586698301136494,2.5562533974647526,-0.4172380641102791,3.7285808324813843,0.23499123975634575,0.3534270666539669,0.5500570943579078,-0.711815571784973,-17.64484634399414,2.2293513774871827,0.6533764809370041,-1.6613163828849793,-0.14684563064947725,-0.18345274552702903,-1.0993451535701753,-1.0285911232233047,-1.794803711771965,-1.0197331577539444,0.7802938282489776,0.12464451044797906,-3.4617106676101685,-0.7097427174448968,-2.5089689731597895,-8.726951074600219,0.45230244398117064,-3.21661262512207,2.6415544211864472
2019-07-31 10:00:00,-0.2752902463078499,-4.560701656341553,1.807796049118042,-0.20035517327487473,10.95281047821045,3.122486042976379,1.2942697852849963,0.9381131434813138,-0.2967909622937441,-15.693837070465088,1.4477965593338014,1.9131968289613723,-0.39066233932971955,-0.9360030263662338,1.4694265097379682,-1.6581874251365663,-2.483616827428341,-1.413772487640381,-2.365233254432678,-1.638299202919006,0.08278500661253925,-2.380705630779267,-1.7232513308525086,0.8910191535949707,-8.33353943824768,0.7617603570222855,-0.2541080258786678,3.581141120195389
2019-08-01 12:00:00,0.22795597612857815,-6.713780355453491,-2.682947599887848,0.23341062162071463,16.73219575881958,2.981632959842682,1.6186982959508893,1.2444733203388751,0.0404165502637625,2.5155781507492065,0.14520520144142204,1.5982417821884156,-1.2377650260925293,-1.9679779052734372,1.561252892017364,-4.2428340196609495,-4.492938220500947,-0.9288235694169998,-5.504732966423034,-0.11548134558834133,-0.4892946831882,-1.5945202171802522,-2.121415102481842,-0.17147718593478203,-2.8257815003395086,0.7617603570222855,0.11620506774634123,3.4153319239616393
2019-08-01 14:00:00,0.03923864115495234,-6.840432071685791,2.5562533974647526,-0.20035517327487473,16.73219575881958,1.854805487394333,1.2942697852849963,1.2036252322606746,0.3127762660384178,6.417596244812012,-1.9389408111572266,0.9683316251263022,-1.6613163828849793,-2.605374121665954,0.4593336258083582,-6.198782348632813,-6.155824315547943,-0.582431684434414,-7.478133583068848,0.6011388331651688,-0.6846389535814523,-1.004880928993225,-2.953939813375473,-0.5964757233858109,-4.399426651000977,0.7927059754729271,-0.6244210921227932,3.470601809024811
2019-08-01 15:00:00,0.03923864115495234,-6.080522251129151,-1.934490144252777,0.07074845880270003,15.865288257598877,1.0096849501132965,0.9049556002020835,1.1219291924498977,0.1960507974028589,9.018940448760986,-0.896867859363556,0.698370061814785,-1.2377650260925293,-2.8785438179969796,-0.18345274552702903,-6.827480173110962,-7.056555199623108,-0.6170709133148193,-8.554533195495605,0.8698713570833206,-0.6846389535814523,-1.2997005224227904,-3.496890872716903,-1.871471357345581,-4.399426651000977,0.8700704365968704,-2.10567342042923,3.5258717477321624
2019-08-02 08:00:00,-0.2752902463078499,-2.9142294406890867,2.930482029914856,-0.2545758977532387,2.5727030277252196,3.6154733180999754,1.3267125725746152,0.9585372410714627,-0.5821203529834748,-31.301908493041992,1.9688332557678223,4.387844669818878,2.9977481365203857,-0.45036771446466445,2.571345829963684,-2.566306269168854,-3.4536343693733214,-1.794803711771965,-2.09613322019577,1.855224061012268,0.26417610198259356,-3.559984040260315,-2.193808442354203,2.803512525558472,-12.267652034759521,1.1640553503646514,1.9677703380584717,5.0734269380569454
2019-08-02 09:00:00,-0.2752902463078499,-4.560701656341553,2.1820247650146483,0.8298385262489318,5.751364994049072,4.249313879013061,1.7160268932580949,1.1423532876186075,-0.4394557461142541,-20.24619216918945,0.9267600119113922,3.352991783618927,2.1506455540657043,-0.7842419236898422,2.1581261932849887,-2.6361616015434266,-3.4536343693733214,-1.5176900267601012,-2.1858330488204953,1.3177589893341064,0.12464451044797906,-3.2651643991470336,-2.085218447446823,1.3160176813602447,-9.907184648513795,1.0712180107831952,0.8568311586976052,4.852347481250763
2019-08-02 10:00:00,-0.21238447427749635,-5.70056676864624,1.4335674583911895,0.5045142479240894,8.641057872772217,3.6154733180999754,2.0080126941204073,1.3874412587843834,-0.2967909622937441,-1.3864394862204792,0.14520520144142204,2.90305604338646,-2.9319701910018923,-1.1181162238121034,2.0203861474990843,-2.706017172336579,-3.5229206681251526,-1.413772487640381,-3.1725333333015437,-0.11548134558834133,-0.11255926266312599,-2.675525403022766,-2.085218447446823,0.4660206243395805,-8.33353943824768,0.962907750159502,3.0787097692489627,4.520728456974029
2019-08-02 11:00:00,-0.02366714782547202,-7.220387196540832,-3.057175886631012,-0.36301733255386354,15.865288257598877,3.4041929483413695,1.7160268932580949,1.5712575078010558,-0.1670957863330841,14.871966743469239,1.7083148658275604,2.543107324838638,3.4212995767593384,-1.4519903898239137,2.663172483444214,-3.4744254112243653,-3.5922078132629394,-1.2059372961521146,-4.15923318862915,0.24282875101198442,-0.5172010412439704,-2.2824322819709777,-2.121415102481842,-0.17147718593478203,-6.366482830047607,0.901016092300415,0.4865181609988213,4.133839511871338
2019-08-02 12:00:00,0.03923864115495234,-8.360252189636231,2.5562533974647526,-0.1461344512179494,18.177043628692626,4.390166687965393,1.6186982959508893,1.3874412587843834,0.1571422263979912,16.822974300384523,-0.11531304158270358,2.363132864236832,-2.508419120311737,-1.7555124938488003,1.6071662843227386,-4.2428340196609495,-4.354364448785782,-1.0673804491758347,-5.145933437347413,2.213534080982208,-0.8660301845520735,-1.791066539287567,-2.157611727714538,1.103518509864807,-2.038959288597107,0.8545975491404534,-0.6244210921227932,3.9127603709697723
2019-08-02 13:00:00,0.03923864115495234,-7.220387196540832,-2.682947599887848,1.0467215090990067,18.177043628692626,2.7703527927398675,2.0728982612490654,1.3261693437583744,0.26089837104082114,20.724994468688966,-0.896867859363556,2.0031840085983275,-2.508419120311737,-2.5143175363540644,1.1480332076549529,-5.011241865158081,-5.116520857810975,-0.8941844880580903,-6.042933678627015,1.855224061012268,-0.9078895973507315,-0.7100614041090011,-2.5557757019996643,-0.3839764505624771,-3.2191927433013916,0.8545975491404534,-0.6244210921227932,3.746950978040695
2019-08-09 11:00:00,-0.21238447427749635,-7.220387196540832,2.930482029914856,-1.6100940763950349,14.70941095352173,2.488645541667938,1.8133555248379707,1.4078652360476553,-0.08927857801318169,-13.092492580413818,-0.3758313016965985,1.4632610380649567,1.3035429179668425,-1.2698771476745605,1.1480332076549529,-3.1950042963027956,-3.5922078132629394,-1.1366588294506073,-3.8901331424713135,-0.742523941397667,-0.12651246562600135,-1.8893397212028504,-1.9766282379627227,1.9535154104232793,-5.973072075843811,0.901016092300415,-0.6244210921227932,3.746950978040695
2019-08-10 11:00:00,-0.1494786933064461,-7.093736004829407,2.5562533974647526,-0.6883416891098022,11.241780948638915,3.4041929483413695,1.8133555248379707,1.550833434937522,-0.2319434038363397,-26.099215507507324,-2.199459135532379,1.553248250484467,0.0328889651224017,-1.3305815637111662,1.4694265097379682,-3.2648593902587892,-3.3843470185995104,-1.1366588294506073,-3.441633415222168,-0.47379143834114074,0.11069134175777436,-2.5772519588470457,-1.8680379152297975,1.3160176813602447,-7.9401280879974365,0.9474348649382591,-4.697864961624147,3.9127603709697723
2019-08-24 12:00:00,0.03923864115495234,3.2917037487030028,2.930482029914856,0.07074845880270003,1.1278571307659149,-1.6665298461914062,-0.7496299386024475,-0.10351094417273998,-0.5821203529834748,-4.6381209135055546,0.9267600119113922,-0.06652102982625366,2.5741968870162966,-0.4200154900550842,-1.2853722572326662,-1.2390557289123536,-1.2364518105983735,-1.1366588294506073,-0.7506331108510494,-1.7278766751289365,-0.26604411080479623,-2.1841591596603394,-0.7097427174448968,2.591013336181641,-5.973072075843811,0.3594650343060493,1.9677703380584717,2.4204752683639525
2019-08-24 13:00:00,-0.2752902463078499,2.0251867175102234,1.807796049118042,-1.3389904320240023,2.861672973632812,-1.6665298461914062,-0.7171871036291123,-0.16478293314576145,-0.5043032562360168,-2.687112069129944,0.9267600119113922,-0.06652102982625366,0.0328889651224017,-0.7842419236898422,-1.4690253913402556,-1.5883320212364194,-2.1371822737157347,-1.0327412694692613,-2.09613322019577,-0.652946475148201,-0.44743525236845016,-1.6927934050559998,-0.926923081278801,0.4660206243395805,-7.153305196762085,0.2975735515356064,-2.10567342042923,1.978316593170166
2019-08-25 14:00:00,0.3537675574421883,-1.9010155588388442,-2.682947599887848,-0.4714587777853012,5.751364994049072,-0.6805560365319252,0.028998529259115453,0.5092091338708997,-0.4264861702919006,-3.337448024749757,-0.6363495975732804,-0.426469736546278,-0.8142136931419373,-0.9663550794124603,-0.7803258657455444,-2.217029905319214,-1.8600344385951757,-0.7209883540868759,-2.724033260345459,0.06367369638755915,-0.4195289000868797,-0.8083345770835877,-0.31157872825860977,-1.021474266052246,-1.2521368622779847,-0.2285047156736255,1.5974574387073517,0.043872546032071115
2019-09-02 10:00:00,-0.08657290665432808,-0.7611506000161171,2.5562533974647526,0.3418520800769329,-0.028019634634256364,1.5026718974113462,0.1587699219584465,0.4683610824868084,-0.854480291903019,-17.64484634399414,0.4057234704494476,1.1932995550334453,-2.084867691993714,0.24773297309875492,0.09202705249190327,0.5073268920183182,-0.40500861806795,-1.6216076612472534,1.1330669581890107,2.034379082918167,-0.0009339358657598051,-3.068618047237396,-0.7097427174448968,0.2535213680937886,-9.120362663269043,0.436829486489296,2.338083422183991,2.4757451772689816
2019-09-02 11:00:00,-0.08657290665432808,-1.5210608020424843,-2.3087188601493835,0.9382799744606019,4.306518793106079,0.4462712988257408,0.7427413657307624,0.4070891685783863,-0.5561813935637474,-9.84081048965454,1.187278324365616,0.7883571699261666,-2.9319701910018923,-0.14684563064947725,0.18385370634496218,-0.12137087117880582,-0.40500861806795,-1.3444939672946927,-0.12273305207490921,-0.5633689522743225,-0.16837197691202163,-2.4789788365364074,-0.4925623521208763,0.04102208288386462,-7.153305196762085,0.3594650343060493,1.5974574387073517,2.2546656668186187
2019-09-10 12:00:00,0.1650501977652311,-6.967083501815796,-2.682947599887848,-1.6643146812915801,13.264564800262452,3.967606806755066,2.0728982612490654,1.5712575078010558,-0.011461632046848524,-12.442155361175537,-2.459977614879608,2.0031840085983275,-2.508419120311737,-1.816216903924942,1.8367329657077789,-2.706017172336579,-2.7607648253440855,-0.7902669161558151,-4.069533562660217,-0.742523941397667,-0.070699792355299,-1.2997005224227904,-1.3612837135791778,-0.17147718593478203,-2.8257815003395086,0.6225042417645454,1.227144366502762,3.138982832431793
2019-09-10 13:00:00,0.22795597612857815,-8.360252189636231,-2.682947599887848,-0.7425623834133148,14.998379898071288,3.122486042976379,1.8782411247491837,1.6121052192989738,0.0404165502637625,-2.687112069129944,0.4057234704494476,1.553248250484467,-2.084867691993714,-2.119738781452179,1.0562067866325378,-4.172978305816651,-3.5922078132629394,-0.7209883540868759,-6.222333788871765,-0.7723832070827484,-0.27999729216098784,-0.9066077709197998,-1.7232513308525086,-2.2964698314666743,-2.038959288597107,0.6225042417645454,1.227144366502762,2.9179033339023586
2019-09-10 14:00:00,0.22795597612857815,-8.613555097579956,-2.3087188601493835,-0.7606360614299775,19.043949604034424,1.9252321779727937,1.4889271259307861,1.4895611612591895,0.11823362261056909,5.1169233322143555,0.4057234704494476,1.0583188224583864,1.3035429179668425,-2.2411476492881772,0.5052468955516816,-5.849505376815797,-5.0472334146499644,-0.582431684434414,-7.119333791732788,-0.8022422313690185,-0.4892946831882,-0.7100614041090011,-2.157611727714538,0.04102208288386462,-1.2521368622779847,0.5296668320894241,0.8568311586976052,2.9179033339023586
2019-09-10 15:00:00,0.1650501977652311,-7.853645658493042,0.6851102650165558,-0.7787095725536346,16.73219575881958,1.080111712217331,0.9373985141515732,1.2444733203388751,0.29980689436197283,8.368603658676147,0.14520520144142204,0.7433635458350182,3.4212995767593384,-2.4232609510421756,0.2297670166939497,-6.54805817604065,-6.71012020111084,-0.5131532810628414,-7.478133583068848,-0.8321015119552613,-0.6567327201366424,-0.5135148927569391,-2.9177427649497982,0.04102208288386462,-2.8257815003395086,0.5451397389173508,1.5974574387073517,2.5862843811511995
2019-09-11 11:00:00,-0.3381960045546293,-5.70056676864624,2.1820247650146483,-0.1461344512179494,0.8388879984617233,3.6154733180999754,1.975569762289524,1.264897202141583,-0.6988460659980774,-16.994510459899903,1.9688332557678223,2.2731458067893984,-1.6613163828849793,0.004915407299995428,2.2499527096748357,-0.4706474586389959,-0.8207304030656815,-1.6562467843294144,0.05666685551404953,-0.20505885444581512,0.05487862266600137,-3.4617106676101685,-0.7097427174448968,1.3160176813602447,-11.087418413162231,0.2975735515356064,3.0787097692489627,1.701967290043831
2019-09-11 12:00:00,-0.3381960045546293,-6.460476732254028,-1.934490144252777,-0.4172380641102791,3.1506420850753787,3.7563265800476073,1.7160268932580949,1.550833434937522,-0.5172727523371577,-7.889802074432373,1.7083148658275604,1.8232095569372178,-1.2377650260925293,-0.511072090268135,1.4694265097379682,-0.9596345216035843,-1.375025813281536,-1.483050733804703,-0.8403330326080323,-0.3842139005661011,-0.1823250837624073,-2.9703447818756104,-0.7097427174448968,1.3160176813602447,-9.513772821426391,0.26662772521376615,1.9677703380584717,1.757237195968628
2019-10-02 10:00:00,-0.02366714782547202,2.785097026824951,2.1820247650146483,0.5045142479240894,-12.164728164672852,-0.32842245101928713,-0.29543000608682635,-0.0013908855617046501,-1.386230510473251,-21.54686164855957,-0.3758313016965985,-0.06652102982625366,2.5741968870162966,1.6135822415351868,-0.3671059675514698,3.022117781639099,2.158608043193817,-1.829442912340164,5.1695671558380125,0.5115613356232643,0.12464451044797906,-3.3634378552436828,0.8105198182165623,0.4660206243395805,-9.120362663269043,-0.15114025324583052,1.9677703380584717,0.3202217066660523
2019-10-02 11:00:00,-0.08657290665432808,1.3919282495975496,1.807796049118042,0.016527731064707014,-7.541219997406006,-0.25799573101103307,-0.1007728073745966,0.12115304619073868,-1.100901101902127,-7.239465856552124,0.9267600119113922,-0.56145055196248,2.1506455540657043,1.09759470410645,-0.5966725841164588,3.022117781639099,2.0893210887908937,-1.448411640524864,3.9137671709060675,2.57184442281723,-0.08465300276875491,-2.4789788365364074,0.846716544777155,-0.5964757233858109,-5.973072075843811,-0.2594505235552788,0.8568311586976052,0.15441241338849068
2019-10-02 12:00:00,-0.21238447427749635,0.6320181388407946,1.4335674583911895,1.263604426383972,-5.8074042320251476,-0.6101292986422777,-0.06832998897880316,0.24369716998189692,-0.8933888107538224,-0.08576692324131727,0.14520520144142204,-1.1913608402013778,-2.508419120311737,0.4298461960628629,-1.1476323187351227,2.0441434502601625,2.0893210887908937,-1.1366588294506073,2.3888669848442077,-1.7278766751289365,-0.39162252843379974,-1.6927934050559998,0.8105198182165623,0.4660206243395805,-4.792838025093078,-0.290396336838603,2.338083422183991,-0.232476656883955
2019-10-02 13:00:00,-0.21238447427749635,-0.12789215948432683,-2.682947599887848,-1.3389904320240023,-0.6059582442045212,-1.4552497506141666,-0.23054426088929175,0.2641210913658142,-0.8155716672539711,7.067932271957398,1.187278324365616,-1.506315940618515,-0.39066233932971955,-0.05578902084380386,-1.882245326042175,0.856603330373764,1.1193039923906327,-0.8595452934503556,0.41546691246330736,1.049026420712471,-0.5451072944328189,-1.3979737341403962,0.8105198182165623,-0.17147718593478203,-1.2521368622779847,-0.38323369622230524,0.4865181609988213,-0.3430161789059639
2019-10-02 14:00:00,-0.02366714782547202,-0.25454349294304845,-0.8118043690919876,0.3418520800769329,1.416826629638672,-2.5820770978927614,-0.6198585003614426,0.16200110986828803,-0.5821203529834748,9.018940448760986,-0.11531304158270358,-1.686290192604065,-0.8142136931419373,-0.23790223933756352,-2.38729168176651,-0.6802131742238998,-0.05857395231723783,-0.7556276857852936,-1.0197331577539444,1.7656466007232665,-0.6985921440646052,-0.5135148927569391,0.3037655308842659,0.6785198599100114,0.7149194955825806,-0.3987065330147743,2.338083422183991,-0.674635173380375
2019-10-02 15:00:00,-0.1494786933064461,0.37871472705155607,-1.1860329568386079,0.7756178647279739,0.8388879984617233,-3.356770730018616,-1.1389441980049013,-0.0830868873745203,-0.49133374243974687,14.221631240844726,1.187278324365616,-1.9562519371509555,0.0328889651224017,-0.7842419236898422,-3.0300778388977045,-1.7978980660438537,-1.5828866343945263,-0.4438748858869076,-1.557933157682419,-0.47379143834114074,-0.7404516322538257,-0.02214889696333559,-0.31157872825860977,-0.3839764505624771,-0.07190303895622494,-0.38323369622230524,-2.846299600601197,-0.7299049682915211
